"Post ID","Page ID","Page name",Title,Description,"Duration (sec)","Publish time","Caption type",Permalink,"Is crosspost","Is share","Post type",Languages,"Custom labels","Funded content status","Data comment",Date,"3-second video views","1-minute video views","3-Second viewers","1-minute viewers","3-second video views from Boosted posts","3-second video views from Organic posts","1-minute video views from Recommendations","1-minute video views from Shares","1-minute video views from Followers","1-minute video views from Boosted posts","Seconds viewed from Recommendations","Seconds viewed from Shares","Seconds viewed from Followers","Seconds viewed from Boosted posts","Average Seconds viewed from Recommendations","Average Seconds viewed from Shares","Average Seconds viewed from Followers","Average Seconds viewed from Boosted posts","Reactions, Comments and Shares",Reactions,Comments,Shares,"Seconds viewed","Average Seconds viewed","Estimated earnings (USD)","Ad CPM (USD)","Ad impressions"
1526198935875552,100054563795107,"Almaíso at Finca El Drago","Scott is the kind of person who turns ideas into something real.

A path.
A garden bed.
A tree finding its place.
A structure built by hand.

With a background in fine arts, carpentry, landscaping and years of creating his own projects, he brings imagination, skill and a hands-on spirit to Almaíso.

Today, much of his care goes into Almaíso Verde, where he plants, builds and helps create the conditions for life to grow.

What makes Scott’s presence so special is not only what he creates, but the energy he brings while creating it.

Humour.
Attention.
Lightness.
A simple joy in being close to the land.

He reminds us that reconnecting with nature does not need to be complicated. Sometimes it begins with noticing what is already growing, laughing together and caring for one small thing at a time.

We feel grateful to have Scott guiding this green part of Almaíso.

Because he does not only help plants grow.

He helps this vision take root.

Thank you, Scott, for caring for Almaíso Verde with so much patience, love and joy.

—

Scott es una de esas personas que transforma las ideas en algo real.

Un camino.
Un bancal.
Un árbol encontrando su lugar.
Una estructura hecha con sus propias manos.

Con formación en bellas artes, carpintería, paisajismo y años creando sus propios proyectos, trae a Almaíso imaginación, oficio y una energía muy práctica.

Hoy, gran parte de su cuidado está en Almaíso Verde, donde planta, construye y ayuda a crear las condiciones para que la vida crezca.

Lo que hace tan especial la presencia de Scott no es solo lo que crea, sino la energía que trae mientras lo crea.

Humor.
Atención.
Ligereza.
Una alegría simple de estar cerca de la tierra.

Nos recuerda que reconectar con la naturaleza no tiene por qué ser complicado. A veces empieza por mirar lo que ya está creciendo, reír juntos y cuidar una pequeña cosa a la vez.

Nos sentimos agradecidos de tener a Scott guiando esta parte verde de Almaíso.

Porque no solo ayuda a que las plantas crezcan.

Ayuda a que esta visión eche raíces.

Gracias, Scott, por cuidar Almaíso Verde con tanta paciencia, amor y alegría.

#Almaíso #community #permakultur #permaculture #sostenibilitá",,0,"06/19/2026 04:40",N/A,https://www.facebook.com/finca.el.drago/posts/pfbid02UeEcTaKnkShGcEDJX7hkJyXAkeenvVhcjvCc6CUaQk4hXUxq7pHo9CvovX3zuah8l,0,0,Photos,,,,,06/01/2026,0,0,0,0,0,0,0,0,0,0,0,0,0,0,0,0,0,0,,,,,,,,,
1526198935875552,100054563795107,"Almaíso at Finca El Drago","Scott is the kind of person who turns ideas into something real.

A path.
A garden bed.
A tree finding its place.
A structure built by hand.

With a background in fine arts, carpentry, landscaping and years of creating his own projects, he brings imagination, skill and a hands-on spirit to Almaíso.

Today, much of his care goes into Almaíso Verde, where he plants, builds and helps create the conditions for life to grow.

What makes Scott’s presence so special is not only what he creates, but the energy he brings while creating it.

Humour.
Attention.
Lightness.
A simple joy in being close to the land.

He reminds us that reconnecting with nature does not need to be complicated. Sometimes it begins with noticing what is already growing, laughing together and caring for one small thing at a time.

We feel grateful to have Scott guiding this green part of Almaíso.

Because he does not only help plants grow.

He helps this vision take root.

Thank you, Scott, for caring for Almaíso Verde with so much patience, love and joy.

—

Scott es una de esas personas que transforma las ideas en algo real.

Un camino.
Un bancal.
Un árbol encontrando su lugar.
Una estructura hecha con sus propias manos.

Con formación en bellas artes, carpintería, paisajismo y años creando sus propios proyectos, trae a Almaíso imaginación, oficio y una energía muy práctica.

Hoy, gran parte de su cuidado está en Almaíso Verde, donde planta, construye y ayuda a crear las condiciones para que la vida crezca.

Lo que hace tan especial la presencia de Scott no es solo lo que crea, sino la energía que trae mientras lo crea.

Humor.
Atención.
Ligereza.
Una alegría simple de estar cerca de la tierra.

Nos recuerda que reconectar con la naturaleza no tiene por qué ser complicado. A veces empieza por mirar lo que ya está creciendo, reír juntos y cuidar una pequeña cosa a la vez.

Nos sentimos agradecidos de tener a Scott guiando esta parte verde de Almaíso.

Porque no solo ayuda a que las plantas crezcan.

Ayuda a que esta visión eche raíces.

Gracias, Scott, por cuidar Almaíso Verde con tanta paciencia, amor y alegría.

#Almaíso #community #permakultur #permaculture #sostenibilitá",,0,"06/19/2026 04:40",N/A,https://www.facebook.com/finca.el.drago/posts/pfbid02UeEcTaKnkShGcEDJX7hkJyXAkeenvVhcjvCc6CUaQk4hXUxq7pHo9CvovX3zuah8l,0,0,Photos,,,,,06/02/2026,0,0,0,0,0,0,0,0,0,0,0,0,0,0,0,0,0,0,,,,,,,,,
1526198935875552,100054563795107,"Almaíso at Finca El Drago","Scott is the kind of person who turns ideas into something real.

A path.
A garden bed.
A tree finding its place.
A structure built by hand.

With a background in fine arts, carpentry, landscaping and years of creating his own projects, he brings imagination, skill and a hands-on spirit to Almaíso.

Today, much of his care goes into Almaíso Verde, where he plants, builds and helps create the conditions for life to grow.

What makes Scott’s presence so special is not only what he creates, but the energy he brings while creating it.

Humour.
Attention.
Lightness.
A simple joy in being close to the land.

He reminds us that reconnecting with nature does not need to be complicated. Sometimes it begins with noticing what is already growing, laughing together and caring for one small thing at a time.

We feel grateful to have Scott guiding this green part of Almaíso.

Because he does not only help plants grow.

He helps this vision take root.

Thank you, Scott, for caring for Almaíso Verde with so much patience, love and joy.

—

Scott es una de esas personas que transforma las ideas en algo real.

Un camino.
Un bancal.
Un árbol encontrando su lugar.
Una estructura hecha con sus propias manos.

Con formación en bellas artes, carpintería, paisajismo y años creando sus propios proyectos, trae a Almaíso imaginación, oficio y una energía muy práctica.

Hoy, gran parte de su cuidado está en Almaíso Verde, donde planta, construye y ayuda a crear las condiciones para que la vida crezca.

Lo que hace tan especial la presencia de Scott no es solo lo que crea, sino la energía que trae mientras lo crea.

Humor.
Atención.
Ligereza.
Una alegría simple de estar cerca de la tierra.

Nos recuerda que reconectar con la naturaleza no tiene por qué ser complicado. A veces empieza por mirar lo que ya está creciendo, reír juntos y cuidar una pequeña cosa a la vez.

Nos sentimos agradecidos de tener a Scott guiando esta parte verde de Almaíso.

Porque no solo ayuda a que las plantas crezcan.

Ayuda a que esta visión eche raíces.

Gracias, Scott, por cuidar Almaíso Verde con tanta paciencia, amor y alegría.

#Almaíso #community #permakultur #permaculture #sostenibilitá",,0,"06/19/2026 04:40",N/A,https://www.facebook.com/finca.el.drago/posts/pfbid02UeEcTaKnkShGcEDJX7hkJyXAkeenvVhcjvCc6CUaQk4hXUxq7pHo9CvovX3zuah8l,0,0,Photos,,,,,06/03/2026,0,0,0,0,0,0,0,0,0,0,0,0,0,0,0,0,0,0,,,,,,,,,
1526198935875552,100054563795107,"Almaíso at Finca El Drago","Scott is the kind of person who turns ideas into something real.

A path.
A garden bed.
A tree finding its place.
A structure built by hand.

With a background in fine arts, carpentry, landscaping and years of creating his own projects, he brings imagination, skill and a hands-on spirit to Almaíso.

Today, much of his care goes into Almaíso Verde, where he plants, builds and helps create the conditions for life to grow.

What makes Scott’s presence so special is not only what he creates, but the energy he brings while creating it.

Humour.
Attention.
Lightness.
A simple joy in being close to the land.

He reminds us that reconnecting with nature does not need to be complicated. Sometimes it begins with noticing what is already growing, laughing together and caring for one small thing at a time.

We feel grateful to have Scott guiding this green part of Almaíso.

Because he does not only help plants grow.

He helps this vision take root.

Thank you, Scott, for caring for Almaíso Verde with so much patience, love and joy.

—

Scott es una de esas personas que transforma las ideas en algo real.

Un camino.
Un bancal.
Un árbol encontrando su lugar.
Una estructura hecha con sus propias manos.

Con formación en bellas artes, carpintería, paisajismo y años creando sus propios proyectos, trae a Almaíso imaginación, oficio y una energía muy práctica.

Hoy, gran parte de su cuidado está en Almaíso Verde, donde planta, construye y ayuda a crear las condiciones para que la vida crezca.

Lo que hace tan especial la presencia de Scott no es solo lo que crea, sino la energía que trae mientras lo crea.

Humor.
Atención.
Ligereza.
Una alegría simple de estar cerca de la tierra.

Nos recuerda que reconectar con la naturaleza no tiene por qué ser complicado. A veces empieza por mirar lo que ya está creciendo, reír juntos y cuidar una pequeña cosa a la vez.

Nos sentimos agradecidos de tener a Scott guiando esta parte verde de Almaíso.

Porque no solo ayuda a que las plantas crezcan.

Ayuda a que esta visión eche raíces.

Gracias, Scott, por cuidar Almaíso Verde con tanta paciencia, amor y alegría.

#Almaíso #community #permakultur #permaculture #sostenibilitá",,0,"06/19/2026 04:40",N/A,https://www.facebook.com/finca.el.drago/posts/pfbid02UeEcTaKnkShGcEDJX7hkJyXAkeenvVhcjvCc6CUaQk4hXUxq7pHo9CvovX3zuah8l,0,0,Photos,,,,,06/04/2026,0,0,0,0,0,0,0,0,0,0,0,0,0,0,0,0,0,0,,,,,,,,,
1526198935875552,100054563795107,"Almaíso at Finca El Drago","Scott is the kind of person who turns ideas into something real.

A path.
A garden bed.
A tree finding its place.
A structure built by hand.

With a background in fine arts, carpentry, landscaping and years of creating his own projects, he brings imagination, skill and a hands-on spirit to Almaíso.

Today, much of his care goes into Almaíso Verde, where he plants, builds and helps create the conditions for life to grow.

What makes Scott’s presence so special is not only what he creates, but the energy he brings while creating it.

Humour.
Attention.
Lightness.
A simple joy in being close to the land.

He reminds us that reconnecting with nature does not need to be complicated. Sometimes it begins with noticing what is already growing, laughing together and caring for one small thing at a time.

We feel grateful to have Scott guiding this green part of Almaíso.

Because he does not only help plants grow.

He helps this vision take root.

Thank you, Scott, for caring for Almaíso Verde with so much patience, love and joy.

—

Scott es una de esas personas que transforma las ideas en algo real.

Un camino.
Un bancal.
Un árbol encontrando su lugar.
Una estructura hecha con sus propias manos.

Con formación en bellas artes, carpintería, paisajismo y años creando sus propios proyectos, trae a Almaíso imaginación, oficio y una energía muy práctica.

Hoy, gran parte de su cuidado está en Almaíso Verde, donde planta, construye y ayuda a crear las condiciones para que la vida crezca.

Lo que hace tan especial la presencia de Scott no es solo lo que crea, sino la energía que trae mientras lo crea.

Humor.
Atención.
Ligereza.
Una alegría simple de estar cerca de la tierra.

Nos recuerda que reconectar con la naturaleza no tiene por qué ser complicado. A veces empieza por mirar lo que ya está creciendo, reír juntos y cuidar una pequeña cosa a la vez.

Nos sentimos agradecidos de tener a Scott guiando esta parte verde de Almaíso.

Porque no solo ayuda a que las plantas crezcan.

Ayuda a que esta visión eche raíces.

Gracias, Scott, por cuidar Almaíso Verde con tanta paciencia, amor y alegría.

#Almaíso #community #permakultur #permaculture #sostenibilitá",,0,"06/19/2026 04:40",N/A,https://www.facebook.com/finca.el.drago/posts/pfbid02UeEcTaKnkShGcEDJX7hkJyXAkeenvVhcjvCc6CUaQk4hXUxq7pHo9CvovX3zuah8l,0,0,Photos,,,,,06/05/2026,0,0,0,0,0,0,0,0,0,0,0,0,0,0,0,0,0,0,,,,,,,,,
1526198935875552,100054563795107,"Almaíso at Finca El Drago","Scott is the kind of person who turns ideas into something real.

A path.
A garden bed.
A tree finding its place.
A structure built by hand.

With a background in fine arts, carpentry, landscaping and years of creating his own projects, he brings imagination, skill and a hands-on spirit to Almaíso.

Today, much of his care goes into Almaíso Verde, where he plants, builds and helps create the conditions for life to grow.

What makes Scott’s presence so special is not only what he creates, but the energy he brings while creating it.

Humour.
Attention.
Lightness.
A simple joy in being close to the land.

He reminds us that reconnecting with nature does not need to be complicated. Sometimes it begins with noticing what is already growing, laughing together and caring for one small thing at a time.

We feel grateful to have Scott guiding this green part of Almaíso.

Because he does not only help plants grow.

He helps this vision take root.

Thank you, Scott, for caring for Almaíso Verde with so much patience, love and joy.

—

Scott es una de esas personas que transforma las ideas en algo real.

Un camino.
Un bancal.
Un árbol encontrando su lugar.
Una estructura hecha con sus propias manos.

Con formación en bellas artes, carpintería, paisajismo y años creando sus propios proyectos, trae a Almaíso imaginación, oficio y una energía muy práctica.

Hoy, gran parte de su cuidado está en Almaíso Verde, donde planta, construye y ayuda a crear las condiciones para que la vida crezca.

Lo que hace tan especial la presencia de Scott no es solo lo que crea, sino la energía que trae mientras lo crea.

Humor.
Atención.
Ligereza.
Una alegría simple de estar cerca de la tierra.

Nos recuerda que reconectar con la naturaleza no tiene por qué ser complicado. A veces empieza por mirar lo que ya está creciendo, reír juntos y cuidar una pequeña cosa a la vez.

Nos sentimos agradecidos de tener a Scott guiando esta parte verde de Almaíso.

Porque no solo ayuda a que las plantas crezcan.

Ayuda a que esta visión eche raíces.

Gracias, Scott, por cuidar Almaíso Verde con tanta paciencia, amor y alegría.

#Almaíso #community #permakultur #permaculture #sostenibilitá",,0,"06/19/2026 04:40",N/A,https://www.facebook.com/finca.el.drago/posts/pfbid02UeEcTaKnkShGcEDJX7hkJyXAkeenvVhcjvCc6CUaQk4hXUxq7pHo9CvovX3zuah8l,0,0,Photos,,,,,06/06/2026,0,0,0,0,0,0,0,0,0,0,0,0,0,0,0,0,0,0,,,,,,,,,
1526198935875552,100054563795107,"Almaíso at Finca El Drago","Scott is the kind of person who turns ideas into something real.

A path.
A garden bed.
A tree finding its place.
A structure built by hand.

With a background in fine arts, carpentry, landscaping and years of creating his own projects, he brings imagination, skill and a hands-on spirit to Almaíso.

Today, much of his care goes into Almaíso Verde, where he plants, builds and helps create the conditions for life to grow.

What makes Scott’s presence so special is not only what he creates, but the energy he brings while creating it.

Humour.
Attention.
Lightness.
A simple joy in being close to the land.

He reminds us that reconnecting with nature does not need to be complicated. Sometimes it begins with noticing what is already growing, laughing together and caring for one small thing at a time.

We feel grateful to have Scott guiding this green part of Almaíso.

Because he does not only help plants grow.

He helps this vision take root.

Thank you, Scott, for caring for Almaíso Verde with so much patience, love and joy.

—

Scott es una de esas personas que transforma las ideas en algo real.

Un camino.
Un bancal.
Un árbol encontrando su lugar.
Una estructura hecha con sus propias manos.

Con formación en bellas artes, carpintería, paisajismo y años creando sus propios proyectos, trae a Almaíso imaginación, oficio y una energía muy práctica.

Hoy, gran parte de su cuidado está en Almaíso Verde, donde planta, construye y ayuda a crear las condiciones para que la vida crezca.

Lo que hace tan especial la presencia de Scott no es solo lo que crea, sino la energía que trae mientras lo crea.

Humor.
Atención.
Ligereza.
Una alegría simple de estar cerca de la tierra.

Nos recuerda que reconectar con la naturaleza no tiene por qué ser complicado. A veces empieza por mirar lo que ya está creciendo, reír juntos y cuidar una pequeña cosa a la vez.

Nos sentimos agradecidos de tener a Scott guiando esta parte verde de Almaíso.

Porque no solo ayuda a que las plantas crezcan.

Ayuda a que esta visión eche raíces.

Gracias, Scott, por cuidar Almaíso Verde con tanta paciencia, amor y alegría.

#Almaíso #community #permakultur #permaculture #sostenibilitá",,0,"06/19/2026 04:40",N/A,https://www.facebook.com/finca.el.drago/posts/pfbid02UeEcTaKnkShGcEDJX7hkJyXAkeenvVhcjvCc6CUaQk4hXUxq7pHo9CvovX3zuah8l,0,0,Photos,,,,,06/07/2026,0,0,0,0,0,0,0,0,0,0,0,0,0,0,0,0,0,0,,,,,,,,,
1526198935875552,100054563795107,"Almaíso at Finca El Drago","Scott is the kind of person who turns ideas into something real.

A path.
A garden bed.
A tree finding its place.
A structure built by hand.

With a background in fine arts, carpentry, landscaping and years of creating his own projects, he brings imagination, skill and a hands-on spirit to Almaíso.

Today, much of his care goes into Almaíso Verde, where he plants, builds and helps create the conditions for life to grow.

What makes Scott’s presence so special is not only what he creates, but the energy he brings while creating it.

Humour.
Attention.
Lightness.
A simple joy in being close to the land.

He reminds us that reconnecting with nature does not need to be complicated. Sometimes it begins with noticing what is already growing, laughing together and caring for one small thing at a time.

We feel grateful to have Scott guiding this green part of Almaíso.

Because he does not only help plants grow.

He helps this vision take root.

Thank you, Scott, for caring for Almaíso Verde with so much patience, love and joy.

—

Scott es una de esas personas que transforma las ideas en algo real.

Un camino.
Un bancal.
Un árbol encontrando su lugar.
Una estructura hecha con sus propias manos.

Con formación en bellas artes, carpintería, paisajismo y años creando sus propios proyectos, trae a Almaíso imaginación, oficio y una energía muy práctica.

Hoy, gran parte de su cuidado está en Almaíso Verde, donde planta, construye y ayuda a crear las condiciones para que la vida crezca.

Lo que hace tan especial la presencia de Scott no es solo lo que crea, sino la energía que trae mientras lo crea.

Humor.
Atención.
Ligereza.
Una alegría simple de estar cerca de la tierra.

Nos recuerda que reconectar con la naturaleza no tiene por qué ser complicado. A veces empieza por mirar lo que ya está creciendo, reír juntos y cuidar una pequeña cosa a la vez.

Nos sentimos agradecidos de tener a Scott guiando esta parte verde de Almaíso.

Porque no solo ayuda a que las plantas crezcan.

Ayuda a que esta visión eche raíces.

Gracias, Scott, por cuidar Almaíso Verde con tanta paciencia, amor y alegría.

#Almaíso #community #permakultur #permaculture #sostenibilitá",,0,"06/19/2026 04:40",N/A,https://www.facebook.com/finca.el.drago/posts/pfbid02UeEcTaKnkShGcEDJX7hkJyXAkeenvVhcjvCc6CUaQk4hXUxq7pHo9CvovX3zuah8l,0,0,Photos,,,,,06/08/2026,0,0,0,0,0,0,0,0,0,0,0,0,0,0,0,0,0,0,,,,,,,,,
1526198935875552,100054563795107,"Almaíso at Finca El Drago","Scott is the kind of person who turns ideas into something real.

A path.
A garden bed.
A tree finding its place.
A structure built by hand.

With a background in fine arts, carpentry, landscaping and years of creating his own projects, he brings imagination, skill and a hands-on spirit to Almaíso.

Today, much of his care goes into Almaíso Verde, where he plants, builds and helps create the conditions for life to grow.

What makes Scott’s presence so special is not only what he creates, but the energy he brings while creating it.

Humour.
Attention.
Lightness.
A simple joy in being close to the land.

He reminds us that reconnecting with nature does not need to be complicated. Sometimes it begins with noticing what is already growing, laughing together and caring for one small thing at a time.

We feel grateful to have Scott guiding this green part of Almaíso.

Because he does not only help plants grow.

He helps this vision take root.

Thank you, Scott, for caring for Almaíso Verde with so much patience, love and joy.

—

Scott es una de esas personas que transforma las ideas en algo real.

Un camino.
Un bancal.
Un árbol encontrando su lugar.
Una estructura hecha con sus propias manos.

Con formación en bellas artes, carpintería, paisajismo y años creando sus propios proyectos, trae a Almaíso imaginación, oficio y una energía muy práctica.

Hoy, gran parte de su cuidado está en Almaíso Verde, donde planta, construye y ayuda a crear las condiciones para que la vida crezca.

Lo que hace tan especial la presencia de Scott no es solo lo que crea, sino la energía que trae mientras lo crea.

Humor.
Atención.
Ligereza.
Una alegría simple de estar cerca de la tierra.

Nos recuerda que reconectar con la naturaleza no tiene por qué ser complicado. A veces empieza por mirar lo que ya está creciendo, reír juntos y cuidar una pequeña cosa a la vez.

Nos sentimos agradecidos de tener a Scott guiando esta parte verde de Almaíso.

Porque no solo ayuda a que las plantas crezcan.

Ayuda a que esta visión eche raíces.

Gracias, Scott, por cuidar Almaíso Verde con tanta paciencia, amor y alegría.

#Almaíso #community #permakultur #permaculture #sostenibilitá",,0,"06/19/2026 04:40",N/A,https://www.facebook.com/finca.el.drago/posts/pfbid02UeEcTaKnkShGcEDJX7hkJyXAkeenvVhcjvCc6CUaQk4hXUxq7pHo9CvovX3zuah8l,0,0,Photos,,,,,06/09/2026,0,0,0,0,0,0,0,0,0,0,0,0,0,0,0,0,0,0,,,,,,,,,
1526198935875552,100054563795107,"Almaíso at Finca El Drago","Scott is the kind of person who turns ideas into something real.

A path.
A garden bed.
A tree finding its place.
A structure built by hand.

With a background in fine arts, carpentry, landscaping and years of creating his own projects, he brings imagination, skill and a hands-on spirit to Almaíso.

Today, much of his care goes into Almaíso Verde, where he plants, builds and helps create the conditions for life to grow.

What makes Scott’s presence so special is not only what he creates, but the energy he brings while creating it.

Humour.
Attention.
Lightness.
A simple joy in being close to the land.

He reminds us that reconnecting with nature does not need to be complicated. Sometimes it begins with noticing what is already growing, laughing together and caring for one small thing at a time.

We feel grateful to have Scott guiding this green part of Almaíso.

Because he does not only help plants grow.

He helps this vision take root.

Thank you, Scott, for caring for Almaíso Verde with so much patience, love and joy.

—

Scott es una de esas personas que transforma las ideas en algo real.

Un camino.
Un bancal.
Un árbol encontrando su lugar.
Una estructura hecha con sus propias manos.

Con formación en bellas artes, carpintería, paisajismo y años creando sus propios proyectos, trae a Almaíso imaginación, oficio y una energía muy práctica.

Hoy, gran parte de su cuidado está en Almaíso Verde, donde planta, construye y ayuda a crear las condiciones para que la vida crezca.

Lo que hace tan especial la presencia de Scott no es solo lo que crea, sino la energía que trae mientras lo crea.

Humor.
Atención.
Ligereza.
Una alegría simple de estar cerca de la tierra.

Nos recuerda que reconectar con la naturaleza no tiene por qué ser complicado. A veces empieza por mirar lo que ya está creciendo, reír juntos y cuidar una pequeña cosa a la vez.

Nos sentimos agradecidos de tener a Scott guiando esta parte verde de Almaíso.

Porque no solo ayuda a que las plantas crezcan.

Ayuda a que esta visión eche raíces.

Gracias, Scott, por cuidar Almaíso Verde con tanta paciencia, amor y alegría.

#Almaíso #community #permakultur #permaculture #sostenibilitá",,0,"06/19/2026 04:40",N/A,https://www.facebook.com/finca.el.drago/posts/pfbid02UeEcTaKnkShGcEDJX7hkJyXAkeenvVhcjvCc6CUaQk4hXUxq7pHo9CvovX3zuah8l,0,0,Photos,,,,,06/10/2026,0,0,0,0,0,0,0,0,0,0,0,0,0,0,0,0,0,0,,,,,,,,,
1526198935875552,100054563795107,"Almaíso at Finca El Drago","Scott is the kind of person who turns ideas into something real.

A path.
A garden bed.
A tree finding its place.
A structure built by hand.

With a background in fine arts, carpentry, landscaping and years of creating his own projects, he brings imagination, skill and a hands-on spirit to Almaíso.

Today, much of his care goes into Almaíso Verde, where he plants, builds and helps create the conditions for life to grow.

What makes Scott’s presence so special is not only what he creates, but the energy he brings while creating it.

Humour.
Attention.
Lightness.
A simple joy in being close to the land.

He reminds us that reconnecting with nature does not need to be complicated. Sometimes it begins with noticing what is already growing, laughing together and caring for one small thing at a time.

We feel grateful to have Scott guiding this green part of Almaíso.

Because he does not only help plants grow.

He helps this vision take root.

Thank you, Scott, for caring for Almaíso Verde with so much patience, love and joy.

—

Scott es una de esas personas que transforma las ideas en algo real.

Un camino.
Un bancal.
Un árbol encontrando su lugar.
Una estructura hecha con sus propias manos.

Con formación en bellas artes, carpintería, paisajismo y años creando sus propios proyectos, trae a Almaíso imaginación, oficio y una energía muy práctica.

Hoy, gran parte de su cuidado está en Almaíso Verde, donde planta, construye y ayuda a crear las condiciones para que la vida crezca.

Lo que hace tan especial la presencia de Scott no es solo lo que crea, sino la energía que trae mientras lo crea.

Humor.
Atención.
Ligereza.
Una alegría simple de estar cerca de la tierra.

Nos recuerda que reconectar con la naturaleza no tiene por qué ser complicado. A veces empieza por mirar lo que ya está creciendo, reír juntos y cuidar una pequeña cosa a la vez.

Nos sentimos agradecidos de tener a Scott guiando esta parte verde de Almaíso.

Porque no solo ayuda a que las plantas crezcan.

Ayuda a que esta visión eche raíces.

Gracias, Scott, por cuidar Almaíso Verde con tanta paciencia, amor y alegría.

#Almaíso #community #permakultur #permaculture #sostenibilitá",,0,"06/19/2026 04:40",N/A,https://www.facebook.com/finca.el.drago/posts/pfbid02UeEcTaKnkShGcEDJX7hkJyXAkeenvVhcjvCc6CUaQk4hXUxq7pHo9CvovX3zuah8l,0,0,Photos,,,,,06/11/2026,0,0,0,0,0,0,0,0,0,0,0,0,0,0,0,0,0,0,,,,,,,,,
1526198935875552,100054563795107,"Almaíso at Finca El Drago","Scott is the kind of person who turns ideas into something real.

A path.
A garden bed.
A tree finding its place.
A structure built by hand.

With a background in fine arts, carpentry, landscaping and years of creating his own projects, he brings imagination, skill and a hands-on spirit to Almaíso.

Today, much of his care goes into Almaíso Verde, where he plants, builds and helps create the conditions for life to grow.

What makes Scott’s presence so special is not only what he creates, but the energy he brings while creating it.

Humour.
Attention.
Lightness.
A simple joy in being close to the land.

He reminds us that reconnecting with nature does not need to be complicated. Sometimes it begins with noticing what is already growing, laughing together and caring for one small thing at a time.

We feel grateful to have Scott guiding this green part of Almaíso.

Because he does not only help plants grow.

He helps this vision take root.

Thank you, Scott, for caring for Almaíso Verde with so much patience, love and joy.

—

Scott es una de esas personas que transforma las ideas en algo real.

Un camino.
Un bancal.
Un árbol encontrando su lugar.
Una estructura hecha con sus propias manos.

Con formación en bellas artes, carpintería, paisajismo y años creando sus propios proyectos, trae a Almaíso imaginación, oficio y una energía muy práctica.

Hoy, gran parte de su cuidado está en Almaíso Verde, donde planta, construye y ayuda a crear las condiciones para que la vida crezca.

Lo que hace tan especial la presencia de Scott no es solo lo que crea, sino la energía que trae mientras lo crea.

Humor.
Atención.
Ligereza.
Una alegría simple de estar cerca de la tierra.

Nos recuerda que reconectar con la naturaleza no tiene por qué ser complicado. A veces empieza por mirar lo que ya está creciendo, reír juntos y cuidar una pequeña cosa a la vez.

Nos sentimos agradecidos de tener a Scott guiando esta parte verde de Almaíso.

Porque no solo ayuda a que las plantas crezcan.

Ayuda a que esta visión eche raíces.

Gracias, Scott, por cuidar Almaíso Verde con tanta paciencia, amor y alegría.

#Almaíso #community #permakultur #permaculture #sostenibilitá",,0,"06/19/2026 04:40",N/A,https://www.facebook.com/finca.el.drago/posts/pfbid02UeEcTaKnkShGcEDJX7hkJyXAkeenvVhcjvCc6CUaQk4hXUxq7pHo9CvovX3zuah8l,0,0,Photos,,,,,06/12/2026,0,0,0,0,0,0,0,0,0,0,0,0,0,0,0,0,0,0,,,,,,,,,
1526198935875552,100054563795107,"Almaíso at Finca El Drago","Scott is the kind of person who turns ideas into something real.

A path.
A garden bed.
A tree finding its place.
A structure built by hand.

With a background in fine arts, carpentry, landscaping and years of creating his own projects, he brings imagination, skill and a hands-on spirit to Almaíso.

Today, much of his care goes into Almaíso Verde, where he plants, builds and helps create the conditions for life to grow.

What makes Scott’s presence so special is not only what he creates, but the energy he brings while creating it.

Humour.
Attention.
Lightness.
A simple joy in being close to the land.

He reminds us that reconnecting with nature does not need to be complicated. Sometimes it begins with noticing what is already growing, laughing together and caring for one small thing at a time.

We feel grateful to have Scott guiding this green part of Almaíso.

Because he does not only help plants grow.

He helps this vision take root.

Thank you, Scott, for caring for Almaíso Verde with so much patience, love and joy.

—

Scott es una de esas personas que transforma las ideas en algo real.

Un camino.
Un bancal.
Un árbol encontrando su lugar.
Una estructura hecha con sus propias manos.

Con formación en bellas artes, carpintería, paisajismo y años creando sus propios proyectos, trae a Almaíso imaginación, oficio y una energía muy práctica.

Hoy, gran parte de su cuidado está en Almaíso Verde, donde planta, construye y ayuda a crear las condiciones para que la vida crezca.

Lo que hace tan especial la presencia de Scott no es solo lo que crea, sino la energía que trae mientras lo crea.

Humor.
Atención.
Ligereza.
Una alegría simple de estar cerca de la tierra.

Nos recuerda que reconectar con la naturaleza no tiene por qué ser complicado. A veces empieza por mirar lo que ya está creciendo, reír juntos y cuidar una pequeña cosa a la vez.

Nos sentimos agradecidos de tener a Scott guiando esta parte verde de Almaíso.

Porque no solo ayuda a que las plantas crezcan.

Ayuda a que esta visión eche raíces.

Gracias, Scott, por cuidar Almaíso Verde con tanta paciencia, amor y alegría.

#Almaíso #community #permakultur #permaculture #sostenibilitá",,0,"06/19/2026 04:40",N/A,https://www.facebook.com/finca.el.drago/posts/pfbid02UeEcTaKnkShGcEDJX7hkJyXAkeenvVhcjvCc6CUaQk4hXUxq7pHo9CvovX3zuah8l,0,0,Photos,,,,,06/13/2026,0,0,0,0,0,0,0,0,0,0,0,0,0,0,0,0,0,0,,,,,,,,,
1526198935875552,100054563795107,"Almaíso at Finca El Drago","Scott is the kind of person who turns ideas into something real.

A path.
A garden bed.
A tree finding its place.
A structure built by hand.

With a background in fine arts, carpentry, landscaping and years of creating his own projects, he brings imagination, skill and a hands-on spirit to Almaíso.

Today, much of his care goes into Almaíso Verde, where he plants, builds and helps create the conditions for life to grow.

What makes Scott’s presence so special is not only what he creates, but the energy he brings while creating it.

Humour.
Attention.
Lightness.
A simple joy in being close to the land.

He reminds us that reconnecting with nature does not need to be complicated. Sometimes it begins with noticing what is already growing, laughing together and caring for one small thing at a time.

We feel grateful to have Scott guiding this green part of Almaíso.

Because he does not only help plants grow.

He helps this vision take root.

Thank you, Scott, for caring for Almaíso Verde with so much patience, love and joy.

—

Scott es una de esas personas que transforma las ideas en algo real.

Un camino.
Un bancal.
Un árbol encontrando su lugar.
Una estructura hecha con sus propias manos.

Con formación en bellas artes, carpintería, paisajismo y años creando sus propios proyectos, trae a Almaíso imaginación, oficio y una energía muy práctica.

Hoy, gran parte de su cuidado está en Almaíso Verde, donde planta, construye y ayuda a crear las condiciones para que la vida crezca.

Lo que hace tan especial la presencia de Scott no es solo lo que crea, sino la energía que trae mientras lo crea.

Humor.
Atención.
Ligereza.
Una alegría simple de estar cerca de la tierra.

Nos recuerda que reconectar con la naturaleza no tiene por qué ser complicado. A veces empieza por mirar lo que ya está creciendo, reír juntos y cuidar una pequeña cosa a la vez.

Nos sentimos agradecidos de tener a Scott guiando esta parte verde de Almaíso.

Porque no solo ayuda a que las plantas crezcan.

Ayuda a que esta visión eche raíces.

Gracias, Scott, por cuidar Almaíso Verde con tanta paciencia, amor y alegría.

#Almaíso #community #permakultur #permaculture #sostenibilitá",,0,"06/19/2026 04:40",N/A,https://www.facebook.com/finca.el.drago/posts/pfbid02UeEcTaKnkShGcEDJX7hkJyXAkeenvVhcjvCc6CUaQk4hXUxq7pHo9CvovX3zuah8l,0,0,Photos,,,,,06/14/2026,0,0,0,0,0,0,0,0,0,0,0,0,0,0,0,0,0,0,,,,,,,,,
1526198935875552,100054563795107,"Almaíso at Finca El Drago","Scott is the kind of person who turns ideas into something real.

A path.
A garden bed.
A tree finding its place.
A structure built by hand.

With a background in fine arts, carpentry, landscaping and years of creating his own projects, he brings imagination, skill and a hands-on spirit to Almaíso.

Today, much of his care goes into Almaíso Verde, where he plants, builds and helps create the conditions for life to grow.

What makes Scott’s presence so special is not only what he creates, but the energy he brings while creating it.

Humour.
Attention.
Lightness.
A simple joy in being close to the land.

He reminds us that reconnecting with nature does not need to be complicated. Sometimes it begins with noticing what is already growing, laughing together and caring for one small thing at a time.

We feel grateful to have Scott guiding this green part of Almaíso.

Because he does not only help plants grow.

He helps this vision take root.

Thank you, Scott, for caring for Almaíso Verde with so much patience, love and joy.

—

Scott es una de esas personas que transforma las ideas en algo real.

Un camino.
Un bancal.
Un árbol encontrando su lugar.
Una estructura hecha con sus propias manos.

Con formación en bellas artes, carpintería, paisajismo y años creando sus propios proyectos, trae a Almaíso imaginación, oficio y una energía muy práctica.

Hoy, gran parte de su cuidado está en Almaíso Verde, donde planta, construye y ayuda a crear las condiciones para que la vida crezca.

Lo que hace tan especial la presencia de Scott no es solo lo que crea, sino la energía que trae mientras lo crea.

Humor.
Atención.
Ligereza.
Una alegría simple de estar cerca de la tierra.

Nos recuerda que reconectar con la naturaleza no tiene por qué ser complicado. A veces empieza por mirar lo que ya está creciendo, reír juntos y cuidar una pequeña cosa a la vez.

Nos sentimos agradecidos de tener a Scott guiando esta parte verde de Almaíso.

Porque no solo ayuda a que las plantas crezcan.

Ayuda a que esta visión eche raíces.

Gracias, Scott, por cuidar Almaíso Verde con tanta paciencia, amor y alegría.

#Almaíso #community #permakultur #permaculture #sostenibilitá",,0,"06/19/2026 04:40",N/A,https://www.facebook.com/finca.el.drago/posts/pfbid02UeEcTaKnkShGcEDJX7hkJyXAkeenvVhcjvCc6CUaQk4hXUxq7pHo9CvovX3zuah8l,0,0,Photos,,,,,06/15/2026,0,0,0,0,0,0,0,0,0,0,0,0,0,0,0,0,0,0,,,,,,,,,
1526198935875552,100054563795107,"Almaíso at Finca El Drago","Scott is the kind of person who turns ideas into something real.

A path.
A garden bed.
A tree finding its place.
A structure built by hand.

With a background in fine arts, carpentry, landscaping and years of creating his own projects, he brings imagination, skill and a hands-on spirit to Almaíso.

Today, much of his care goes into Almaíso Verde, where he plants, builds and helps create the conditions for life to grow.

What makes Scott’s presence so special is not only what he creates, but the energy he brings while creating it.

Humour.
Attention.
Lightness.
A simple joy in being close to the land.

He reminds us that reconnecting with nature does not need to be complicated. Sometimes it begins with noticing what is already growing, laughing together and caring for one small thing at a time.

We feel grateful to have Scott guiding this green part of Almaíso.

Because he does not only help plants grow.

He helps this vision take root.

Thank you, Scott, for caring for Almaíso Verde with so much patience, love and joy.

—

Scott es una de esas personas que transforma las ideas en algo real.

Un camino.
Un bancal.
Un árbol encontrando su lugar.
Una estructura hecha con sus propias manos.

Con formación en bellas artes, carpintería, paisajismo y años creando sus propios proyectos, trae a Almaíso imaginación, oficio y una energía muy práctica.

Hoy, gran parte de su cuidado está en Almaíso Verde, donde planta, construye y ayuda a crear las condiciones para que la vida crezca.

Lo que hace tan especial la presencia de Scott no es solo lo que crea, sino la energía que trae mientras lo crea.

Humor.
Atención.
Ligereza.
Una alegría simple de estar cerca de la tierra.

Nos recuerda que reconectar con la naturaleza no tiene por qué ser complicado. A veces empieza por mirar lo que ya está creciendo, reír juntos y cuidar una pequeña cosa a la vez.

Nos sentimos agradecidos de tener a Scott guiando esta parte verde de Almaíso.

Porque no solo ayuda a que las plantas crezcan.

Ayuda a que esta visión eche raíces.

Gracias, Scott, por cuidar Almaíso Verde con tanta paciencia, amor y alegría.

#Almaíso #community #permakultur #permaculture #sostenibilitá",,0,"06/19/2026 04:40",N/A,https://www.facebook.com/finca.el.drago/posts/pfbid02UeEcTaKnkShGcEDJX7hkJyXAkeenvVhcjvCc6CUaQk4hXUxq7pHo9CvovX3zuah8l,0,0,Photos,,,,,06/16/2026,0,0,0,0,0,0,0,0,0,0,0,0,0,0,0,0,0,0,,,,,,,,,
1526198935875552,100054563795107,"Almaíso at Finca El Drago","Scott is the kind of person who turns ideas into something real.

A path.
A garden bed.
A tree finding its place.
A structure built by hand.

With a background in fine arts, carpentry, landscaping and years of creating his own projects, he brings imagination, skill and a hands-on spirit to Almaíso.

Today, much of his care goes into Almaíso Verde, where he plants, builds and helps create the conditions for life to grow.

What makes Scott’s presence so special is not only what he creates, but the energy he brings while creating it.

Humour.
Attention.
Lightness.
A simple joy in being close to the land.

He reminds us that reconnecting with nature does not need to be complicated. Sometimes it begins with noticing what is already growing, laughing together and caring for one small thing at a time.

We feel grateful to have Scott guiding this green part of Almaíso.

Because he does not only help plants grow.

He helps this vision take root.

Thank you, Scott, for caring for Almaíso Verde with so much patience, love and joy.

—

Scott es una de esas personas que transforma las ideas en algo real.

Un camino.
Un bancal.
Un árbol encontrando su lugar.
Una estructura hecha con sus propias manos.

Con formación en bellas artes, carpintería, paisajismo y años creando sus propios proyectos, trae a Almaíso imaginación, oficio y una energía muy práctica.

Hoy, gran parte de su cuidado está en Almaíso Verde, donde planta, construye y ayuda a crear las condiciones para que la vida crezca.

Lo que hace tan especial la presencia de Scott no es solo lo que crea, sino la energía que trae mientras lo crea.

Humor.
Atención.
Ligereza.
Una alegría simple de estar cerca de la tierra.

Nos recuerda que reconectar con la naturaleza no tiene por qué ser complicado. A veces empieza por mirar lo que ya está creciendo, reír juntos y cuidar una pequeña cosa a la vez.

Nos sentimos agradecidos de tener a Scott guiando esta parte verde de Almaíso.

Porque no solo ayuda a que las plantas crezcan.

Ayuda a que esta visión eche raíces.

Gracias, Scott, por cuidar Almaíso Verde con tanta paciencia, amor y alegría.

#Almaíso #community #permakultur #permaculture #sostenibilitá",,0,"06/19/2026 04:40",N/A,https://www.facebook.com/finca.el.drago/posts/pfbid02UeEcTaKnkShGcEDJX7hkJyXAkeenvVhcjvCc6CUaQk4hXUxq7pHo9CvovX3zuah8l,0,0,Photos,,,,,06/17/2026,0,0,0,0,0,0,0,0,0,0,0,0,0,0,0,0,0,0,,,,,,,,,
1526198935875552,100054563795107,"Almaíso at Finca El Drago","Scott is the kind of person who turns ideas into something real.

A path.
A garden bed.
A tree finding its place.
A structure built by hand.

With a background in fine arts, carpentry, landscaping and years of creating his own projects, he brings imagination, skill and a hands-on spirit to Almaíso.

Today, much of his care goes into Almaíso Verde, where he plants, builds and helps create the conditions for life to grow.

What makes Scott’s presence so special is not only what he creates, but the energy he brings while creating it.

Humour.
Attention.
Lightness.
A simple joy in being close to the land.

He reminds us that reconnecting with nature does not need to be complicated. Sometimes it begins with noticing what is already growing, laughing together and caring for one small thing at a time.

We feel grateful to have Scott guiding this green part of Almaíso.

Because he does not only help plants grow.

He helps this vision take root.

Thank you, Scott, for caring for Almaíso Verde with so much patience, love and joy.

—

Scott es una de esas personas que transforma las ideas en algo real.

Un camino.
Un bancal.
Un árbol encontrando su lugar.
Una estructura hecha con sus propias manos.

Con formación en bellas artes, carpintería, paisajismo y años creando sus propios proyectos, trae a Almaíso imaginación, oficio y una energía muy práctica.

Hoy, gran parte de su cuidado está en Almaíso Verde, donde planta, construye y ayuda a crear las condiciones para que la vida crezca.

Lo que hace tan especial la presencia de Scott no es solo lo que crea, sino la energía que trae mientras lo crea.

Humor.
Atención.
Ligereza.
Una alegría simple de estar cerca de la tierra.

Nos recuerda que reconectar con la naturaleza no tiene por qué ser complicado. A veces empieza por mirar lo que ya está creciendo, reír juntos y cuidar una pequeña cosa a la vez.

Nos sentimos agradecidos de tener a Scott guiando esta parte verde de Almaíso.

Porque no solo ayuda a que las plantas crezcan.

Ayuda a que esta visión eche raíces.

Gracias, Scott, por cuidar Almaíso Verde con tanta paciencia, amor y alegría.

#Almaíso #community #permakultur #permaculture #sostenibilitá",,0,"06/19/2026 04:40",N/A,https://www.facebook.com/finca.el.drago/posts/pfbid02UeEcTaKnkShGcEDJX7hkJyXAkeenvVhcjvCc6CUaQk4hXUxq7pHo9CvovX3zuah8l,0,0,Photos,,,,,06/18/2026,0,0,0,0,0,0,0,0,0,0,0,0,0,0,0,0,0,0,,,,,,,,,
1526198935875552,100054563795107,"Almaíso at Finca El Drago","Scott is the kind of person who turns ideas into something real.

A path.
A garden bed.
A tree finding its place.
A structure built by hand.

With a background in fine arts, carpentry, landscaping and years of creating his own projects, he brings imagination, skill and a hands-on spirit to Almaíso.

Today, much of his care goes into Almaíso Verde, where he plants, builds and helps create the conditions for life to grow.

What makes Scott’s presence so special is not only what he creates, but the energy he brings while creating it.

Humour.
Attention.
Lightness.
A simple joy in being close to the land.

He reminds us that reconnecting with nature does not need to be complicated. Sometimes it begins with noticing what is already growing, laughing together and caring for one small thing at a time.

We feel grateful to have Scott guiding this green part of Almaíso.

Because he does not only help plants grow.

He helps this vision take root.

Thank you, Scott, for caring for Almaíso Verde with so much patience, love and joy.

—

Scott es una de esas personas que transforma las ideas en algo real.

Un camino.
Un bancal.
Un árbol encontrando su lugar.
Una estructura hecha con sus propias manos.

Con formación en bellas artes, carpintería, paisajismo y años creando sus propios proyectos, trae a Almaíso imaginación, oficio y una energía muy práctica.

Hoy, gran parte de su cuidado está en Almaíso Verde, donde planta, construye y ayuda a crear las condiciones para que la vida crezca.

Lo que hace tan especial la presencia de Scott no es solo lo que crea, sino la energía que trae mientras lo crea.

Humor.
Atención.
Ligereza.
Una alegría simple de estar cerca de la tierra.

Nos recuerda que reconectar con la naturaleza no tiene por qué ser complicado. A veces empieza por mirar lo que ya está creciendo, reír juntos y cuidar una pequeña cosa a la vez.

Nos sentimos agradecidos de tener a Scott guiando esta parte verde de Almaíso.

Porque no solo ayuda a que las plantas crezcan.

Ayuda a que esta visión eche raíces.

Gracias, Scott, por cuidar Almaíso Verde con tanta paciencia, amor y alegría.

#Almaíso #community #permakultur #permaculture #sostenibilitá",,0,"06/19/2026 04:40",N/A,https://www.facebook.com/finca.el.drago/posts/pfbid02UeEcTaKnkShGcEDJX7hkJyXAkeenvVhcjvCc6CUaQk4hXUxq7pHo9CvovX3zuah8l,0,0,Photos,,,,,06/19/2026,0,0,0,0,0,0,0,0,0,0,0,0,0,0,0,0,0,0,,,,,,,,,
1526198935875552,100054563795107,"Almaíso at Finca El Drago","Scott is the kind of person who turns ideas into something real.

A path.
A garden bed.
A tree finding its place.
A structure built by hand.

With a background in fine arts, carpentry, landscaping and years of creating his own projects, he brings imagination, skill and a hands-on spirit to Almaíso.

Today, much of his care goes into Almaíso Verde, where he plants, builds and helps create the conditions for life to grow.

What makes Scott’s presence so special is not only what he creates, but the energy he brings while creating it.

Humour.
Attention.
Lightness.
A simple joy in being close to the land.

He reminds us that reconnecting with nature does not need to be complicated. Sometimes it begins with noticing what is already growing, laughing together and caring for one small thing at a time.

We feel grateful to have Scott guiding this green part of Almaíso.

Because he does not only help plants grow.

He helps this vision take root.

Thank you, Scott, for caring for Almaíso Verde with so much patience, love and joy.

—

Scott es una de esas personas que transforma las ideas en algo real.

Un camino.
Un bancal.
Un árbol encontrando su lugar.
Una estructura hecha con sus propias manos.

Con formación en bellas artes, carpintería, paisajismo y años creando sus propios proyectos, trae a Almaíso imaginación, oficio y una energía muy práctica.

Hoy, gran parte de su cuidado está en Almaíso Verde, donde planta, construye y ayuda a crear las condiciones para que la vida crezca.

Lo que hace tan especial la presencia de Scott no es solo lo que crea, sino la energía que trae mientras lo crea.

Humor.
Atención.
Ligereza.
Una alegría simple de estar cerca de la tierra.

Nos recuerda que reconectar con la naturaleza no tiene por qué ser complicado. A veces empieza por mirar lo que ya está creciendo, reír juntos y cuidar una pequeña cosa a la vez.

Nos sentimos agradecidos de tener a Scott guiando esta parte verde de Almaíso.

Porque no solo ayuda a que las plantas crezcan.

Ayuda a que esta visión eche raíces.

Gracias, Scott, por cuidar Almaíso Verde con tanta paciencia, amor y alegría.

#Almaíso #community #permakultur #permaculture #sostenibilitá",,0,"06/19/2026 04:40",N/A,https://www.facebook.com/finca.el.drago/posts/pfbid02UeEcTaKnkShGcEDJX7hkJyXAkeenvVhcjvCc6CUaQk4hXUxq7pHo9CvovX3zuah8l,0,0,Photos,,,,,06/20/2026,0,0,0,0,0,0,0,0,0,0,0,0,0,0,0,0,0,0,,,,,,,,,
1526198935875552,100054563795107,"Almaíso at Finca El Drago","Scott is the kind of person who turns ideas into something real.

A path.
A garden bed.
A tree finding its place.
A structure built by hand.

With a background in fine arts, carpentry, landscaping and years of creating his own projects, he brings imagination, skill and a hands-on spirit to Almaíso.

Today, much of his care goes into Almaíso Verde, where he plants, builds and helps create the conditions for life to grow.

What makes Scott’s presence so special is not only what he creates, but the energy he brings while creating it.

Humour.
Attention.
Lightness.
A simple joy in being close to the land.

He reminds us that reconnecting with nature does not need to be complicated. Sometimes it begins with noticing what is already growing, laughing together and caring for one small thing at a time.

We feel grateful to have Scott guiding this green part of Almaíso.

Because he does not only help plants grow.

He helps this vision take root.

Thank you, Scott, for caring for Almaíso Verde with so much patience, love and joy.

—

Scott es una de esas personas que transforma las ideas en algo real.

Un camino.
Un bancal.
Un árbol encontrando su lugar.
Una estructura hecha con sus propias manos.

Con formación en bellas artes, carpintería, paisajismo y años creando sus propios proyectos, trae a Almaíso imaginación, oficio y una energía muy práctica.

Hoy, gran parte de su cuidado está en Almaíso Verde, donde planta, construye y ayuda a crear las condiciones para que la vida crezca.

Lo que hace tan especial la presencia de Scott no es solo lo que crea, sino la energía que trae mientras lo crea.

Humor.
Atención.
Ligereza.
Una alegría simple de estar cerca de la tierra.

Nos recuerda que reconectar con la naturaleza no tiene por qué ser complicado. A veces empieza por mirar lo que ya está creciendo, reír juntos y cuidar una pequeña cosa a la vez.

Nos sentimos agradecidos de tener a Scott guiando esta parte verde de Almaíso.

Porque no solo ayuda a que las plantas crezcan.

Ayuda a que esta visión eche raíces.

Gracias, Scott, por cuidar Almaíso Verde con tanta paciencia, amor y alegría.

#Almaíso #community #permakultur #permaculture #sostenibilitá",,0,"06/19/2026 04:40",N/A,https://www.facebook.com/finca.el.drago/posts/pfbid02UeEcTaKnkShGcEDJX7hkJyXAkeenvVhcjvCc6CUaQk4hXUxq7pHo9CvovX3zuah8l,0,0,Photos,,,,,06/21/2026,0,0,0,0,0,0,0,0,0,0,0,0,0,0,0,0,0,0,,,,,,,,,
1526198935875552,100054563795107,"Almaíso at Finca El Drago","Scott is the kind of person who turns ideas into something real.

A path.
A garden bed.
A tree finding its place.
A structure built by hand.

With a background in fine arts, carpentry, landscaping and years of creating his own projects, he brings imagination, skill and a hands-on spirit to Almaíso.

Today, much of his care goes into Almaíso Verde, where he plants, builds and helps create the conditions for life to grow.

What makes Scott’s presence so special is not only what he creates, but the energy he brings while creating it.

Humour.
Attention.
Lightness.
A simple joy in being close to the land.

He reminds us that reconnecting with nature does not need to be complicated. Sometimes it begins with noticing what is already growing, laughing together and caring for one small thing at a time.

We feel grateful to have Scott guiding this green part of Almaíso.

Because he does not only help plants grow.

He helps this vision take root.

Thank you, Scott, for caring for Almaíso Verde with so much patience, love and joy.

—

Scott es una de esas personas que transforma las ideas en algo real.

Un camino.
Un bancal.
Un árbol encontrando su lugar.
Una estructura hecha con sus propias manos.

Con formación en bellas artes, carpintería, paisajismo y años creando sus propios proyectos, trae a Almaíso imaginación, oficio y una energía muy práctica.

Hoy, gran parte de su cuidado está en Almaíso Verde, donde planta, construye y ayuda a crear las condiciones para que la vida crezca.

Lo que hace tan especial la presencia de Scott no es solo lo que crea, sino la energía que trae mientras lo crea.

Humor.
Atención.
Ligereza.
Una alegría simple de estar cerca de la tierra.

Nos recuerda que reconectar con la naturaleza no tiene por qué ser complicado. A veces empieza por mirar lo que ya está creciendo, reír juntos y cuidar una pequeña cosa a la vez.

Nos sentimos agradecidos de tener a Scott guiando esta parte verde de Almaíso.

Porque no solo ayuda a que las plantas crezcan.

Ayuda a que esta visión eche raíces.

Gracias, Scott, por cuidar Almaíso Verde con tanta paciencia, amor y alegría.

#Almaíso #community #permakultur #permaculture #sostenibilitá",,0,"06/19/2026 04:40",N/A,https://www.facebook.com/finca.el.drago/posts/pfbid02UeEcTaKnkShGcEDJX7hkJyXAkeenvVhcjvCc6CUaQk4hXUxq7pHo9CvovX3zuah8l,0,0,Photos,,,,,06/22/2026,0,0,0,0,0,0,0,0,0,0,0,0,0,0,0,0,0,0,,,,,,,,,
1526198935875552,100054563795107,"Almaíso at Finca El Drago","Scott is the kind of person who turns ideas into something real.

A path.
A garden bed.
A tree finding its place.
A structure built by hand.

With a background in fine arts, carpentry, landscaping and years of creating his own projects, he brings imagination, skill and a hands-on spirit to Almaíso.

Today, much of his care goes into Almaíso Verde, where he plants, builds and helps create the conditions for life to grow.

What makes Scott’s presence so special is not only what he creates, but the energy he brings while creating it.

Humour.
Attention.
Lightness.
A simple joy in being close to the land.

He reminds us that reconnecting with nature does not need to be complicated. Sometimes it begins with noticing what is already growing, laughing together and caring for one small thing at a time.

We feel grateful to have Scott guiding this green part of Almaíso.

Because he does not only help plants grow.

He helps this vision take root.

Thank you, Scott, for caring for Almaíso Verde with so much patience, love and joy.

—

Scott es una de esas personas que transforma las ideas en algo real.

Un camino.
Un bancal.
Un árbol encontrando su lugar.
Una estructura hecha con sus propias manos.

Con formación en bellas artes, carpintería, paisajismo y años creando sus propios proyectos, trae a Almaíso imaginación, oficio y una energía muy práctica.

Hoy, gran parte de su cuidado está en Almaíso Verde, donde planta, construye y ayuda a crear las condiciones para que la vida crezca.

Lo que hace tan especial la presencia de Scott no es solo lo que crea, sino la energía que trae mientras lo crea.

Humor.
Atención.
Ligereza.
Una alegría simple de estar cerca de la tierra.

Nos recuerda que reconectar con la naturaleza no tiene por qué ser complicado. A veces empieza por mirar lo que ya está creciendo, reír juntos y cuidar una pequeña cosa a la vez.

Nos sentimos agradecidos de tener a Scott guiando esta parte verde de Almaíso.

Porque no solo ayuda a que las plantas crezcan.

Ayuda a que esta visión eche raíces.

Gracias, Scott, por cuidar Almaíso Verde con tanta paciencia, amor y alegría.

#Almaíso #community #permakultur #permaculture #sostenibilitá",,0,"06/19/2026 04:40",N/A,https://www.facebook.com/finca.el.drago/posts/pfbid02UeEcTaKnkShGcEDJX7hkJyXAkeenvVhcjvCc6CUaQk4hXUxq7pHo9CvovX3zuah8l,0,0,Photos,,,,,06/23/2026,0,0,0,0,0,0,0,0,0,0,0,0,0,0,0,0,0,0,,,,,,,,,
1526198935875552,100054563795107,"Almaíso at Finca El Drago","Scott is the kind of person who turns ideas into something real.

A path.
A garden bed.
A tree finding its place.
A structure built by hand.

With a background in fine arts, carpentry, landscaping and years of creating his own projects, he brings imagination, skill and a hands-on spirit to Almaíso.

Today, much of his care goes into Almaíso Verde, where he plants, builds and helps create the conditions for life to grow.

What makes Scott’s presence so special is not only what he creates, but the energy he brings while creating it.

Humour.
Attention.
Lightness.
A simple joy in being close to the land.

He reminds us that reconnecting with nature does not need to be complicated. Sometimes it begins with noticing what is already growing, laughing together and caring for one small thing at a time.

We feel grateful to have Scott guiding this green part of Almaíso.

Because he does not only help plants grow.

He helps this vision take root.

Thank you, Scott, for caring for Almaíso Verde with so much patience, love and joy.

—

Scott es una de esas personas que transforma las ideas en algo real.

Un camino.
Un bancal.
Un árbol encontrando su lugar.
Una estructura hecha con sus propias manos.

Con formación en bellas artes, carpintería, paisajismo y años creando sus propios proyectos, trae a Almaíso imaginación, oficio y una energía muy práctica.

Hoy, gran parte de su cuidado está en Almaíso Verde, donde planta, construye y ayuda a crear las condiciones para que la vida crezca.

Lo que hace tan especial la presencia de Scott no es solo lo que crea, sino la energía que trae mientras lo crea.

Humor.
Atención.
Ligereza.
Una alegría simple de estar cerca de la tierra.

Nos recuerda que reconectar con la naturaleza no tiene por qué ser complicado. A veces empieza por mirar lo que ya está creciendo, reír juntos y cuidar una pequeña cosa a la vez.

Nos sentimos agradecidos de tener a Scott guiando esta parte verde de Almaíso.

Porque no solo ayuda a que las plantas crezcan.

Ayuda a que esta visión eche raíces.

Gracias, Scott, por cuidar Almaíso Verde con tanta paciencia, amor y alegría.

#Almaíso #community #permakultur #permaculture #sostenibilitá",,0,"06/19/2026 04:40",N/A,https://www.facebook.com/finca.el.drago/posts/pfbid02UeEcTaKnkShGcEDJX7hkJyXAkeenvVhcjvCc6CUaQk4hXUxq7pHo9CvovX3zuah8l,0,0,Photos,,,,,06/24/2026,0,0,0,0,0,0,0,0,0,0,0,0,0,0,0,0,0,0,,,,,,,,,
1526198935875552,100054563795107,"Almaíso at Finca El Drago","Scott is the kind of person who turns ideas into something real.

A path.
A garden bed.
A tree finding its place.
A structure built by hand.

With a background in fine arts, carpentry, landscaping and years of creating his own projects, he brings imagination, skill and a hands-on spirit to Almaíso.

Today, much of his care goes into Almaíso Verde, where he plants, builds and helps create the conditions for life to grow.

What makes Scott’s presence so special is not only what he creates, but the energy he brings while creating it.

Humour.
Attention.
Lightness.
A simple joy in being close to the land.

He reminds us that reconnecting with nature does not need to be complicated. Sometimes it begins with noticing what is already growing, laughing together and caring for one small thing at a time.

We feel grateful to have Scott guiding this green part of Almaíso.

Because he does not only help plants grow.

He helps this vision take root.

Thank you, Scott, for caring for Almaíso Verde with so much patience, love and joy.

—

Scott es una de esas personas que transforma las ideas en algo real.

Un camino.
Un bancal.
Un árbol encontrando su lugar.
Una estructura hecha con sus propias manos.

Con formación en bellas artes, carpintería, paisajismo y años creando sus propios proyectos, trae a Almaíso imaginación, oficio y una energía muy práctica.

Hoy, gran parte de su cuidado está en Almaíso Verde, donde planta, construye y ayuda a crear las condiciones para que la vida crezca.

Lo que hace tan especial la presencia de Scott no es solo lo que crea, sino la energía que trae mientras lo crea.

Humor.
Atención.
Ligereza.
Una alegría simple de estar cerca de la tierra.

Nos recuerda que reconectar con la naturaleza no tiene por qué ser complicado. A veces empieza por mirar lo que ya está creciendo, reír juntos y cuidar una pequeña cosa a la vez.

Nos sentimos agradecidos de tener a Scott guiando esta parte verde de Almaíso.

Porque no solo ayuda a que las plantas crezcan.

Ayuda a que esta visión eche raíces.

Gracias, Scott, por cuidar Almaíso Verde con tanta paciencia, amor y alegría.

#Almaíso #community #permakultur #permaculture #sostenibilitá",,0,"06/19/2026 04:40",N/A,https://www.facebook.com/finca.el.drago/posts/pfbid02UeEcTaKnkShGcEDJX7hkJyXAkeenvVhcjvCc6CUaQk4hXUxq7pHo9CvovX3zuah8l,0,0,Photos,,,,,06/25/2026,0,0,0,0,0,0,0,0,0,0,0,0,0,0,0,0,0,0,,,,,,,,,
1526198935875552,100054563795107,"Almaíso at Finca El Drago","Scott is the kind of person who turns ideas into something real.

A path.
A garden bed.
A tree finding its place.
A structure built by hand.

With a background in fine arts, carpentry, landscaping and years of creating his own projects, he brings imagination, skill and a hands-on spirit to Almaíso.

Today, much of his care goes into Almaíso Verde, where he plants, builds and helps create the conditions for life to grow.

What makes Scott’s presence so special is not only what he creates, but the energy he brings while creating it.

Humour.
Attention.
Lightness.
A simple joy in being close to the land.

He reminds us that reconnecting with nature does not need to be complicated. Sometimes it begins with noticing what is already growing, laughing together and caring for one small thing at a time.

We feel grateful to have Scott guiding this green part of Almaíso.

Because he does not only help plants grow.

He helps this vision take root.

Thank you, Scott, for caring for Almaíso Verde with so much patience, love and joy.

—

Scott es una de esas personas que transforma las ideas en algo real.

Un camino.
Un bancal.
Un árbol encontrando su lugar.
Una estructura hecha con sus propias manos.

Con formación en bellas artes, carpintería, paisajismo y años creando sus propios proyectos, trae a Almaíso imaginación, oficio y una energía muy práctica.

Hoy, gran parte de su cuidado está en Almaíso Verde, donde planta, construye y ayuda a crear las condiciones para que la vida crezca.

Lo que hace tan especial la presencia de Scott no es solo lo que crea, sino la energía que trae mientras lo crea.

Humor.
Atención.
Ligereza.
Una alegría simple de estar cerca de la tierra.

Nos recuerda que reconectar con la naturaleza no tiene por qué ser complicado. A veces empieza por mirar lo que ya está creciendo, reír juntos y cuidar una pequeña cosa a la vez.

Nos sentimos agradecidos de tener a Scott guiando esta parte verde de Almaíso.

Porque no solo ayuda a que las plantas crezcan.

Ayuda a que esta visión eche raíces.

Gracias, Scott, por cuidar Almaíso Verde con tanta paciencia, amor y alegría.

#Almaíso #community #permakultur #permaculture #sostenibilitá",,0,"06/19/2026 04:40",N/A,https://www.facebook.com/finca.el.drago/posts/pfbid02UeEcTaKnkShGcEDJX7hkJyXAkeenvVhcjvCc6CUaQk4hXUxq7pHo9CvovX3zuah8l,0,0,Photos,,,,,06/26/2026,0,0,0,0,0,0,0,0,0,0,0,0,0,0,0,0,0,0,,,,,,,,,
1526198935875552,100054563795107,"Almaíso at Finca El Drago","Scott is the kind of person who turns ideas into something real.

A path.
A garden bed.
A tree finding its place.
A structure built by hand.

With a background in fine arts, carpentry, landscaping and years of creating his own projects, he brings imagination, skill and a hands-on spirit to Almaíso.

Today, much of his care goes into Almaíso Verde, where he plants, builds and helps create the conditions for life to grow.

What makes Scott’s presence so special is not only what he creates, but the energy he brings while creating it.

Humour.
Attention.
Lightness.
A simple joy in being close to the land.

He reminds us that reconnecting with nature does not need to be complicated. Sometimes it begins with noticing what is already growing, laughing together and caring for one small thing at a time.

We feel grateful to have Scott guiding this green part of Almaíso.

Because he does not only help plants grow.

He helps this vision take root.

Thank you, Scott, for caring for Almaíso Verde with so much patience, love and joy.

—

Scott es una de esas personas que transforma las ideas en algo real.

Un camino.
Un bancal.
Un árbol encontrando su lugar.
Una estructura hecha con sus propias manos.

Con formación en bellas artes, carpintería, paisajismo y años creando sus propios proyectos, trae a Almaíso imaginación, oficio y una energía muy práctica.

Hoy, gran parte de su cuidado está en Almaíso Verde, donde planta, construye y ayuda a crear las condiciones para que la vida crezca.

Lo que hace tan especial la presencia de Scott no es solo lo que crea, sino la energía que trae mientras lo crea.

Humor.
Atención.
Ligereza.
Una alegría simple de estar cerca de la tierra.

Nos recuerda que reconectar con la naturaleza no tiene por qué ser complicado. A veces empieza por mirar lo que ya está creciendo, reír juntos y cuidar una pequeña cosa a la vez.

Nos sentimos agradecidos de tener a Scott guiando esta parte verde de Almaíso.

Porque no solo ayuda a que las plantas crezcan.

Ayuda a que esta visión eche raíces.

Gracias, Scott, por cuidar Almaíso Verde con tanta paciencia, amor y alegría.

#Almaíso #community #permakultur #permaculture #sostenibilitá",,0,"06/19/2026 04:40",N/A,https://www.facebook.com/finca.el.drago/posts/pfbid02UeEcTaKnkShGcEDJX7hkJyXAkeenvVhcjvCc6CUaQk4hXUxq7pHo9CvovX3zuah8l,0,0,Photos,,,,,06/27/2026,0,0,0,0,0,0,0,0,0,0,0,0,0,0,0,0,0,0,,,,,,,,,
1526198935875552,100054563795107,"Almaíso at Finca El Drago","Scott is the kind of person who turns ideas into something real.

A path.
A garden bed.
A tree finding its place.
A structure built by hand.

With a background in fine arts, carpentry, landscaping and years of creating his own projects, he brings imagination, skill and a hands-on spirit to Almaíso.

Today, much of his care goes into Almaíso Verde, where he plants, builds and helps create the conditions for life to grow.

What makes Scott’s presence so special is not only what he creates, but the energy he brings while creating it.

Humour.
Attention.
Lightness.
A simple joy in being close to the land.

He reminds us that reconnecting with nature does not need to be complicated. Sometimes it begins with noticing what is already growing, laughing together and caring for one small thing at a time.

We feel grateful to have Scott guiding this green part of Almaíso.

Because he does not only help plants grow.

He helps this vision take root.

Thank you, Scott, for caring for Almaíso Verde with so much patience, love and joy.

—

Scott es una de esas personas que transforma las ideas en algo real.

Un camino.
Un bancal.
Un árbol encontrando su lugar.
Una estructura hecha con sus propias manos.

Con formación en bellas artes, carpintería, paisajismo y años creando sus propios proyectos, trae a Almaíso imaginación, oficio y una energía muy práctica.

Hoy, gran parte de su cuidado está en Almaíso Verde, donde planta, construye y ayuda a crear las condiciones para que la vida crezca.

Lo que hace tan especial la presencia de Scott no es solo lo que crea, sino la energía que trae mientras lo crea.

Humor.
Atención.
Ligereza.
Una alegría simple de estar cerca de la tierra.

Nos recuerda que reconectar con la naturaleza no tiene por qué ser complicado. A veces empieza por mirar lo que ya está creciendo, reír juntos y cuidar una pequeña cosa a la vez.

Nos sentimos agradecidos de tener a Scott guiando esta parte verde de Almaíso.

Porque no solo ayuda a que las plantas crezcan.

Ayuda a que esta visión eche raíces.

Gracias, Scott, por cuidar Almaíso Verde con tanta paciencia, amor y alegría.

#Almaíso #community #permakultur #permaculture #sostenibilitá",,0,"06/19/2026 04:40",N/A,https://www.facebook.com/finca.el.drago/posts/pfbid02UeEcTaKnkShGcEDJX7hkJyXAkeenvVhcjvCc6CUaQk4hXUxq7pHo9CvovX3zuah8l,0,0,Photos,,,,,06/28/2026,0,0,0,0,0,0,0,0,0,0,0,0,0,0,0,0,0,0,,,,,,,,,
1526198935875552,100054563795107,"Almaíso at Finca El Drago","Scott is the kind of person who turns ideas into something real.

A path.
A garden bed.
A tree finding its place.
A structure built by hand.

With a background in fine arts, carpentry, landscaping and years of creating his own projects, he brings imagination, skill and a hands-on spirit to Almaíso.

Today, much of his care goes into Almaíso Verde, where he plants, builds and helps create the conditions for life to grow.

What makes Scott’s presence so special is not only what he creates, but the energy he brings while creating it.

Humour.
Attention.
Lightness.
A simple joy in being close to the land.

He reminds us that reconnecting with nature does not need to be complicated. Sometimes it begins with noticing what is already growing, laughing together and caring for one small thing at a time.

We feel grateful to have Scott guiding this green part of Almaíso.

Because he does not only help plants grow.

He helps this vision take root.

Thank you, Scott, for caring for Almaíso Verde with so much patience, love and joy.

—

Scott es una de esas personas que transforma las ideas en algo real.

Un camino.
Un bancal.
Un árbol encontrando su lugar.
Una estructura hecha con sus propias manos.

Con formación en bellas artes, carpintería, paisajismo y años creando sus propios proyectos, trae a Almaíso imaginación, oficio y una energía muy práctica.

Hoy, gran parte de su cuidado está en Almaíso Verde, donde planta, construye y ayuda a crear las condiciones para que la vida crezca.

Lo que hace tan especial la presencia de Scott no es solo lo que crea, sino la energía que trae mientras lo crea.

Humor.
Atención.
Ligereza.
Una alegría simple de estar cerca de la tierra.

Nos recuerda que reconectar con la naturaleza no tiene por qué ser complicado. A veces empieza por mirar lo que ya está creciendo, reír juntos y cuidar una pequeña cosa a la vez.

Nos sentimos agradecidos de tener a Scott guiando esta parte verde de Almaíso.

Porque no solo ayuda a que las plantas crezcan.

Ayuda a que esta visión eche raíces.

Gracias, Scott, por cuidar Almaíso Verde con tanta paciencia, amor y alegría.

#Almaíso #community #permakultur #permaculture #sostenibilitá",,0,"06/19/2026 04:40",N/A,https://www.facebook.com/finca.el.drago/posts/pfbid02UeEcTaKnkShGcEDJX7hkJyXAkeenvVhcjvCc6CUaQk4hXUxq7pHo9CvovX3zuah8l,0,0,Photos,,,,,06/29/2026,0,0,0,0,0,0,0,0,0,0,0,0,0,0,0,0,0,0,,,,,,,,,
1526198935875552,100054563795107,"Almaíso at Finca El Drago","Scott is the kind of person who turns ideas into something real.

A path.
A garden bed.
A tree finding its place.
A structure built by hand.

With a background in fine arts, carpentry, landscaping and years of creating his own projects, he brings imagination, skill and a hands-on spirit to Almaíso.

Today, much of his care goes into Almaíso Verde, where he plants, builds and helps create the conditions for life to grow.

What makes Scott’s presence so special is not only what he creates, but the energy he brings while creating it.

Humour.
Attention.
Lightness.
A simple joy in being close to the land.

He reminds us that reconnecting with nature does not need to be complicated. Sometimes it begins with noticing what is already growing, laughing together and caring for one small thing at a time.

We feel grateful to have Scott guiding this green part of Almaíso.

Because he does not only help plants grow.

He helps this vision take root.

Thank you, Scott, for caring for Almaíso Verde with so much patience, love and joy.

—

Scott es una de esas personas que transforma las ideas en algo real.

Un camino.
Un bancal.
Un árbol encontrando su lugar.
Una estructura hecha con sus propias manos.

Con formación en bellas artes, carpintería, paisajismo y años creando sus propios proyectos, trae a Almaíso imaginación, oficio y una energía muy práctica.

Hoy, gran parte de su cuidado está en Almaíso Verde, donde planta, construye y ayuda a crear las condiciones para que la vida crezca.

Lo que hace tan especial la presencia de Scott no es solo lo que crea, sino la energía que trae mientras lo crea.

Humor.
Atención.
Ligereza.
Una alegría simple de estar cerca de la tierra.

Nos recuerda que reconectar con la naturaleza no tiene por qué ser complicado. A veces empieza por mirar lo que ya está creciendo, reír juntos y cuidar una pequeña cosa a la vez.

Nos sentimos agradecidos de tener a Scott guiando esta parte verde de Almaíso.

Porque no solo ayuda a que las plantas crezcan.

Ayuda a que esta visión eche raíces.

Gracias, Scott, por cuidar Almaíso Verde con tanta paciencia, amor y alegría.

#Almaíso #community #permakultur #permaculture #sostenibilitá",,0,"06/19/2026 04:40",N/A,https://www.facebook.com/finca.el.drago/posts/pfbid02UeEcTaKnkShGcEDJX7hkJyXAkeenvVhcjvCc6CUaQk4hXUxq7pHo9CvovX3zuah8l,0,0,Photos,,,,,06/30/2026,0,0,0,0,0,0,0,0,0,0,0,0,0,0,0,0,0,0,,,,,,,,,
1526194675875978,100054563795107,"Almaíso at Finca El Drago","Scott is the kind of person who turns ideas into something real.

A path.
A garden bed.
A tree finding its place.
A structure built by hand.

With a background in fine arts, carpentry, landscaping and years of creating his own projects, he brings imagination, skill and a hands-on spirit to Almaíso.

Today, much of his care goes into Almaíso Verde, where he plants, builds and helps create the conditions for life to grow.

What makes Scott’s presence so special is not only what he creates, but the energy he brings while creating it.

Humour.
Attention.
Lightness.
A simple joy in being close to the land.

He reminds us that reconnecting with nature does not need to be complicated. Sometimes it begins with noticing what is already growing, laughing together and caring for one small thing at a time.

We feel grateful to have Scott guiding this green part of Almaíso.

Because he does not only help plants grow.

He helps this vision take root.

Thank you, Scott, for caring for Almaíso Verde with so much patience, love and joy.

—

Scott es una de esas personas que transforma las ideas en algo real.

Un camino.
Un bancal.
Un árbol encontrando su lugar.
Una estructura hecha con sus propias manos.

Con formación en bellas artes, carpintería, paisajismo y años creando sus propios proyectos, trae a Almaíso imaginación, oficio y una energía muy práctica.

Hoy, gran parte de su cuidado está en Almaíso Verde, donde planta, construye y ayuda a crear las condiciones para que la vida crezca.

Lo que hace tan especial la presencia de Scott no es solo lo que crea, sino la energía que trae mientras lo crea.

Humor.
Atención.
Ligereza.
Una alegría simple de estar cerca de la tierra.

Nos recuerda que reconectar con la naturaleza no tiene por qué ser complicado. A veces empieza por mirar lo que ya está creciendo, reír juntos y cuidar una pequeña cosa a la vez.

Nos sentimos agradecidos de tener a Scott guiando esta parte verde de Almaíso.

Porque no solo ayuda a que las plantas crezcan.

Ayuda a que esta visión eche raíces.

Gracias, Scott, por cuidar Almaíso Verde con tanta paciencia, amor y alegría.

#Almaiso #Community #sustainability #permakultur #permaculture",,0,"06/19/2026 04:33",N/A,https://www.facebook.com/finca.el.drago/posts/pfbid0oJwpVHJhsfdHrJswGHjnqBcqe5dSu4rzyHrA7Si4Lh9RafQPvwwfMsgYVufy8uPQl,0,0,Photos,,,,,06/01/2026,0,0,0,0,0,0,0,0,0,0,0,0,0,0,0,0,0,0,,,,,,,,,
1526194675875978,100054563795107,"Almaíso at Finca El Drago","Scott is the kind of person who turns ideas into something real.

A path.
A garden bed.
A tree finding its place.
A structure built by hand.

With a background in fine arts, carpentry, landscaping and years of creating his own projects, he brings imagination, skill and a hands-on spirit to Almaíso.

Today, much of his care goes into Almaíso Verde, where he plants, builds and helps create the conditions for life to grow.

What makes Scott’s presence so special is not only what he creates, but the energy he brings while creating it.

Humour.
Attention.
Lightness.
A simple joy in being close to the land.

He reminds us that reconnecting with nature does not need to be complicated. Sometimes it begins with noticing what is already growing, laughing together and caring for one small thing at a time.

We feel grateful to have Scott guiding this green part of Almaíso.

Because he does not only help plants grow.

He helps this vision take root.

Thank you, Scott, for caring for Almaíso Verde with so much patience, love and joy.

—

Scott es una de esas personas que transforma las ideas en algo real.

Un camino.
Un bancal.
Un árbol encontrando su lugar.
Una estructura hecha con sus propias manos.

Con formación en bellas artes, carpintería, paisajismo y años creando sus propios proyectos, trae a Almaíso imaginación, oficio y una energía muy práctica.

Hoy, gran parte de su cuidado está en Almaíso Verde, donde planta, construye y ayuda a crear las condiciones para que la vida crezca.

Lo que hace tan especial la presencia de Scott no es solo lo que crea, sino la energía que trae mientras lo crea.

Humor.
Atención.
Ligereza.
Una alegría simple de estar cerca de la tierra.

Nos recuerda que reconectar con la naturaleza no tiene por qué ser complicado. A veces empieza por mirar lo que ya está creciendo, reír juntos y cuidar una pequeña cosa a la vez.

Nos sentimos agradecidos de tener a Scott guiando esta parte verde de Almaíso.

Porque no solo ayuda a que las plantas crezcan.

Ayuda a que esta visión eche raíces.

Gracias, Scott, por cuidar Almaíso Verde con tanta paciencia, amor y alegría.

#Almaiso #Community #sustainability #permakultur #permaculture",,0,"06/19/2026 04:33",N/A,https://www.facebook.com/finca.el.drago/posts/pfbid0oJwpVHJhsfdHrJswGHjnqBcqe5dSu4rzyHrA7Si4Lh9RafQPvwwfMsgYVufy8uPQl,0,0,Photos,,,,,06/02/2026,0,0,0,0,0,0,0,0,0,0,0,0,0,0,0,0,0,0,,,,,,,,,
1526194675875978,100054563795107,"Almaíso at Finca El Drago","Scott is the kind of person who turns ideas into something real.

A path.
A garden bed.
A tree finding its place.
A structure built by hand.

With a background in fine arts, carpentry, landscaping and years of creating his own projects, he brings imagination, skill and a hands-on spirit to Almaíso.

Today, much of his care goes into Almaíso Verde, where he plants, builds and helps create the conditions for life to grow.

What makes Scott’s presence so special is not only what he creates, but the energy he brings while creating it.

Humour.
Attention.
Lightness.
A simple joy in being close to the land.

He reminds us that reconnecting with nature does not need to be complicated. Sometimes it begins with noticing what is already growing, laughing together and caring for one small thing at a time.

We feel grateful to have Scott guiding this green part of Almaíso.

Because he does not only help plants grow.

He helps this vision take root.

Thank you, Scott, for caring for Almaíso Verde with so much patience, love and joy.

—

Scott es una de esas personas que transforma las ideas en algo real.

Un camino.
Un bancal.
Un árbol encontrando su lugar.
Una estructura hecha con sus propias manos.

Con formación en bellas artes, carpintería, paisajismo y años creando sus propios proyectos, trae a Almaíso imaginación, oficio y una energía muy práctica.

Hoy, gran parte de su cuidado está en Almaíso Verde, donde planta, construye y ayuda a crear las condiciones para que la vida crezca.

Lo que hace tan especial la presencia de Scott no es solo lo que crea, sino la energía que trae mientras lo crea.

Humor.
Atención.
Ligereza.
Una alegría simple de estar cerca de la tierra.

Nos recuerda que reconectar con la naturaleza no tiene por qué ser complicado. A veces empieza por mirar lo que ya está creciendo, reír juntos y cuidar una pequeña cosa a la vez.

Nos sentimos agradecidos de tener a Scott guiando esta parte verde de Almaíso.

Porque no solo ayuda a que las plantas crezcan.

Ayuda a que esta visión eche raíces.

Gracias, Scott, por cuidar Almaíso Verde con tanta paciencia, amor y alegría.

#Almaiso #Community #sustainability #permakultur #permaculture",,0,"06/19/2026 04:33",N/A,https://www.facebook.com/finca.el.drago/posts/pfbid0oJwpVHJhsfdHrJswGHjnqBcqe5dSu4rzyHrA7Si4Lh9RafQPvwwfMsgYVufy8uPQl,0,0,Photos,,,,,06/03/2026,0,0,0,0,0,0,0,0,0,0,0,0,0,0,0,0,0,0,,,,,,,,,
1526194675875978,100054563795107,"Almaíso at Finca El Drago","Scott is the kind of person who turns ideas into something real.

A path.
A garden bed.
A tree finding its place.
A structure built by hand.

With a background in fine arts, carpentry, landscaping and years of creating his own projects, he brings imagination, skill and a hands-on spirit to Almaíso.

Today, much of his care goes into Almaíso Verde, where he plants, builds and helps create the conditions for life to grow.

What makes Scott’s presence so special is not only what he creates, but the energy he brings while creating it.

Humour.
Attention.
Lightness.
A simple joy in being close to the land.

He reminds us that reconnecting with nature does not need to be complicated. Sometimes it begins with noticing what is already growing, laughing together and caring for one small thing at a time.

We feel grateful to have Scott guiding this green part of Almaíso.

Because he does not only help plants grow.

He helps this vision take root.

Thank you, Scott, for caring for Almaíso Verde with so much patience, love and joy.

—

Scott es una de esas personas que transforma las ideas en algo real.

Un camino.
Un bancal.
Un árbol encontrando su lugar.
Una estructura hecha con sus propias manos.

Con formación en bellas artes, carpintería, paisajismo y años creando sus propios proyectos, trae a Almaíso imaginación, oficio y una energía muy práctica.

Hoy, gran parte de su cuidado está en Almaíso Verde, donde planta, construye y ayuda a crear las condiciones para que la vida crezca.

Lo que hace tan especial la presencia de Scott no es solo lo que crea, sino la energía que trae mientras lo crea.

Humor.
Atención.
Ligereza.
Una alegría simple de estar cerca de la tierra.

Nos recuerda que reconectar con la naturaleza no tiene por qué ser complicado. A veces empieza por mirar lo que ya está creciendo, reír juntos y cuidar una pequeña cosa a la vez.

Nos sentimos agradecidos de tener a Scott guiando esta parte verde de Almaíso.

Porque no solo ayuda a que las plantas crezcan.

Ayuda a que esta visión eche raíces.

Gracias, Scott, por cuidar Almaíso Verde con tanta paciencia, amor y alegría.

#Almaiso #Community #sustainability #permakultur #permaculture",,0,"06/19/2026 04:33",N/A,https://www.facebook.com/finca.el.drago/posts/pfbid0oJwpVHJhsfdHrJswGHjnqBcqe5dSu4rzyHrA7Si4Lh9RafQPvwwfMsgYVufy8uPQl,0,0,Photos,,,,,06/04/2026,0,0,0,0,0,0,0,0,0,0,0,0,0,0,0,0,0,0,,,,,,,,,
1526194675875978,100054563795107,"Almaíso at Finca El Drago","Scott is the kind of person who turns ideas into something real.

A path.
A garden bed.
A tree finding its place.
A structure built by hand.

With a background in fine arts, carpentry, landscaping and years of creating his own projects, he brings imagination, skill and a hands-on spirit to Almaíso.

Today, much of his care goes into Almaíso Verde, where he plants, builds and helps create the conditions for life to grow.

What makes Scott’s presence so special is not only what he creates, but the energy he brings while creating it.

Humour.
Attention.
Lightness.
A simple joy in being close to the land.

He reminds us that reconnecting with nature does not need to be complicated. Sometimes it begins with noticing what is already growing, laughing together and caring for one small thing at a time.

We feel grateful to have Scott guiding this green part of Almaíso.

Because he does not only help plants grow.

He helps this vision take root.

Thank you, Scott, for caring for Almaíso Verde with so much patience, love and joy.

—

Scott es una de esas personas que transforma las ideas en algo real.

Un camino.
Un bancal.
Un árbol encontrando su lugar.
Una estructura hecha con sus propias manos.

Con formación en bellas artes, carpintería, paisajismo y años creando sus propios proyectos, trae a Almaíso imaginación, oficio y una energía muy práctica.

Hoy, gran parte de su cuidado está en Almaíso Verde, donde planta, construye y ayuda a crear las condiciones para que la vida crezca.

Lo que hace tan especial la presencia de Scott no es solo lo que crea, sino la energía que trae mientras lo crea.

Humor.
Atención.
Ligereza.
Una alegría simple de estar cerca de la tierra.

Nos recuerda que reconectar con la naturaleza no tiene por qué ser complicado. A veces empieza por mirar lo que ya está creciendo, reír juntos y cuidar una pequeña cosa a la vez.

Nos sentimos agradecidos de tener a Scott guiando esta parte verde de Almaíso.

Porque no solo ayuda a que las plantas crezcan.

Ayuda a que esta visión eche raíces.

Gracias, Scott, por cuidar Almaíso Verde con tanta paciencia, amor y alegría.

#Almaiso #Community #sustainability #permakultur #permaculture",,0,"06/19/2026 04:33",N/A,https://www.facebook.com/finca.el.drago/posts/pfbid0oJwpVHJhsfdHrJswGHjnqBcqe5dSu4rzyHrA7Si4Lh9RafQPvwwfMsgYVufy8uPQl,0,0,Photos,,,,,06/05/2026,0,0,0,0,0,0,0,0,0,0,0,0,0,0,0,0,0,0,,,,,,,,,
1526194675875978,100054563795107,"Almaíso at Finca El Drago","Scott is the kind of person who turns ideas into something real.

A path.
A garden bed.
A tree finding its place.
A structure built by hand.

With a background in fine arts, carpentry, landscaping and years of creating his own projects, he brings imagination, skill and a hands-on spirit to Almaíso.

Today, much of his care goes into Almaíso Verde, where he plants, builds and helps create the conditions for life to grow.

What makes Scott’s presence so special is not only what he creates, but the energy he brings while creating it.

Humour.
Attention.
Lightness.
A simple joy in being close to the land.

He reminds us that reconnecting with nature does not need to be complicated. Sometimes it begins with noticing what is already growing, laughing together and caring for one small thing at a time.

We feel grateful to have Scott guiding this green part of Almaíso.

Because he does not only help plants grow.

He helps this vision take root.

Thank you, Scott, for caring for Almaíso Verde with so much patience, love and joy.

—

Scott es una de esas personas que transforma las ideas en algo real.

Un camino.
Un bancal.
Un árbol encontrando su lugar.
Una estructura hecha con sus propias manos.

Con formación en bellas artes, carpintería, paisajismo y años creando sus propios proyectos, trae a Almaíso imaginación, oficio y una energía muy práctica.

Hoy, gran parte de su cuidado está en Almaíso Verde, donde planta, construye y ayuda a crear las condiciones para que la vida crezca.

Lo que hace tan especial la presencia de Scott no es solo lo que crea, sino la energía que trae mientras lo crea.

Humor.
Atención.
Ligereza.
Una alegría simple de estar cerca de la tierra.

Nos recuerda que reconectar con la naturaleza no tiene por qué ser complicado. A veces empieza por mirar lo que ya está creciendo, reír juntos y cuidar una pequeña cosa a la vez.

Nos sentimos agradecidos de tener a Scott guiando esta parte verde de Almaíso.

Porque no solo ayuda a que las plantas crezcan.

Ayuda a que esta visión eche raíces.

Gracias, Scott, por cuidar Almaíso Verde con tanta paciencia, amor y alegría.

#Almaiso #Community #sustainability #permakultur #permaculture",,0,"06/19/2026 04:33",N/A,https://www.facebook.com/finca.el.drago/posts/pfbid0oJwpVHJhsfdHrJswGHjnqBcqe5dSu4rzyHrA7Si4Lh9RafQPvwwfMsgYVufy8uPQl,0,0,Photos,,,,,06/06/2026,0,0,0,0,0,0,0,0,0,0,0,0,0,0,0,0,0,0,,,,,,,,,
1526194675875978,100054563795107,"Almaíso at Finca El Drago","Scott is the kind of person who turns ideas into something real.

A path.
A garden bed.
A tree finding its place.
A structure built by hand.

With a background in fine arts, carpentry, landscaping and years of creating his own projects, he brings imagination, skill and a hands-on spirit to Almaíso.

Today, much of his care goes into Almaíso Verde, where he plants, builds and helps create the conditions for life to grow.

What makes Scott’s presence so special is not only what he creates, but the energy he brings while creating it.

Humour.
Attention.
Lightness.
A simple joy in being close to the land.

He reminds us that reconnecting with nature does not need to be complicated. Sometimes it begins with noticing what is already growing, laughing together and caring for one small thing at a time.

We feel grateful to have Scott guiding this green part of Almaíso.

Because he does not only help plants grow.

He helps this vision take root.

Thank you, Scott, for caring for Almaíso Verde with so much patience, love and joy.

—

Scott es una de esas personas que transforma las ideas en algo real.

Un camino.
Un bancal.
Un árbol encontrando su lugar.
Una estructura hecha con sus propias manos.

Con formación en bellas artes, carpintería, paisajismo y años creando sus propios proyectos, trae a Almaíso imaginación, oficio y una energía muy práctica.

Hoy, gran parte de su cuidado está en Almaíso Verde, donde planta, construye y ayuda a crear las condiciones para que la vida crezca.

Lo que hace tan especial la presencia de Scott no es solo lo que crea, sino la energía que trae mientras lo crea.

Humor.
Atención.
Ligereza.
Una alegría simple de estar cerca de la tierra.

Nos recuerda que reconectar con la naturaleza no tiene por qué ser complicado. A veces empieza por mirar lo que ya está creciendo, reír juntos y cuidar una pequeña cosa a la vez.

Nos sentimos agradecidos de tener a Scott guiando esta parte verde de Almaíso.

Porque no solo ayuda a que las plantas crezcan.

Ayuda a que esta visión eche raíces.

Gracias, Scott, por cuidar Almaíso Verde con tanta paciencia, amor y alegría.

#Almaiso #Community #sustainability #permakultur #permaculture",,0,"06/19/2026 04:33",N/A,https://www.facebook.com/finca.el.drago/posts/pfbid0oJwpVHJhsfdHrJswGHjnqBcqe5dSu4rzyHrA7Si4Lh9RafQPvwwfMsgYVufy8uPQl,0,0,Photos,,,,,06/07/2026,0,0,0,0,0,0,0,0,0,0,0,0,0,0,0,0,0,0,,,,,,,,,
1526194675875978,100054563795107,"Almaíso at Finca El Drago","Scott is the kind of person who turns ideas into something real.

A path.
A garden bed.
A tree finding its place.
A structure built by hand.

With a background in fine arts, carpentry, landscaping and years of creating his own projects, he brings imagination, skill and a hands-on spirit to Almaíso.

Today, much of his care goes into Almaíso Verde, where he plants, builds and helps create the conditions for life to grow.

What makes Scott’s presence so special is not only what he creates, but the energy he brings while creating it.

Humour.
Attention.
Lightness.
A simple joy in being close to the land.

He reminds us that reconnecting with nature does not need to be complicated. Sometimes it begins with noticing what is already growing, laughing together and caring for one small thing at a time.

We feel grateful to have Scott guiding this green part of Almaíso.

Because he does not only help plants grow.

He helps this vision take root.

Thank you, Scott, for caring for Almaíso Verde with so much patience, love and joy.

—

Scott es una de esas personas que transforma las ideas en algo real.

Un camino.
Un bancal.
Un árbol encontrando su lugar.
Una estructura hecha con sus propias manos.

Con formación en bellas artes, carpintería, paisajismo y años creando sus propios proyectos, trae a Almaíso imaginación, oficio y una energía muy práctica.

Hoy, gran parte de su cuidado está en Almaíso Verde, donde planta, construye y ayuda a crear las condiciones para que la vida crezca.

Lo que hace tan especial la presencia de Scott no es solo lo que crea, sino la energía que trae mientras lo crea.

Humor.
Atención.
Ligereza.
Una alegría simple de estar cerca de la tierra.

Nos recuerda que reconectar con la naturaleza no tiene por qué ser complicado. A veces empieza por mirar lo que ya está creciendo, reír juntos y cuidar una pequeña cosa a la vez.

Nos sentimos agradecidos de tener a Scott guiando esta parte verde de Almaíso.

Porque no solo ayuda a que las plantas crezcan.

Ayuda a que esta visión eche raíces.

Gracias, Scott, por cuidar Almaíso Verde con tanta paciencia, amor y alegría.

#Almaiso #Community #sustainability #permakultur #permaculture",,0,"06/19/2026 04:33",N/A,https://www.facebook.com/finca.el.drago/posts/pfbid0oJwpVHJhsfdHrJswGHjnqBcqe5dSu4rzyHrA7Si4Lh9RafQPvwwfMsgYVufy8uPQl,0,0,Photos,,,,,06/08/2026,0,0,0,0,0,0,0,0,0,0,0,0,0,0,0,0,0,0,,,,,,,,,
1526194675875978,100054563795107,"Almaíso at Finca El Drago","Scott is the kind of person who turns ideas into something real.

A path.
A garden bed.
A tree finding its place.
A structure built by hand.

With a background in fine arts, carpentry, landscaping and years of creating his own projects, he brings imagination, skill and a hands-on spirit to Almaíso.

Today, much of his care goes into Almaíso Verde, where he plants, builds and helps create the conditions for life to grow.

What makes Scott’s presence so special is not only what he creates, but the energy he brings while creating it.

Humour.
Attention.
Lightness.
A simple joy in being close to the land.

He reminds us that reconnecting with nature does not need to be complicated. Sometimes it begins with noticing what is already growing, laughing together and caring for one small thing at a time.

We feel grateful to have Scott guiding this green part of Almaíso.

Because he does not only help plants grow.

He helps this vision take root.

Thank you, Scott, for caring for Almaíso Verde with so much patience, love and joy.

—

Scott es una de esas personas que transforma las ideas en algo real.

Un camino.
Un bancal.
Un árbol encontrando su lugar.
Una estructura hecha con sus propias manos.

Con formación en bellas artes, carpintería, paisajismo y años creando sus propios proyectos, trae a Almaíso imaginación, oficio y una energía muy práctica.

Hoy, gran parte de su cuidado está en Almaíso Verde, donde planta, construye y ayuda a crear las condiciones para que la vida crezca.

Lo que hace tan especial la presencia de Scott no es solo lo que crea, sino la energía que trae mientras lo crea.

Humor.
Atención.
Ligereza.
Una alegría simple de estar cerca de la tierra.

Nos recuerda que reconectar con la naturaleza no tiene por qué ser complicado. A veces empieza por mirar lo que ya está creciendo, reír juntos y cuidar una pequeña cosa a la vez.

Nos sentimos agradecidos de tener a Scott guiando esta parte verde de Almaíso.

Porque no solo ayuda a que las plantas crezcan.

Ayuda a que esta visión eche raíces.

Gracias, Scott, por cuidar Almaíso Verde con tanta paciencia, amor y alegría.

#Almaiso #Community #sustainability #permakultur #permaculture",,0,"06/19/2026 04:33",N/A,https://www.facebook.com/finca.el.drago/posts/pfbid0oJwpVHJhsfdHrJswGHjnqBcqe5dSu4rzyHrA7Si4Lh9RafQPvwwfMsgYVufy8uPQl,0,0,Photos,,,,,06/09/2026,0,0,0,0,0,0,0,0,0,0,0,0,0,0,0,0,0,0,,,,,,,,,
1526194675875978,100054563795107,"Almaíso at Finca El Drago","Scott is the kind of person who turns ideas into something real.

A path.
A garden bed.
A tree finding its place.
A structure built by hand.

With a background in fine arts, carpentry, landscaping and years of creating his own projects, he brings imagination, skill and a hands-on spirit to Almaíso.

Today, much of his care goes into Almaíso Verde, where he plants, builds and helps create the conditions for life to grow.

What makes Scott’s presence so special is not only what he creates, but the energy he brings while creating it.

Humour.
Attention.
Lightness.
A simple joy in being close to the land.

He reminds us that reconnecting with nature does not need to be complicated. Sometimes it begins with noticing what is already growing, laughing together and caring for one small thing at a time.

We feel grateful to have Scott guiding this green part of Almaíso.

Because he does not only help plants grow.

He helps this vision take root.

Thank you, Scott, for caring for Almaíso Verde with so much patience, love and joy.

—

Scott es una de esas personas que transforma las ideas en algo real.

Un camino.
Un bancal.
Un árbol encontrando su lugar.
Una estructura hecha con sus propias manos.

Con formación en bellas artes, carpintería, paisajismo y años creando sus propios proyectos, trae a Almaíso imaginación, oficio y una energía muy práctica.

Hoy, gran parte de su cuidado está en Almaíso Verde, donde planta, construye y ayuda a crear las condiciones para que la vida crezca.

Lo que hace tan especial la presencia de Scott no es solo lo que crea, sino la energía que trae mientras lo crea.

Humor.
Atención.
Ligereza.
Una alegría simple de estar cerca de la tierra.

Nos recuerda que reconectar con la naturaleza no tiene por qué ser complicado. A veces empieza por mirar lo que ya está creciendo, reír juntos y cuidar una pequeña cosa a la vez.

Nos sentimos agradecidos de tener a Scott guiando esta parte verde de Almaíso.

Porque no solo ayuda a que las plantas crezcan.

Ayuda a que esta visión eche raíces.

Gracias, Scott, por cuidar Almaíso Verde con tanta paciencia, amor y alegría.

#Almaiso #Community #sustainability #permakultur #permaculture",,0,"06/19/2026 04:33",N/A,https://www.facebook.com/finca.el.drago/posts/pfbid0oJwpVHJhsfdHrJswGHjnqBcqe5dSu4rzyHrA7Si4Lh9RafQPvwwfMsgYVufy8uPQl,0,0,Photos,,,,,06/10/2026,0,0,0,0,0,0,0,0,0,0,0,0,0,0,0,0,0,0,,,,,,,,,
1526194675875978,100054563795107,"Almaíso at Finca El Drago","Scott is the kind of person who turns ideas into something real.

A path.
A garden bed.
A tree finding its place.
A structure built by hand.

With a background in fine arts, carpentry, landscaping and years of creating his own projects, he brings imagination, skill and a hands-on spirit to Almaíso.

Today, much of his care goes into Almaíso Verde, where he plants, builds and helps create the conditions for life to grow.

What makes Scott’s presence so special is not only what he creates, but the energy he brings while creating it.

Humour.
Attention.
Lightness.
A simple joy in being close to the land.

He reminds us that reconnecting with nature does not need to be complicated. Sometimes it begins with noticing what is already growing, laughing together and caring for one small thing at a time.

We feel grateful to have Scott guiding this green part of Almaíso.

Because he does not only help plants grow.

He helps this vision take root.

Thank you, Scott, for caring for Almaíso Verde with so much patience, love and joy.

—

Scott es una de esas personas que transforma las ideas en algo real.

Un camino.
Un bancal.
Un árbol encontrando su lugar.
Una estructura hecha con sus propias manos.

Con formación en bellas artes, carpintería, paisajismo y años creando sus propios proyectos, trae a Almaíso imaginación, oficio y una energía muy práctica.

Hoy, gran parte de su cuidado está en Almaíso Verde, donde planta, construye y ayuda a crear las condiciones para que la vida crezca.

Lo que hace tan especial la presencia de Scott no es solo lo que crea, sino la energía que trae mientras lo crea.

Humor.
Atención.
Ligereza.
Una alegría simple de estar cerca de la tierra.

Nos recuerda que reconectar con la naturaleza no tiene por qué ser complicado. A veces empieza por mirar lo que ya está creciendo, reír juntos y cuidar una pequeña cosa a la vez.

Nos sentimos agradecidos de tener a Scott guiando esta parte verde de Almaíso.

Porque no solo ayuda a que las plantas crezcan.

Ayuda a que esta visión eche raíces.

Gracias, Scott, por cuidar Almaíso Verde con tanta paciencia, amor y alegría.

#Almaiso #Community #sustainability #permakultur #permaculture",,0,"06/19/2026 04:33",N/A,https://www.facebook.com/finca.el.drago/posts/pfbid0oJwpVHJhsfdHrJswGHjnqBcqe5dSu4rzyHrA7Si4Lh9RafQPvwwfMsgYVufy8uPQl,0,0,Photos,,,,,06/11/2026,0,0,0,0,0,0,0,0,0,0,0,0,0,0,0,0,0,0,,,,,,,,,
1526194675875978,100054563795107,"Almaíso at Finca El Drago","Scott is the kind of person who turns ideas into something real.

A path.
A garden bed.
A tree finding its place.
A structure built by hand.

With a background in fine arts, carpentry, landscaping and years of creating his own projects, he brings imagination, skill and a hands-on spirit to Almaíso.

Today, much of his care goes into Almaíso Verde, where he plants, builds and helps create the conditions for life to grow.

What makes Scott’s presence so special is not only what he creates, but the energy he brings while creating it.

Humour.
Attention.
Lightness.
A simple joy in being close to the land.

He reminds us that reconnecting with nature does not need to be complicated. Sometimes it begins with noticing what is already growing, laughing together and caring for one small thing at a time.

We feel grateful to have Scott guiding this green part of Almaíso.

Because he does not only help plants grow.

He helps this vision take root.

Thank you, Scott, for caring for Almaíso Verde with so much patience, love and joy.

—

Scott es una de esas personas que transforma las ideas en algo real.

Un camino.
Un bancal.
Un árbol encontrando su lugar.
Una estructura hecha con sus propias manos.

Con formación en bellas artes, carpintería, paisajismo y años creando sus propios proyectos, trae a Almaíso imaginación, oficio y una energía muy práctica.

Hoy, gran parte de su cuidado está en Almaíso Verde, donde planta, construye y ayuda a crear las condiciones para que la vida crezca.

Lo que hace tan especial la presencia de Scott no es solo lo que crea, sino la energía que trae mientras lo crea.

Humor.
Atención.
Ligereza.
Una alegría simple de estar cerca de la tierra.

Nos recuerda que reconectar con la naturaleza no tiene por qué ser complicado. A veces empieza por mirar lo que ya está creciendo, reír juntos y cuidar una pequeña cosa a la vez.

Nos sentimos agradecidos de tener a Scott guiando esta parte verde de Almaíso.

Porque no solo ayuda a que las plantas crezcan.

Ayuda a que esta visión eche raíces.

Gracias, Scott, por cuidar Almaíso Verde con tanta paciencia, amor y alegría.

#Almaiso #Community #sustainability #permakultur #permaculture",,0,"06/19/2026 04:33",N/A,https://www.facebook.com/finca.el.drago/posts/pfbid0oJwpVHJhsfdHrJswGHjnqBcqe5dSu4rzyHrA7Si4Lh9RafQPvwwfMsgYVufy8uPQl,0,0,Photos,,,,,06/12/2026,0,0,0,0,0,0,0,0,0,0,0,0,0,0,0,0,0,0,,,,,,,,,
1526194675875978,100054563795107,"Almaíso at Finca El Drago","Scott is the kind of person who turns ideas into something real.

A path.
A garden bed.
A tree finding its place.
A structure built by hand.

With a background in fine arts, carpentry, landscaping and years of creating his own projects, he brings imagination, skill and a hands-on spirit to Almaíso.

Today, much of his care goes into Almaíso Verde, where he plants, builds and helps create the conditions for life to grow.

What makes Scott’s presence so special is not only what he creates, but the energy he brings while creating it.

Humour.
Attention.
Lightness.
A simple joy in being close to the land.

He reminds us that reconnecting with nature does not need to be complicated. Sometimes it begins with noticing what is already growing, laughing together and caring for one small thing at a time.

We feel grateful to have Scott guiding this green part of Almaíso.

Because he does not only help plants grow.

He helps this vision take root.

Thank you, Scott, for caring for Almaíso Verde with so much patience, love and joy.

—

Scott es una de esas personas que transforma las ideas en algo real.

Un camino.
Un bancal.
Un árbol encontrando su lugar.
Una estructura hecha con sus propias manos.

Con formación en bellas artes, carpintería, paisajismo y años creando sus propios proyectos, trae a Almaíso imaginación, oficio y una energía muy práctica.

Hoy, gran parte de su cuidado está en Almaíso Verde, donde planta, construye y ayuda a crear las condiciones para que la vida crezca.

Lo que hace tan especial la presencia de Scott no es solo lo que crea, sino la energía que trae mientras lo crea.

Humor.
Atención.
Ligereza.
Una alegría simple de estar cerca de la tierra.

Nos recuerda que reconectar con la naturaleza no tiene por qué ser complicado. A veces empieza por mirar lo que ya está creciendo, reír juntos y cuidar una pequeña cosa a la vez.

Nos sentimos agradecidos de tener a Scott guiando esta parte verde de Almaíso.

Porque no solo ayuda a que las plantas crezcan.

Ayuda a que esta visión eche raíces.

Gracias, Scott, por cuidar Almaíso Verde con tanta paciencia, amor y alegría.

#Almaiso #Community #sustainability #permakultur #permaculture",,0,"06/19/2026 04:33",N/A,https://www.facebook.com/finca.el.drago/posts/pfbid0oJwpVHJhsfdHrJswGHjnqBcqe5dSu4rzyHrA7Si4Lh9RafQPvwwfMsgYVufy8uPQl,0,0,Photos,,,,,06/13/2026,0,0,0,0,0,0,0,0,0,0,0,0,0,0,0,0,0,0,,,,,,,,,
1526194675875978,100054563795107,"Almaíso at Finca El Drago","Scott is the kind of person who turns ideas into something real.

A path.
A garden bed.
A tree finding its place.
A structure built by hand.

With a background in fine arts, carpentry, landscaping and years of creating his own projects, he brings imagination, skill and a hands-on spirit to Almaíso.

Today, much of his care goes into Almaíso Verde, where he plants, builds and helps create the conditions for life to grow.

What makes Scott’s presence so special is not only what he creates, but the energy he brings while creating it.

Humour.
Attention.
Lightness.
A simple joy in being close to the land.

He reminds us that reconnecting with nature does not need to be complicated. Sometimes it begins with noticing what is already growing, laughing together and caring for one small thing at a time.

We feel grateful to have Scott guiding this green part of Almaíso.

Because he does not only help plants grow.

He helps this vision take root.

Thank you, Scott, for caring for Almaíso Verde with so much patience, love and joy.

—

Scott es una de esas personas que transforma las ideas en algo real.

Un camino.
Un bancal.
Un árbol encontrando su lugar.
Una estructura hecha con sus propias manos.

Con formación en bellas artes, carpintería, paisajismo y años creando sus propios proyectos, trae a Almaíso imaginación, oficio y una energía muy práctica.

Hoy, gran parte de su cuidado está en Almaíso Verde, donde planta, construye y ayuda a crear las condiciones para que la vida crezca.

Lo que hace tan especial la presencia de Scott no es solo lo que crea, sino la energía que trae mientras lo crea.

Humor.
Atención.
Ligereza.
Una alegría simple de estar cerca de la tierra.

Nos recuerda que reconectar con la naturaleza no tiene por qué ser complicado. A veces empieza por mirar lo que ya está creciendo, reír juntos y cuidar una pequeña cosa a la vez.

Nos sentimos agradecidos de tener a Scott guiando esta parte verde de Almaíso.

Porque no solo ayuda a que las plantas crezcan.

Ayuda a que esta visión eche raíces.

Gracias, Scott, por cuidar Almaíso Verde con tanta paciencia, amor y alegría.

#Almaiso #Community #sustainability #permakultur #permaculture",,0,"06/19/2026 04:33",N/A,https://www.facebook.com/finca.el.drago/posts/pfbid0oJwpVHJhsfdHrJswGHjnqBcqe5dSu4rzyHrA7Si4Lh9RafQPvwwfMsgYVufy8uPQl,0,0,Photos,,,,,06/14/2026,0,0,0,0,0,0,0,0,0,0,0,0,0,0,0,0,0,0,,,,,,,,,
1526194675875978,100054563795107,"Almaíso at Finca El Drago","Scott is the kind of person who turns ideas into something real.

A path.
A garden bed.
A tree finding its place.
A structure built by hand.

With a background in fine arts, carpentry, landscaping and years of creating his own projects, he brings imagination, skill and a hands-on spirit to Almaíso.

Today, much of his care goes into Almaíso Verde, where he plants, builds and helps create the conditions for life to grow.

What makes Scott’s presence so special is not only what he creates, but the energy he brings while creating it.

Humour.
Attention.
Lightness.
A simple joy in being close to the land.

He reminds us that reconnecting with nature does not need to be complicated. Sometimes it begins with noticing what is already growing, laughing together and caring for one small thing at a time.

We feel grateful to have Scott guiding this green part of Almaíso.

Because he does not only help plants grow.

He helps this vision take root.

Thank you, Scott, for caring for Almaíso Verde with so much patience, love and joy.

—

Scott es una de esas personas que transforma las ideas en algo real.

Un camino.
Un bancal.
Un árbol encontrando su lugar.
Una estructura hecha con sus propias manos.

Con formación en bellas artes, carpintería, paisajismo y años creando sus propios proyectos, trae a Almaíso imaginación, oficio y una energía muy práctica.

Hoy, gran parte de su cuidado está en Almaíso Verde, donde planta, construye y ayuda a crear las condiciones para que la vida crezca.

Lo que hace tan especial la presencia de Scott no es solo lo que crea, sino la energía que trae mientras lo crea.

Humor.
Atención.
Ligereza.
Una alegría simple de estar cerca de la tierra.

Nos recuerda que reconectar con la naturaleza no tiene por qué ser complicado. A veces empieza por mirar lo que ya está creciendo, reír juntos y cuidar una pequeña cosa a la vez.

Nos sentimos agradecidos de tener a Scott guiando esta parte verde de Almaíso.

Porque no solo ayuda a que las plantas crezcan.

Ayuda a que esta visión eche raíces.

Gracias, Scott, por cuidar Almaíso Verde con tanta paciencia, amor y alegría.

#Almaiso #Community #sustainability #permakultur #permaculture",,0,"06/19/2026 04:33",N/A,https://www.facebook.com/finca.el.drago/posts/pfbid0oJwpVHJhsfdHrJswGHjnqBcqe5dSu4rzyHrA7Si4Lh9RafQPvwwfMsgYVufy8uPQl,0,0,Photos,,,,,06/15/2026,0,0,0,0,0,0,0,0,0,0,0,0,0,0,0,0,0,0,,,,,,,,,
1526194675875978,100054563795107,"Almaíso at Finca El Drago","Scott is the kind of person who turns ideas into something real.

A path.
A garden bed.
A tree finding its place.
A structure built by hand.

With a background in fine arts, carpentry, landscaping and years of creating his own projects, he brings imagination, skill and a hands-on spirit to Almaíso.

Today, much of his care goes into Almaíso Verde, where he plants, builds and helps create the conditions for life to grow.

What makes Scott’s presence so special is not only what he creates, but the energy he brings while creating it.

Humour.
Attention.
Lightness.
A simple joy in being close to the land.

He reminds us that reconnecting with nature does not need to be complicated. Sometimes it begins with noticing what is already growing, laughing together and caring for one small thing at a time.

We feel grateful to have Scott guiding this green part of Almaíso.

Because he does not only help plants grow.

He helps this vision take root.

Thank you, Scott, for caring for Almaíso Verde with so much patience, love and joy.

—

Scott es una de esas personas que transforma las ideas en algo real.

Un camino.
Un bancal.
Un árbol encontrando su lugar.
Una estructura hecha con sus propias manos.

Con formación en bellas artes, carpintería, paisajismo y años creando sus propios proyectos, trae a Almaíso imaginación, oficio y una energía muy práctica.

Hoy, gran parte de su cuidado está en Almaíso Verde, donde planta, construye y ayuda a crear las condiciones para que la vida crezca.

Lo que hace tan especial la presencia de Scott no es solo lo que crea, sino la energía que trae mientras lo crea.

Humor.
Atención.
Ligereza.
Una alegría simple de estar cerca de la tierra.

Nos recuerda que reconectar con la naturaleza no tiene por qué ser complicado. A veces empieza por mirar lo que ya está creciendo, reír juntos y cuidar una pequeña cosa a la vez.

Nos sentimos agradecidos de tener a Scott guiando esta parte verde de Almaíso.

Porque no solo ayuda a que las plantas crezcan.

Ayuda a que esta visión eche raíces.

Gracias, Scott, por cuidar Almaíso Verde con tanta paciencia, amor y alegría.

#Almaiso #Community #sustainability #permakultur #permaculture",,0,"06/19/2026 04:33",N/A,https://www.facebook.com/finca.el.drago/posts/pfbid0oJwpVHJhsfdHrJswGHjnqBcqe5dSu4rzyHrA7Si4Lh9RafQPvwwfMsgYVufy8uPQl,0,0,Photos,,,,,06/16/2026,0,0,0,0,0,0,0,0,0,0,0,0,0,0,0,0,0,0,,,,,,,,,
1526194675875978,100054563795107,"Almaíso at Finca El Drago","Scott is the kind of person who turns ideas into something real.

A path.
A garden bed.
A tree finding its place.
A structure built by hand.

With a background in fine arts, carpentry, landscaping and years of creating his own projects, he brings imagination, skill and a hands-on spirit to Almaíso.

Today, much of his care goes into Almaíso Verde, where he plants, builds and helps create the conditions for life to grow.

What makes Scott’s presence so special is not only what he creates, but the energy he brings while creating it.

Humour.
Attention.
Lightness.
A simple joy in being close to the land.

He reminds us that reconnecting with nature does not need to be complicated. Sometimes it begins with noticing what is already growing, laughing together and caring for one small thing at a time.

We feel grateful to have Scott guiding this green part of Almaíso.

Because he does not only help plants grow.

He helps this vision take root.

Thank you, Scott, for caring for Almaíso Verde with so much patience, love and joy.

—

Scott es una de esas personas que transforma las ideas en algo real.

Un camino.
Un bancal.
Un árbol encontrando su lugar.
Una estructura hecha con sus propias manos.

Con formación en bellas artes, carpintería, paisajismo y años creando sus propios proyectos, trae a Almaíso imaginación, oficio y una energía muy práctica.

Hoy, gran parte de su cuidado está en Almaíso Verde, donde planta, construye y ayuda a crear las condiciones para que la vida crezca.

Lo que hace tan especial la presencia de Scott no es solo lo que crea, sino la energía que trae mientras lo crea.

Humor.
Atención.
Ligereza.
Una alegría simple de estar cerca de la tierra.

Nos recuerda que reconectar con la naturaleza no tiene por qué ser complicado. A veces empieza por mirar lo que ya está creciendo, reír juntos y cuidar una pequeña cosa a la vez.

Nos sentimos agradecidos de tener a Scott guiando esta parte verde de Almaíso.

Porque no solo ayuda a que las plantas crezcan.

Ayuda a que esta visión eche raíces.

Gracias, Scott, por cuidar Almaíso Verde con tanta paciencia, amor y alegría.

#Almaiso #Community #sustainability #permakultur #permaculture",,0,"06/19/2026 04:33",N/A,https://www.facebook.com/finca.el.drago/posts/pfbid0oJwpVHJhsfdHrJswGHjnqBcqe5dSu4rzyHrA7Si4Lh9RafQPvwwfMsgYVufy8uPQl,0,0,Photos,,,,,06/17/2026,0,0,0,0,0,0,0,0,0,0,0,0,0,0,0,0,0,0,,,,,,,,,
1526194675875978,100054563795107,"Almaíso at Finca El Drago","Scott is the kind of person who turns ideas into something real.

A path.
A garden bed.
A tree finding its place.
A structure built by hand.

With a background in fine arts, carpentry, landscaping and years of creating his own projects, he brings imagination, skill and a hands-on spirit to Almaíso.

Today, much of his care goes into Almaíso Verde, where he plants, builds and helps create the conditions for life to grow.

What makes Scott’s presence so special is not only what he creates, but the energy he brings while creating it.

Humour.
Attention.
Lightness.
A simple joy in being close to the land.

He reminds us that reconnecting with nature does not need to be complicated. Sometimes it begins with noticing what is already growing, laughing together and caring for one small thing at a time.

We feel grateful to have Scott guiding this green part of Almaíso.

Because he does not only help plants grow.

He helps this vision take root.

Thank you, Scott, for caring for Almaíso Verde with so much patience, love and joy.

—

Scott es una de esas personas que transforma las ideas en algo real.

Un camino.
Un bancal.
Un árbol encontrando su lugar.
Una estructura hecha con sus propias manos.

Con formación en bellas artes, carpintería, paisajismo y años creando sus propios proyectos, trae a Almaíso imaginación, oficio y una energía muy práctica.

Hoy, gran parte de su cuidado está en Almaíso Verde, donde planta, construye y ayuda a crear las condiciones para que la vida crezca.

Lo que hace tan especial la presencia de Scott no es solo lo que crea, sino la energía que trae mientras lo crea.

Humor.
Atención.
Ligereza.
Una alegría simple de estar cerca de la tierra.

Nos recuerda que reconectar con la naturaleza no tiene por qué ser complicado. A veces empieza por mirar lo que ya está creciendo, reír juntos y cuidar una pequeña cosa a la vez.

Nos sentimos agradecidos de tener a Scott guiando esta parte verde de Almaíso.

Porque no solo ayuda a que las plantas crezcan.

Ayuda a que esta visión eche raíces.

Gracias, Scott, por cuidar Almaíso Verde con tanta paciencia, amor y alegría.

#Almaiso #Community #sustainability #permakultur #permaculture",,0,"06/19/2026 04:33",N/A,https://www.facebook.com/finca.el.drago/posts/pfbid0oJwpVHJhsfdHrJswGHjnqBcqe5dSu4rzyHrA7Si4Lh9RafQPvwwfMsgYVufy8uPQl,0,0,Photos,,,,,06/18/2026,0,0,0,0,0,0,0,0,0,0,0,0,0,0,0,0,0,0,,,,,,,,,
1526194675875978,100054563795107,"Almaíso at Finca El Drago","Scott is the kind of person who turns ideas into something real.

A path.
A garden bed.
A tree finding its place.
A structure built by hand.

With a background in fine arts, carpentry, landscaping and years of creating his own projects, he brings imagination, skill and a hands-on spirit to Almaíso.

Today, much of his care goes into Almaíso Verde, where he plants, builds and helps create the conditions for life to grow.

What makes Scott’s presence so special is not only what he creates, but the energy he brings while creating it.

Humour.
Attention.
Lightness.
A simple joy in being close to the land.

He reminds us that reconnecting with nature does not need to be complicated. Sometimes it begins with noticing what is already growing, laughing together and caring for one small thing at a time.

We feel grateful to have Scott guiding this green part of Almaíso.

Because he does not only help plants grow.

He helps this vision take root.

Thank you, Scott, for caring for Almaíso Verde with so much patience, love and joy.

—

Scott es una de esas personas que transforma las ideas en algo real.

Un camino.
Un bancal.
Un árbol encontrando su lugar.
Una estructura hecha con sus propias manos.

Con formación en bellas artes, carpintería, paisajismo y años creando sus propios proyectos, trae a Almaíso imaginación, oficio y una energía muy práctica.

Hoy, gran parte de su cuidado está en Almaíso Verde, donde planta, construye y ayuda a crear las condiciones para que la vida crezca.

Lo que hace tan especial la presencia de Scott no es solo lo que crea, sino la energía que trae mientras lo crea.

Humor.
Atención.
Ligereza.
Una alegría simple de estar cerca de la tierra.

Nos recuerda que reconectar con la naturaleza no tiene por qué ser complicado. A veces empieza por mirar lo que ya está creciendo, reír juntos y cuidar una pequeña cosa a la vez.

Nos sentimos agradecidos de tener a Scott guiando esta parte verde de Almaíso.

Porque no solo ayuda a que las plantas crezcan.

Ayuda a que esta visión eche raíces.

Gracias, Scott, por cuidar Almaíso Verde con tanta paciencia, amor y alegría.

#Almaiso #Community #sustainability #permakultur #permaculture",,0,"06/19/2026 04:33",N/A,https://www.facebook.com/finca.el.drago/posts/pfbid0oJwpVHJhsfdHrJswGHjnqBcqe5dSu4rzyHrA7Si4Lh9RafQPvwwfMsgYVufy8uPQl,0,0,Photos,,,,,06/19/2026,0,0,0,0,0,0,0,0,0,0,0,0,0,0,0,0,0,0,,,,,,,,,
1526194675875978,100054563795107,"Almaíso at Finca El Drago","Scott is the kind of person who turns ideas into something real.

A path.
A garden bed.
A tree finding its place.
A structure built by hand.

With a background in fine arts, carpentry, landscaping and years of creating his own projects, he brings imagination, skill and a hands-on spirit to Almaíso.

Today, much of his care goes into Almaíso Verde, where he plants, builds and helps create the conditions for life to grow.

What makes Scott’s presence so special is not only what he creates, but the energy he brings while creating it.

Humour.
Attention.
Lightness.
A simple joy in being close to the land.

He reminds us that reconnecting with nature does not need to be complicated. Sometimes it begins with noticing what is already growing, laughing together and caring for one small thing at a time.

We feel grateful to have Scott guiding this green part of Almaíso.

Because he does not only help plants grow.

He helps this vision take root.

Thank you, Scott, for caring for Almaíso Verde with so much patience, love and joy.

—

Scott es una de esas personas que transforma las ideas en algo real.

Un camino.
Un bancal.
Un árbol encontrando su lugar.
Una estructura hecha con sus propias manos.

Con formación en bellas artes, carpintería, paisajismo y años creando sus propios proyectos, trae a Almaíso imaginación, oficio y una energía muy práctica.

Hoy, gran parte de su cuidado está en Almaíso Verde, donde planta, construye y ayuda a crear las condiciones para que la vida crezca.

Lo que hace tan especial la presencia de Scott no es solo lo que crea, sino la energía que trae mientras lo crea.

Humor.
Atención.
Ligereza.
Una alegría simple de estar cerca de la tierra.

Nos recuerda que reconectar con la naturaleza no tiene por qué ser complicado. A veces empieza por mirar lo que ya está creciendo, reír juntos y cuidar una pequeña cosa a la vez.

Nos sentimos agradecidos de tener a Scott guiando esta parte verde de Almaíso.

Porque no solo ayuda a que las plantas crezcan.

Ayuda a que esta visión eche raíces.

Gracias, Scott, por cuidar Almaíso Verde con tanta paciencia, amor y alegría.

#Almaiso #Community #sustainability #permakultur #permaculture",,0,"06/19/2026 04:33",N/A,https://www.facebook.com/finca.el.drago/posts/pfbid0oJwpVHJhsfdHrJswGHjnqBcqe5dSu4rzyHrA7Si4Lh9RafQPvwwfMsgYVufy8uPQl,0,0,Photos,,,,,06/20/2026,0,0,0,0,0,0,0,0,0,0,0,0,0,0,0,0,0,0,,,,,,,,,
1526194675875978,100054563795107,"Almaíso at Finca El Drago","Scott is the kind of person who turns ideas into something real.

A path.
A garden bed.
A tree finding its place.
A structure built by hand.

With a background in fine arts, carpentry, landscaping and years of creating his own projects, he brings imagination, skill and a hands-on spirit to Almaíso.

Today, much of his care goes into Almaíso Verde, where he plants, builds and helps create the conditions for life to grow.

What makes Scott’s presence so special is not only what he creates, but the energy he brings while creating it.

Humour.
Attention.
Lightness.
A simple joy in being close to the land.

He reminds us that reconnecting with nature does not need to be complicated. Sometimes it begins with noticing what is already growing, laughing together and caring for one small thing at a time.

We feel grateful to have Scott guiding this green part of Almaíso.

Because he does not only help plants grow.

He helps this vision take root.

Thank you, Scott, for caring for Almaíso Verde with so much patience, love and joy.

—

Scott es una de esas personas que transforma las ideas en algo real.

Un camino.
Un bancal.
Un árbol encontrando su lugar.
Una estructura hecha con sus propias manos.

Con formación en bellas artes, carpintería, paisajismo y años creando sus propios proyectos, trae a Almaíso imaginación, oficio y una energía muy práctica.

Hoy, gran parte de su cuidado está en Almaíso Verde, donde planta, construye y ayuda a crear las condiciones para que la vida crezca.

Lo que hace tan especial la presencia de Scott no es solo lo que crea, sino la energía que trae mientras lo crea.

Humor.
Atención.
Ligereza.
Una alegría simple de estar cerca de la tierra.

Nos recuerda que reconectar con la naturaleza no tiene por qué ser complicado. A veces empieza por mirar lo que ya está creciendo, reír juntos y cuidar una pequeña cosa a la vez.

Nos sentimos agradecidos de tener a Scott guiando esta parte verde de Almaíso.

Porque no solo ayuda a que las plantas crezcan.

Ayuda a que esta visión eche raíces.

Gracias, Scott, por cuidar Almaíso Verde con tanta paciencia, amor y alegría.

#Almaiso #Community #sustainability #permakultur #permaculture",,0,"06/19/2026 04:33",N/A,https://www.facebook.com/finca.el.drago/posts/pfbid0oJwpVHJhsfdHrJswGHjnqBcqe5dSu4rzyHrA7Si4Lh9RafQPvwwfMsgYVufy8uPQl,0,0,Photos,,,,,06/21/2026,0,0,0,0,0,0,0,0,0,0,0,0,0,0,0,0,0,0,,,,,,,,,
1526194675875978,100054563795107,"Almaíso at Finca El Drago","Scott is the kind of person who turns ideas into something real.

A path.
A garden bed.
A tree finding its place.
A structure built by hand.

With a background in fine arts, carpentry, landscaping and years of creating his own projects, he brings imagination, skill and a hands-on spirit to Almaíso.

Today, much of his care goes into Almaíso Verde, where he plants, builds and helps create the conditions for life to grow.

What makes Scott’s presence so special is not only what he creates, but the energy he brings while creating it.

Humour.
Attention.
Lightness.
A simple joy in being close to the land.

He reminds us that reconnecting with nature does not need to be complicated. Sometimes it begins with noticing what is already growing, laughing together and caring for one small thing at a time.

We feel grateful to have Scott guiding this green part of Almaíso.

Because he does not only help plants grow.

He helps this vision take root.

Thank you, Scott, for caring for Almaíso Verde with so much patience, love and joy.

—

Scott es una de esas personas que transforma las ideas en algo real.

Un camino.
Un bancal.
Un árbol encontrando su lugar.
Una estructura hecha con sus propias manos.

Con formación en bellas artes, carpintería, paisajismo y años creando sus propios proyectos, trae a Almaíso imaginación, oficio y una energía muy práctica.

Hoy, gran parte de su cuidado está en Almaíso Verde, donde planta, construye y ayuda a crear las condiciones para que la vida crezca.

Lo que hace tan especial la presencia de Scott no es solo lo que crea, sino la energía que trae mientras lo crea.

Humor.
Atención.
Ligereza.
Una alegría simple de estar cerca de la tierra.

Nos recuerda que reconectar con la naturaleza no tiene por qué ser complicado. A veces empieza por mirar lo que ya está creciendo, reír juntos y cuidar una pequeña cosa a la vez.

Nos sentimos agradecidos de tener a Scott guiando esta parte verde de Almaíso.

Porque no solo ayuda a que las plantas crezcan.

Ayuda a que esta visión eche raíces.

Gracias, Scott, por cuidar Almaíso Verde con tanta paciencia, amor y alegría.

#Almaiso #Community #sustainability #permakultur #permaculture",,0,"06/19/2026 04:33",N/A,https://www.facebook.com/finca.el.drago/posts/pfbid0oJwpVHJhsfdHrJswGHjnqBcqe5dSu4rzyHrA7Si4Lh9RafQPvwwfMsgYVufy8uPQl,0,0,Photos,,,,,06/22/2026,0,0,0,0,0,0,0,0,0,0,0,0,0,0,0,0,0,0,,,,,,,,,
1526194675875978,100054563795107,"Almaíso at Finca El Drago","Scott is the kind of person who turns ideas into something real.

A path.
A garden bed.
A tree finding its place.
A structure built by hand.

With a background in fine arts, carpentry, landscaping and years of creating his own projects, he brings imagination, skill and a hands-on spirit to Almaíso.

Today, much of his care goes into Almaíso Verde, where he plants, builds and helps create the conditions for life to grow.

What makes Scott’s presence so special is not only what he creates, but the energy he brings while creating it.

Humour.
Attention.
Lightness.
A simple joy in being close to the land.

He reminds us that reconnecting with nature does not need to be complicated. Sometimes it begins with noticing what is already growing, laughing together and caring for one small thing at a time.

We feel grateful to have Scott guiding this green part of Almaíso.

Because he does not only help plants grow.

He helps this vision take root.

Thank you, Scott, for caring for Almaíso Verde with so much patience, love and joy.

—

Scott es una de esas personas que transforma las ideas en algo real.

Un camino.
Un bancal.
Un árbol encontrando su lugar.
Una estructura hecha con sus propias manos.

Con formación en bellas artes, carpintería, paisajismo y años creando sus propios proyectos, trae a Almaíso imaginación, oficio y una energía muy práctica.

Hoy, gran parte de su cuidado está en Almaíso Verde, donde planta, construye y ayuda a crear las condiciones para que la vida crezca.

Lo que hace tan especial la presencia de Scott no es solo lo que crea, sino la energía que trae mientras lo crea.

Humor.
Atención.
Ligereza.
Una alegría simple de estar cerca de la tierra.

Nos recuerda que reconectar con la naturaleza no tiene por qué ser complicado. A veces empieza por mirar lo que ya está creciendo, reír juntos y cuidar una pequeña cosa a la vez.

Nos sentimos agradecidos de tener a Scott guiando esta parte verde de Almaíso.

Porque no solo ayuda a que las plantas crezcan.

Ayuda a que esta visión eche raíces.

Gracias, Scott, por cuidar Almaíso Verde con tanta paciencia, amor y alegría.

#Almaiso #Community #sustainability #permakultur #permaculture",,0,"06/19/2026 04:33",N/A,https://www.facebook.com/finca.el.drago/posts/pfbid0oJwpVHJhsfdHrJswGHjnqBcqe5dSu4rzyHrA7Si4Lh9RafQPvwwfMsgYVufy8uPQl,0,0,Photos,,,,,06/23/2026,0,0,0,0,0,0,0,0,0,0,0,0,0,0,0,0,0,0,,,,,,,,,
1526194675875978,100054563795107,"Almaíso at Finca El Drago","Scott is the kind of person who turns ideas into something real.

A path.
A garden bed.
A tree finding its place.
A structure built by hand.

With a background in fine arts, carpentry, landscaping and years of creating his own projects, he brings imagination, skill and a hands-on spirit to Almaíso.

Today, much of his care goes into Almaíso Verde, where he plants, builds and helps create the conditions for life to grow.

What makes Scott’s presence so special is not only what he creates, but the energy he brings while creating it.

Humour.
Attention.
Lightness.
A simple joy in being close to the land.

He reminds us that reconnecting with nature does not need to be complicated. Sometimes it begins with noticing what is already growing, laughing together and caring for one small thing at a time.

We feel grateful to have Scott guiding this green part of Almaíso.

Because he does not only help plants grow.

He helps this vision take root.

Thank you, Scott, for caring for Almaíso Verde with so much patience, love and joy.

—

Scott es una de esas personas que transforma las ideas en algo real.

Un camino.
Un bancal.
Un árbol encontrando su lugar.
Una estructura hecha con sus propias manos.

Con formación en bellas artes, carpintería, paisajismo y años creando sus propios proyectos, trae a Almaíso imaginación, oficio y una energía muy práctica.

Hoy, gran parte de su cuidado está en Almaíso Verde, donde planta, construye y ayuda a crear las condiciones para que la vida crezca.

Lo que hace tan especial la presencia de Scott no es solo lo que crea, sino la energía que trae mientras lo crea.

Humor.
Atención.
Ligereza.
Una alegría simple de estar cerca de la tierra.

Nos recuerda que reconectar con la naturaleza no tiene por qué ser complicado. A veces empieza por mirar lo que ya está creciendo, reír juntos y cuidar una pequeña cosa a la vez.

Nos sentimos agradecidos de tener a Scott guiando esta parte verde de Almaíso.

Porque no solo ayuda a que las plantas crezcan.

Ayuda a que esta visión eche raíces.

Gracias, Scott, por cuidar Almaíso Verde con tanta paciencia, amor y alegría.

#Almaiso #Community #sustainability #permakultur #permaculture",,0,"06/19/2026 04:33",N/A,https://www.facebook.com/finca.el.drago/posts/pfbid0oJwpVHJhsfdHrJswGHjnqBcqe5dSu4rzyHrA7Si4Lh9RafQPvwwfMsgYVufy8uPQl,0,0,Photos,,,,,06/24/2026,0,0,0,0,0,0,0,0,0,0,0,0,0,0,0,0,0,0,,,,,,,,,
1526194675875978,100054563795107,"Almaíso at Finca El Drago","Scott is the kind of person who turns ideas into something real.

A path.
A garden bed.
A tree finding its place.
A structure built by hand.

With a background in fine arts, carpentry, landscaping and years of creating his own projects, he brings imagination, skill and a hands-on spirit to Almaíso.

Today, much of his care goes into Almaíso Verde, where he plants, builds and helps create the conditions for life to grow.

What makes Scott’s presence so special is not only what he creates, but the energy he brings while creating it.

Humour.
Attention.
Lightness.
A simple joy in being close to the land.

He reminds us that reconnecting with nature does not need to be complicated. Sometimes it begins with noticing what is already growing, laughing together and caring for one small thing at a time.

We feel grateful to have Scott guiding this green part of Almaíso.

Because he does not only help plants grow.

He helps this vision take root.

Thank you, Scott, for caring for Almaíso Verde with so much patience, love and joy.

—

Scott es una de esas personas que transforma las ideas en algo real.

Un camino.
Un bancal.
Un árbol encontrando su lugar.
Una estructura hecha con sus propias manos.

Con formación en bellas artes, carpintería, paisajismo y años creando sus propios proyectos, trae a Almaíso imaginación, oficio y una energía muy práctica.

Hoy, gran parte de su cuidado está en Almaíso Verde, donde planta, construye y ayuda a crear las condiciones para que la vida crezca.

Lo que hace tan especial la presencia de Scott no es solo lo que crea, sino la energía que trae mientras lo crea.

Humor.
Atención.
Ligereza.
Una alegría simple de estar cerca de la tierra.

Nos recuerda que reconectar con la naturaleza no tiene por qué ser complicado. A veces empieza por mirar lo que ya está creciendo, reír juntos y cuidar una pequeña cosa a la vez.

Nos sentimos agradecidos de tener a Scott guiando esta parte verde de Almaíso.

Porque no solo ayuda a que las plantas crezcan.

Ayuda a que esta visión eche raíces.

Gracias, Scott, por cuidar Almaíso Verde con tanta paciencia, amor y alegría.

#Almaiso #Community #sustainability #permakultur #permaculture",,0,"06/19/2026 04:33",N/A,https://www.facebook.com/finca.el.drago/posts/pfbid0oJwpVHJhsfdHrJswGHjnqBcqe5dSu4rzyHrA7Si4Lh9RafQPvwwfMsgYVufy8uPQl,0,0,Photos,,,,,06/25/2026,0,0,0,0,0,0,0,0,0,0,0,0,0,0,0,0,0,0,,,,,,,,,
1526194675875978,100054563795107,"Almaíso at Finca El Drago","Scott is the kind of person who turns ideas into something real.

A path.
A garden bed.
A tree finding its place.
A structure built by hand.

With a background in fine arts, carpentry, landscaping and years of creating his own projects, he brings imagination, skill and a hands-on spirit to Almaíso.

Today, much of his care goes into Almaíso Verde, where he plants, builds and helps create the conditions for life to grow.

What makes Scott’s presence so special is not only what he creates, but the energy he brings while creating it.

Humour.
Attention.
Lightness.
A simple joy in being close to the land.

He reminds us that reconnecting with nature does not need to be complicated. Sometimes it begins with noticing what is already growing, laughing together and caring for one small thing at a time.

We feel grateful to have Scott guiding this green part of Almaíso.

Because he does not only help plants grow.

He helps this vision take root.

Thank you, Scott, for caring for Almaíso Verde with so much patience, love and joy.

—

Scott es una de esas personas que transforma las ideas en algo real.

Un camino.
Un bancal.
Un árbol encontrando su lugar.
Una estructura hecha con sus propias manos.

Con formación en bellas artes, carpintería, paisajismo y años creando sus propios proyectos, trae a Almaíso imaginación, oficio y una energía muy práctica.

Hoy, gran parte de su cuidado está en Almaíso Verde, donde planta, construye y ayuda a crear las condiciones para que la vida crezca.

Lo que hace tan especial la presencia de Scott no es solo lo que crea, sino la energía que trae mientras lo crea.

Humor.
Atención.
Ligereza.
Una alegría simple de estar cerca de la tierra.

Nos recuerda que reconectar con la naturaleza no tiene por qué ser complicado. A veces empieza por mirar lo que ya está creciendo, reír juntos y cuidar una pequeña cosa a la vez.

Nos sentimos agradecidos de tener a Scott guiando esta parte verde de Almaíso.

Porque no solo ayuda a que las plantas crezcan.

Ayuda a que esta visión eche raíces.

Gracias, Scott, por cuidar Almaíso Verde con tanta paciencia, amor y alegría.

#Almaiso #Community #sustainability #permakultur #permaculture",,0,"06/19/2026 04:33",N/A,https://www.facebook.com/finca.el.drago/posts/pfbid0oJwpVHJhsfdHrJswGHjnqBcqe5dSu4rzyHrA7Si4Lh9RafQPvwwfMsgYVufy8uPQl,0,0,Photos,,,,,06/26/2026,0,0,0,0,0,0,0,0,0,0,0,0,0,0,0,0,0,0,,,,,,,,,
1526194675875978,100054563795107,"Almaíso at Finca El Drago","Scott is the kind of person who turns ideas into something real.

A path.
A garden bed.
A tree finding its place.
A structure built by hand.

With a background in fine arts, carpentry, landscaping and years of creating his own projects, he brings imagination, skill and a hands-on spirit to Almaíso.

Today, much of his care goes into Almaíso Verde, where he plants, builds and helps create the conditions for life to grow.

What makes Scott’s presence so special is not only what he creates, but the energy he brings while creating it.

Humour.
Attention.
Lightness.
A simple joy in being close to the land.

He reminds us that reconnecting with nature does not need to be complicated. Sometimes it begins with noticing what is already growing, laughing together and caring for one small thing at a time.

We feel grateful to have Scott guiding this green part of Almaíso.

Because he does not only help plants grow.

He helps this vision take root.

Thank you, Scott, for caring for Almaíso Verde with so much patience, love and joy.

—

Scott es una de esas personas que transforma las ideas en algo real.

Un camino.
Un bancal.
Un árbol encontrando su lugar.
Una estructura hecha con sus propias manos.

Con formación en bellas artes, carpintería, paisajismo y años creando sus propios proyectos, trae a Almaíso imaginación, oficio y una energía muy práctica.

Hoy, gran parte de su cuidado está en Almaíso Verde, donde planta, construye y ayuda a crear las condiciones para que la vida crezca.

Lo que hace tan especial la presencia de Scott no es solo lo que crea, sino la energía que trae mientras lo crea.

Humor.
Atención.
Ligereza.
Una alegría simple de estar cerca de la tierra.

Nos recuerda que reconectar con la naturaleza no tiene por qué ser complicado. A veces empieza por mirar lo que ya está creciendo, reír juntos y cuidar una pequeña cosa a la vez.

Nos sentimos agradecidos de tener a Scott guiando esta parte verde de Almaíso.

Porque no solo ayuda a que las plantas crezcan.

Ayuda a que esta visión eche raíces.

Gracias, Scott, por cuidar Almaíso Verde con tanta paciencia, amor y alegría.

#Almaiso #Community #sustainability #permakultur #permaculture",,0,"06/19/2026 04:33",N/A,https://www.facebook.com/finca.el.drago/posts/pfbid0oJwpVHJhsfdHrJswGHjnqBcqe5dSu4rzyHrA7Si4Lh9RafQPvwwfMsgYVufy8uPQl,0,0,Photos,,,,,06/27/2026,0,0,0,0,0,0,0,0,0,0,0,0,0,0,0,0,0,0,,,,,,,,,
1526194675875978,100054563795107,"Almaíso at Finca El Drago","Scott is the kind of person who turns ideas into something real.

A path.
A garden bed.
A tree finding its place.
A structure built by hand.

With a background in fine arts, carpentry, landscaping and years of creating his own projects, he brings imagination, skill and a hands-on spirit to Almaíso.

Today, much of his care goes into Almaíso Verde, where he plants, builds and helps create the conditions for life to grow.

What makes Scott’s presence so special is not only what he creates, but the energy he brings while creating it.

Humour.
Attention.
Lightness.
A simple joy in being close to the land.

He reminds us that reconnecting with nature does not need to be complicated. Sometimes it begins with noticing what is already growing, laughing together and caring for one small thing at a time.

We feel grateful to have Scott guiding this green part of Almaíso.

Because he does not only help plants grow.

He helps this vision take root.

Thank you, Scott, for caring for Almaíso Verde with so much patience, love and joy.

—

Scott es una de esas personas que transforma las ideas en algo real.

Un camino.
Un bancal.
Un árbol encontrando su lugar.
Una estructura hecha con sus propias manos.

Con formación en bellas artes, carpintería, paisajismo y años creando sus propios proyectos, trae a Almaíso imaginación, oficio y una energía muy práctica.

Hoy, gran parte de su cuidado está en Almaíso Verde, donde planta, construye y ayuda a crear las condiciones para que la vida crezca.

Lo que hace tan especial la presencia de Scott no es solo lo que crea, sino la energía que trae mientras lo crea.

Humor.
Atención.
Ligereza.
Una alegría simple de estar cerca de la tierra.

Nos recuerda que reconectar con la naturaleza no tiene por qué ser complicado. A veces empieza por mirar lo que ya está creciendo, reír juntos y cuidar una pequeña cosa a la vez.

Nos sentimos agradecidos de tener a Scott guiando esta parte verde de Almaíso.

Porque no solo ayuda a que las plantas crezcan.

Ayuda a que esta visión eche raíces.

Gracias, Scott, por cuidar Almaíso Verde con tanta paciencia, amor y alegría.

#Almaiso #Community #sustainability #permakultur #permaculture",,0,"06/19/2026 04:33",N/A,https://www.facebook.com/finca.el.drago/posts/pfbid0oJwpVHJhsfdHrJswGHjnqBcqe5dSu4rzyHrA7Si4Lh9RafQPvwwfMsgYVufy8uPQl,0,0,Photos,,,,,06/28/2026,0,0,0,0,0,0,0,0,0,0,0,0,0,0,0,0,0,0,,,,,,,,,
1526194675875978,100054563795107,"Almaíso at Finca El Drago","Scott is the kind of person who turns ideas into something real.

A path.
A garden bed.
A tree finding its place.
A structure built by hand.

With a background in fine arts, carpentry, landscaping and years of creating his own projects, he brings imagination, skill and a hands-on spirit to Almaíso.

Today, much of his care goes into Almaíso Verde, where he plants, builds and helps create the conditions for life to grow.

What makes Scott’s presence so special is not only what he creates, but the energy he brings while creating it.

Humour.
Attention.
Lightness.
A simple joy in being close to the land.

He reminds us that reconnecting with nature does not need to be complicated. Sometimes it begins with noticing what is already growing, laughing together and caring for one small thing at a time.

We feel grateful to have Scott guiding this green part of Almaíso.

Because he does not only help plants grow.

He helps this vision take root.

Thank you, Scott, for caring for Almaíso Verde with so much patience, love and joy.

—

Scott es una de esas personas que transforma las ideas en algo real.

Un camino.
Un bancal.
Un árbol encontrando su lugar.
Una estructura hecha con sus propias manos.

Con formación en bellas artes, carpintería, paisajismo y años creando sus propios proyectos, trae a Almaíso imaginación, oficio y una energía muy práctica.

Hoy, gran parte de su cuidado está en Almaíso Verde, donde planta, construye y ayuda a crear las condiciones para que la vida crezca.

Lo que hace tan especial la presencia de Scott no es solo lo que crea, sino la energía que trae mientras lo crea.

Humor.
Atención.
Ligereza.
Una alegría simple de estar cerca de la tierra.

Nos recuerda que reconectar con la naturaleza no tiene por qué ser complicado. A veces empieza por mirar lo que ya está creciendo, reír juntos y cuidar una pequeña cosa a la vez.

Nos sentimos agradecidos de tener a Scott guiando esta parte verde de Almaíso.

Porque no solo ayuda a que las plantas crezcan.

Ayuda a que esta visión eche raíces.

Gracias, Scott, por cuidar Almaíso Verde con tanta paciencia, amor y alegría.

#Almaiso #Community #sustainability #permakultur #permaculture",,0,"06/19/2026 04:33",N/A,https://www.facebook.com/finca.el.drago/posts/pfbid0oJwpVHJhsfdHrJswGHjnqBcqe5dSu4rzyHrA7Si4Lh9RafQPvwwfMsgYVufy8uPQl,0,0,Photos,,,,,06/29/2026,0,0,0,0,0,0,0,0,0,0,0,0,0,0,0,0,0,0,,,,,,,,,
1526194675875978,100054563795107,"Almaíso at Finca El Drago","Scott is the kind of person who turns ideas into something real.

A path.
A garden bed.
A tree finding its place.
A structure built by hand.

With a background in fine arts, carpentry, landscaping and years of creating his own projects, he brings imagination, skill and a hands-on spirit to Almaíso.

Today, much of his care goes into Almaíso Verde, where he plants, builds and helps create the conditions for life to grow.

What makes Scott’s presence so special is not only what he creates, but the energy he brings while creating it.

Humour.
Attention.
Lightness.
A simple joy in being close to the land.

He reminds us that reconnecting with nature does not need to be complicated. Sometimes it begins with noticing what is already growing, laughing together and caring for one small thing at a time.

We feel grateful to have Scott guiding this green part of Almaíso.

Because he does not only help plants grow.

He helps this vision take root.

Thank you, Scott, for caring for Almaíso Verde with so much patience, love and joy.

—

Scott es una de esas personas que transforma las ideas en algo real.

Un camino.
Un bancal.
Un árbol encontrando su lugar.
Una estructura hecha con sus propias manos.

Con formación en bellas artes, carpintería, paisajismo y años creando sus propios proyectos, trae a Almaíso imaginación, oficio y una energía muy práctica.

Hoy, gran parte de su cuidado está en Almaíso Verde, donde planta, construye y ayuda a crear las condiciones para que la vida crezca.

Lo que hace tan especial la presencia de Scott no es solo lo que crea, sino la energía que trae mientras lo crea.

Humor.
Atención.
Ligereza.
Una alegría simple de estar cerca de la tierra.

Nos recuerda que reconectar con la naturaleza no tiene por qué ser complicado. A veces empieza por mirar lo que ya está creciendo, reír juntos y cuidar una pequeña cosa a la vez.

Nos sentimos agradecidos de tener a Scott guiando esta parte verde de Almaíso.

Porque no solo ayuda a que las plantas crezcan.

Ayuda a que esta visión eche raíces.

Gracias, Scott, por cuidar Almaíso Verde con tanta paciencia, amor y alegría.

#Almaiso #Community #sustainability #permakultur #permaculture",,0,"06/19/2026 04:33",N/A,https://www.facebook.com/finca.el.drago/posts/pfbid0oJwpVHJhsfdHrJswGHjnqBcqe5dSu4rzyHrA7Si4Lh9RafQPvwwfMsgYVufy8uPQl,0,0,Photos,,,,,06/30/2026,0,0,0,0,0,0,0,0,0,0,0,0,0,0,0,0,0,0,,,,,,,,,
1526189822543130,100054563795107,"Almaíso at Finca El Drago","Scott is the kind of person who turns ideas into something real.

A path.
A garden bed.
A tree finding its place.
A structure built by hand.

With a background in fine arts, carpentry, landscaping and years of creating his own projects, he brings imagination, skill and a hands-on spirit to Almaíso.

Today, much of his care goes into Almaíso Verde, where he plants, builds and helps create the conditions for life to grow.

What makes Scott’s presence so special is not only what he creates, but the energy he brings while creating it.

Humour.
Attention.
Lightness.
A simple joy in being close to the land.

He reminds us that reconnecting with nature does not need to be complicated. Sometimes it begins with noticing what is already growing, laughing together and caring for one small thing at a time.

We feel grateful to have Scott guiding this green part of Almaíso.

Because he does not only help plants grow.

He helps this vision take root.

Thank you, Scott, for caring for Almaíso Verde with so much patience, love and joy.

—

Scott es una de esas personas que transforma las ideas en algo real.

Un camino.
Un bancal.
Un árbol encontrando su lugar.
Una estructura hecha con sus propias manos.

Con formación en bellas artes, carpintería, paisajismo y años creando sus propios proyectos, trae a Almaíso imaginación, oficio y una energía muy práctica.

Hoy, gran parte de su cuidado está en Almaíso Verde, donde planta, construye y ayuda a crear las condiciones para que la vida crezca.

Lo que hace tan especial la presencia de Scott no es solo lo que crea, sino la energía que trae mientras lo crea.

Humor.
Atención.
Ligereza.
Una alegría simple de estar cerca de la tierra.

Nos recuerda que reconectar con la naturaleza no tiene por qué ser complicado. A veces empieza por mirar lo que ya está creciendo, reír juntos y cuidar una pequeña cosa a la vez.

Nos sentimos agradecidos de tener a Scott guiando esta parte verde de Almaíso.

Porque no solo ayuda a que las plantas crezcan.

Ayuda a que esta visión eche raíces.

Gracias, Scott, por cuidar Almaíso Verde con tanta paciencia, amor y alegría.
#almaísoverde #community #sustainability #permaculture",,0,"06/19/2026 04:26",N/A,https://www.facebook.com/finca.el.drago/posts/pfbid0JY76R5ZXd2HGaZ7zQEZUuFKqVELNQe3X5RrM1yWYPt5f1qN9MFPgsiFTeUJoSQaXl,0,0,Photos,,,,,06/01/2026,0,0,0,0,0,0,0,0,0,0,0,0,0,0,0,0,0,0,,,,,,,,,
1526189822543130,100054563795107,"Almaíso at Finca El Drago","Scott is the kind of person who turns ideas into something real.

A path.
A garden bed.
A tree finding its place.
A structure built by hand.

With a background in fine arts, carpentry, landscaping and years of creating his own projects, he brings imagination, skill and a hands-on spirit to Almaíso.

Today, much of his care goes into Almaíso Verde, where he plants, builds and helps create the conditions for life to grow.

What makes Scott’s presence so special is not only what he creates, but the energy he brings while creating it.

Humour.
Attention.
Lightness.
A simple joy in being close to the land.

He reminds us that reconnecting with nature does not need to be complicated. Sometimes it begins with noticing what is already growing, laughing together and caring for one small thing at a time.

We feel grateful to have Scott guiding this green part of Almaíso.

Because he does not only help plants grow.

He helps this vision take root.

Thank you, Scott, for caring for Almaíso Verde with so much patience, love and joy.

—

Scott es una de esas personas que transforma las ideas en algo real.

Un camino.
Un bancal.
Un árbol encontrando su lugar.
Una estructura hecha con sus propias manos.

Con formación en bellas artes, carpintería, paisajismo y años creando sus propios proyectos, trae a Almaíso imaginación, oficio y una energía muy práctica.

Hoy, gran parte de su cuidado está en Almaíso Verde, donde planta, construye y ayuda a crear las condiciones para que la vida crezca.

Lo que hace tan especial la presencia de Scott no es solo lo que crea, sino la energía que trae mientras lo crea.

Humor.
Atención.
Ligereza.
Una alegría simple de estar cerca de la tierra.

Nos recuerda que reconectar con la naturaleza no tiene por qué ser complicado. A veces empieza por mirar lo que ya está creciendo, reír juntos y cuidar una pequeña cosa a la vez.

Nos sentimos agradecidos de tener a Scott guiando esta parte verde de Almaíso.

Porque no solo ayuda a que las plantas crezcan.

Ayuda a que esta visión eche raíces.

Gracias, Scott, por cuidar Almaíso Verde con tanta paciencia, amor y alegría.
#almaísoverde #community #sustainability #permaculture",,0,"06/19/2026 04:26",N/A,https://www.facebook.com/finca.el.drago/posts/pfbid0JY76R5ZXd2HGaZ7zQEZUuFKqVELNQe3X5RrM1yWYPt5f1qN9MFPgsiFTeUJoSQaXl,0,0,Photos,,,,,06/02/2026,0,0,0,0,0,0,0,0,0,0,0,0,0,0,0,0,0,0,,,,,,,,,
1526189822543130,100054563795107,"Almaíso at Finca El Drago","Scott is the kind of person who turns ideas into something real.

A path.
A garden bed.
A tree finding its place.
A structure built by hand.

With a background in fine arts, carpentry, landscaping and years of creating his own projects, he brings imagination, skill and a hands-on spirit to Almaíso.

Today, much of his care goes into Almaíso Verde, where he plants, builds and helps create the conditions for life to grow.

What makes Scott’s presence so special is not only what he creates, but the energy he brings while creating it.

Humour.
Attention.
Lightness.
A simple joy in being close to the land.

He reminds us that reconnecting with nature does not need to be complicated. Sometimes it begins with noticing what is already growing, laughing together and caring for one small thing at a time.

We feel grateful to have Scott guiding this green part of Almaíso.

Because he does not only help plants grow.

He helps this vision take root.

Thank you, Scott, for caring for Almaíso Verde with so much patience, love and joy.

—

Scott es una de esas personas que transforma las ideas en algo real.

Un camino.
Un bancal.
Un árbol encontrando su lugar.
Una estructura hecha con sus propias manos.

Con formación en bellas artes, carpintería, paisajismo y años creando sus propios proyectos, trae a Almaíso imaginación, oficio y una energía muy práctica.

Hoy, gran parte de su cuidado está en Almaíso Verde, donde planta, construye y ayuda a crear las condiciones para que la vida crezca.

Lo que hace tan especial la presencia de Scott no es solo lo que crea, sino la energía que trae mientras lo crea.

Humor.
Atención.
Ligereza.
Una alegría simple de estar cerca de la tierra.

Nos recuerda que reconectar con la naturaleza no tiene por qué ser complicado. A veces empieza por mirar lo que ya está creciendo, reír juntos y cuidar una pequeña cosa a la vez.

Nos sentimos agradecidos de tener a Scott guiando esta parte verde de Almaíso.

Porque no solo ayuda a que las plantas crezcan.

Ayuda a que esta visión eche raíces.

Gracias, Scott, por cuidar Almaíso Verde con tanta paciencia, amor y alegría.
#almaísoverde #community #sustainability #permaculture",,0,"06/19/2026 04:26",N/A,https://www.facebook.com/finca.el.drago/posts/pfbid0JY76R5ZXd2HGaZ7zQEZUuFKqVELNQe3X5RrM1yWYPt5f1qN9MFPgsiFTeUJoSQaXl,0,0,Photos,,,,,06/03/2026,0,0,0,0,0,0,0,0,0,0,0,0,0,0,0,0,0,0,,,,,,,,,
1526189822543130,100054563795107,"Almaíso at Finca El Drago","Scott is the kind of person who turns ideas into something real.

A path.
A garden bed.
A tree finding its place.
A structure built by hand.

With a background in fine arts, carpentry, landscaping and years of creating his own projects, he brings imagination, skill and a hands-on spirit to Almaíso.

Today, much of his care goes into Almaíso Verde, where he plants, builds and helps create the conditions for life to grow.

What makes Scott’s presence so special is not only what he creates, but the energy he brings while creating it.

Humour.
Attention.
Lightness.
A simple joy in being close to the land.

He reminds us that reconnecting with nature does not need to be complicated. Sometimes it begins with noticing what is already growing, laughing together and caring for one small thing at a time.

We feel grateful to have Scott guiding this green part of Almaíso.

Because he does not only help plants grow.

He helps this vision take root.

Thank you, Scott, for caring for Almaíso Verde with so much patience, love and joy.

—

Scott es una de esas personas que transforma las ideas en algo real.

Un camino.
Un bancal.
Un árbol encontrando su lugar.
Una estructura hecha con sus propias manos.

Con formación en bellas artes, carpintería, paisajismo y años creando sus propios proyectos, trae a Almaíso imaginación, oficio y una energía muy práctica.

Hoy, gran parte de su cuidado está en Almaíso Verde, donde planta, construye y ayuda a crear las condiciones para que la vida crezca.

Lo que hace tan especial la presencia de Scott no es solo lo que crea, sino la energía que trae mientras lo crea.

Humor.
Atención.
Ligereza.
Una alegría simple de estar cerca de la tierra.

Nos recuerda que reconectar con la naturaleza no tiene por qué ser complicado. A veces empieza por mirar lo que ya está creciendo, reír juntos y cuidar una pequeña cosa a la vez.

Nos sentimos agradecidos de tener a Scott guiando esta parte verde de Almaíso.

Porque no solo ayuda a que las plantas crezcan.

Ayuda a que esta visión eche raíces.

Gracias, Scott, por cuidar Almaíso Verde con tanta paciencia, amor y alegría.
#almaísoverde #community #sustainability #permaculture",,0,"06/19/2026 04:26",N/A,https://www.facebook.com/finca.el.drago/posts/pfbid0JY76R5ZXd2HGaZ7zQEZUuFKqVELNQe3X5RrM1yWYPt5f1qN9MFPgsiFTeUJoSQaXl,0,0,Photos,,,,,06/04/2026,0,0,0,0,0,0,0,0,0,0,0,0,0,0,0,0,0,0,,,,,,,,,
1526189822543130,100054563795107,"Almaíso at Finca El Drago","Scott is the kind of person who turns ideas into something real.

A path.
A garden bed.
A tree finding its place.
A structure built by hand.

With a background in fine arts, carpentry, landscaping and years of creating his own projects, he brings imagination, skill and a hands-on spirit to Almaíso.

Today, much of his care goes into Almaíso Verde, where he plants, builds and helps create the conditions for life to grow.

What makes Scott’s presence so special is not only what he creates, but the energy he brings while creating it.

Humour.
Attention.
Lightness.
A simple joy in being close to the land.

He reminds us that reconnecting with nature does not need to be complicated. Sometimes it begins with noticing what is already growing, laughing together and caring for one small thing at a time.

We feel grateful to have Scott guiding this green part of Almaíso.

Because he does not only help plants grow.

He helps this vision take root.

Thank you, Scott, for caring for Almaíso Verde with so much patience, love and joy.

—

Scott es una de esas personas que transforma las ideas en algo real.

Un camino.
Un bancal.
Un árbol encontrando su lugar.
Una estructura hecha con sus propias manos.

Con formación en bellas artes, carpintería, paisajismo y años creando sus propios proyectos, trae a Almaíso imaginación, oficio y una energía muy práctica.

Hoy, gran parte de su cuidado está en Almaíso Verde, donde planta, construye y ayuda a crear las condiciones para que la vida crezca.

Lo que hace tan especial la presencia de Scott no es solo lo que crea, sino la energía que trae mientras lo crea.

Humor.
Atención.
Ligereza.
Una alegría simple de estar cerca de la tierra.

Nos recuerda que reconectar con la naturaleza no tiene por qué ser complicado. A veces empieza por mirar lo que ya está creciendo, reír juntos y cuidar una pequeña cosa a la vez.

Nos sentimos agradecidos de tener a Scott guiando esta parte verde de Almaíso.

Porque no solo ayuda a que las plantas crezcan.

Ayuda a que esta visión eche raíces.

Gracias, Scott, por cuidar Almaíso Verde con tanta paciencia, amor y alegría.
#almaísoverde #community #sustainability #permaculture",,0,"06/19/2026 04:26",N/A,https://www.facebook.com/finca.el.drago/posts/pfbid0JY76R5ZXd2HGaZ7zQEZUuFKqVELNQe3X5RrM1yWYPt5f1qN9MFPgsiFTeUJoSQaXl,0,0,Photos,,,,,06/05/2026,0,0,0,0,0,0,0,0,0,0,0,0,0,0,0,0,0,0,,,,,,,,,
1526189822543130,100054563795107,"Almaíso at Finca El Drago","Scott is the kind of person who turns ideas into something real.

A path.
A garden bed.
A tree finding its place.
A structure built by hand.

With a background in fine arts, carpentry, landscaping and years of creating his own projects, he brings imagination, skill and a hands-on spirit to Almaíso.

Today, much of his care goes into Almaíso Verde, where he plants, builds and helps create the conditions for life to grow.

What makes Scott’s presence so special is not only what he creates, but the energy he brings while creating it.

Humour.
Attention.
Lightness.
A simple joy in being close to the land.

He reminds us that reconnecting with nature does not need to be complicated. Sometimes it begins with noticing what is already growing, laughing together and caring for one small thing at a time.

We feel grateful to have Scott guiding this green part of Almaíso.

Because he does not only help plants grow.

He helps this vision take root.

Thank you, Scott, for caring for Almaíso Verde with so much patience, love and joy.

—

Scott es una de esas personas que transforma las ideas en algo real.

Un camino.
Un bancal.
Un árbol encontrando su lugar.
Una estructura hecha con sus propias manos.

Con formación en bellas artes, carpintería, paisajismo y años creando sus propios proyectos, trae a Almaíso imaginación, oficio y una energía muy práctica.

Hoy, gran parte de su cuidado está en Almaíso Verde, donde planta, construye y ayuda a crear las condiciones para que la vida crezca.

Lo que hace tan especial la presencia de Scott no es solo lo que crea, sino la energía que trae mientras lo crea.

Humor.
Atención.
Ligereza.
Una alegría simple de estar cerca de la tierra.

Nos recuerda que reconectar con la naturaleza no tiene por qué ser complicado. A veces empieza por mirar lo que ya está creciendo, reír juntos y cuidar una pequeña cosa a la vez.

Nos sentimos agradecidos de tener a Scott guiando esta parte verde de Almaíso.

Porque no solo ayuda a que las plantas crezcan.

Ayuda a que esta visión eche raíces.

Gracias, Scott, por cuidar Almaíso Verde con tanta paciencia, amor y alegría.
#almaísoverde #community #sustainability #permaculture",,0,"06/19/2026 04:26",N/A,https://www.facebook.com/finca.el.drago/posts/pfbid0JY76R5ZXd2HGaZ7zQEZUuFKqVELNQe3X5RrM1yWYPt5f1qN9MFPgsiFTeUJoSQaXl,0,0,Photos,,,,,06/06/2026,0,0,0,0,0,0,0,0,0,0,0,0,0,0,0,0,0,0,,,,,,,,,
1526189822543130,100054563795107,"Almaíso at Finca El Drago","Scott is the kind of person who turns ideas into something real.

A path.
A garden bed.
A tree finding its place.
A structure built by hand.

With a background in fine arts, carpentry, landscaping and years of creating his own projects, he brings imagination, skill and a hands-on spirit to Almaíso.

Today, much of his care goes into Almaíso Verde, where he plants, builds and helps create the conditions for life to grow.

What makes Scott’s presence so special is not only what he creates, but the energy he brings while creating it.

Humour.
Attention.
Lightness.
A simple joy in being close to the land.

He reminds us that reconnecting with nature does not need to be complicated. Sometimes it begins with noticing what is already growing, laughing together and caring for one small thing at a time.

We feel grateful to have Scott guiding this green part of Almaíso.

Because he does not only help plants grow.

He helps this vision take root.

Thank you, Scott, for caring for Almaíso Verde with so much patience, love and joy.

—

Scott es una de esas personas que transforma las ideas en algo real.

Un camino.
Un bancal.
Un árbol encontrando su lugar.
Una estructura hecha con sus propias manos.

Con formación en bellas artes, carpintería, paisajismo y años creando sus propios proyectos, trae a Almaíso imaginación, oficio y una energía muy práctica.

Hoy, gran parte de su cuidado está en Almaíso Verde, donde planta, construye y ayuda a crear las condiciones para que la vida crezca.

Lo que hace tan especial la presencia de Scott no es solo lo que crea, sino la energía que trae mientras lo crea.

Humor.
Atención.
Ligereza.
Una alegría simple de estar cerca de la tierra.

Nos recuerda que reconectar con la naturaleza no tiene por qué ser complicado. A veces empieza por mirar lo que ya está creciendo, reír juntos y cuidar una pequeña cosa a la vez.

Nos sentimos agradecidos de tener a Scott guiando esta parte verde de Almaíso.

Porque no solo ayuda a que las plantas crezcan.

Ayuda a que esta visión eche raíces.

Gracias, Scott, por cuidar Almaíso Verde con tanta paciencia, amor y alegría.
#almaísoverde #community #sustainability #permaculture",,0,"06/19/2026 04:26",N/A,https://www.facebook.com/finca.el.drago/posts/pfbid0JY76R5ZXd2HGaZ7zQEZUuFKqVELNQe3X5RrM1yWYPt5f1qN9MFPgsiFTeUJoSQaXl,0,0,Photos,,,,,06/07/2026,0,0,0,0,0,0,0,0,0,0,0,0,0,0,0,0,0,0,,,,,,,,,
1526189822543130,100054563795107,"Almaíso at Finca El Drago","Scott is the kind of person who turns ideas into something real.

A path.
A garden bed.
A tree finding its place.
A structure built by hand.

With a background in fine arts, carpentry, landscaping and years of creating his own projects, he brings imagination, skill and a hands-on spirit to Almaíso.

Today, much of his care goes into Almaíso Verde, where he plants, builds and helps create the conditions for life to grow.

What makes Scott’s presence so special is not only what he creates, but the energy he brings while creating it.

Humour.
Attention.
Lightness.
A simple joy in being close to the land.

He reminds us that reconnecting with nature does not need to be complicated. Sometimes it begins with noticing what is already growing, laughing together and caring for one small thing at a time.

We feel grateful to have Scott guiding this green part of Almaíso.

Because he does not only help plants grow.

He helps this vision take root.

Thank you, Scott, for caring for Almaíso Verde with so much patience, love and joy.

—

Scott es una de esas personas que transforma las ideas en algo real.

Un camino.
Un bancal.
Un árbol encontrando su lugar.
Una estructura hecha con sus propias manos.

Con formación en bellas artes, carpintería, paisajismo y años creando sus propios proyectos, trae a Almaíso imaginación, oficio y una energía muy práctica.

Hoy, gran parte de su cuidado está en Almaíso Verde, donde planta, construye y ayuda a crear las condiciones para que la vida crezca.

Lo que hace tan especial la presencia de Scott no es solo lo que crea, sino la energía que trae mientras lo crea.

Humor.
Atención.
Ligereza.
Una alegría simple de estar cerca de la tierra.

Nos recuerda que reconectar con la naturaleza no tiene por qué ser complicado. A veces empieza por mirar lo que ya está creciendo, reír juntos y cuidar una pequeña cosa a la vez.

Nos sentimos agradecidos de tener a Scott guiando esta parte verde de Almaíso.

Porque no solo ayuda a que las plantas crezcan.

Ayuda a que esta visión eche raíces.

Gracias, Scott, por cuidar Almaíso Verde con tanta paciencia, amor y alegría.
#almaísoverde #community #sustainability #permaculture",,0,"06/19/2026 04:26",N/A,https://www.facebook.com/finca.el.drago/posts/pfbid0JY76R5ZXd2HGaZ7zQEZUuFKqVELNQe3X5RrM1yWYPt5f1qN9MFPgsiFTeUJoSQaXl,0,0,Photos,,,,,06/08/2026,0,0,0,0,0,0,0,0,0,0,0,0,0,0,0,0,0,0,,,,,,,,,
1526189822543130,100054563795107,"Almaíso at Finca El Drago","Scott is the kind of person who turns ideas into something real.

A path.
A garden bed.
A tree finding its place.
A structure built by hand.

With a background in fine arts, carpentry, landscaping and years of creating his own projects, he brings imagination, skill and a hands-on spirit to Almaíso.

Today, much of his care goes into Almaíso Verde, where he plants, builds and helps create the conditions for life to grow.

What makes Scott’s presence so special is not only what he creates, but the energy he brings while creating it.

Humour.
Attention.
Lightness.
A simple joy in being close to the land.

He reminds us that reconnecting with nature does not need to be complicated. Sometimes it begins with noticing what is already growing, laughing together and caring for one small thing at a time.

We feel grateful to have Scott guiding this green part of Almaíso.

Because he does not only help plants grow.

He helps this vision take root.

Thank you, Scott, for caring for Almaíso Verde with so much patience, love and joy.

—

Scott es una de esas personas que transforma las ideas en algo real.

Un camino.
Un bancal.
Un árbol encontrando su lugar.
Una estructura hecha con sus propias manos.

Con formación en bellas artes, carpintería, paisajismo y años creando sus propios proyectos, trae a Almaíso imaginación, oficio y una energía muy práctica.

Hoy, gran parte de su cuidado está en Almaíso Verde, donde planta, construye y ayuda a crear las condiciones para que la vida crezca.

Lo que hace tan especial la presencia de Scott no es solo lo que crea, sino la energía que trae mientras lo crea.

Humor.
Atención.
Ligereza.
Una alegría simple de estar cerca de la tierra.

Nos recuerda que reconectar con la naturaleza no tiene por qué ser complicado. A veces empieza por mirar lo que ya está creciendo, reír juntos y cuidar una pequeña cosa a la vez.

Nos sentimos agradecidos de tener a Scott guiando esta parte verde de Almaíso.

Porque no solo ayuda a que las plantas crezcan.

Ayuda a que esta visión eche raíces.

Gracias, Scott, por cuidar Almaíso Verde con tanta paciencia, amor y alegría.
#almaísoverde #community #sustainability #permaculture",,0,"06/19/2026 04:26",N/A,https://www.facebook.com/finca.el.drago/posts/pfbid0JY76R5ZXd2HGaZ7zQEZUuFKqVELNQe3X5RrM1yWYPt5f1qN9MFPgsiFTeUJoSQaXl,0,0,Photos,,,,,06/09/2026,0,0,0,0,0,0,0,0,0,0,0,0,0,0,0,0,0,0,,,,,,,,,
1526189822543130,100054563795107,"Almaíso at Finca El Drago","Scott is the kind of person who turns ideas into something real.

A path.
A garden bed.
A tree finding its place.
A structure built by hand.

With a background in fine arts, carpentry, landscaping and years of creating his own projects, he brings imagination, skill and a hands-on spirit to Almaíso.

Today, much of his care goes into Almaíso Verde, where he plants, builds and helps create the conditions for life to grow.

What makes Scott’s presence so special is not only what he creates, but the energy he brings while creating it.

Humour.
Attention.
Lightness.
A simple joy in being close to the land.

He reminds us that reconnecting with nature does not need to be complicated. Sometimes it begins with noticing what is already growing, laughing together and caring for one small thing at a time.

We feel grateful to have Scott guiding this green part of Almaíso.

Because he does not only help plants grow.

He helps this vision take root.

Thank you, Scott, for caring for Almaíso Verde with so much patience, love and joy.

—

Scott es una de esas personas que transforma las ideas en algo real.

Un camino.
Un bancal.
Un árbol encontrando su lugar.
Una estructura hecha con sus propias manos.

Con formación en bellas artes, carpintería, paisajismo y años creando sus propios proyectos, trae a Almaíso imaginación, oficio y una energía muy práctica.

Hoy, gran parte de su cuidado está en Almaíso Verde, donde planta, construye y ayuda a crear las condiciones para que la vida crezca.

Lo que hace tan especial la presencia de Scott no es solo lo que crea, sino la energía que trae mientras lo crea.

Humor.
Atención.
Ligereza.
Una alegría simple de estar cerca de la tierra.

Nos recuerda que reconectar con la naturaleza no tiene por qué ser complicado. A veces empieza por mirar lo que ya está creciendo, reír juntos y cuidar una pequeña cosa a la vez.

Nos sentimos agradecidos de tener a Scott guiando esta parte verde de Almaíso.

Porque no solo ayuda a que las plantas crezcan.

Ayuda a que esta visión eche raíces.

Gracias, Scott, por cuidar Almaíso Verde con tanta paciencia, amor y alegría.
#almaísoverde #community #sustainability #permaculture",,0,"06/19/2026 04:26",N/A,https://www.facebook.com/finca.el.drago/posts/pfbid0JY76R5ZXd2HGaZ7zQEZUuFKqVELNQe3X5RrM1yWYPt5f1qN9MFPgsiFTeUJoSQaXl,0,0,Photos,,,,,06/10/2026,0,0,0,0,0,0,0,0,0,0,0,0,0,0,0,0,0,0,,,,,,,,,
1526189822543130,100054563795107,"Almaíso at Finca El Drago","Scott is the kind of person who turns ideas into something real.

A path.
A garden bed.
A tree finding its place.
A structure built by hand.

With a background in fine arts, carpentry, landscaping and years of creating his own projects, he brings imagination, skill and a hands-on spirit to Almaíso.

Today, much of his care goes into Almaíso Verde, where he plants, builds and helps create the conditions for life to grow.

What makes Scott’s presence so special is not only what he creates, but the energy he brings while creating it.

Humour.
Attention.
Lightness.
A simple joy in being close to the land.

He reminds us that reconnecting with nature does not need to be complicated. Sometimes it begins with noticing what is already growing, laughing together and caring for one small thing at a time.

We feel grateful to have Scott guiding this green part of Almaíso.

Because he does not only help plants grow.

He helps this vision take root.

Thank you, Scott, for caring for Almaíso Verde with so much patience, love and joy.

—

Scott es una de esas personas que transforma las ideas en algo real.

Un camino.
Un bancal.
Un árbol encontrando su lugar.
Una estructura hecha con sus propias manos.

Con formación en bellas artes, carpintería, paisajismo y años creando sus propios proyectos, trae a Almaíso imaginación, oficio y una energía muy práctica.

Hoy, gran parte de su cuidado está en Almaíso Verde, donde planta, construye y ayuda a crear las condiciones para que la vida crezca.

Lo que hace tan especial la presencia de Scott no es solo lo que crea, sino la energía que trae mientras lo crea.

Humor.
Atención.
Ligereza.
Una alegría simple de estar cerca de la tierra.

Nos recuerda que reconectar con la naturaleza no tiene por qué ser complicado. A veces empieza por mirar lo que ya está creciendo, reír juntos y cuidar una pequeña cosa a la vez.

Nos sentimos agradecidos de tener a Scott guiando esta parte verde de Almaíso.

Porque no solo ayuda a que las plantas crezcan.

Ayuda a que esta visión eche raíces.

Gracias, Scott, por cuidar Almaíso Verde con tanta paciencia, amor y alegría.
#almaísoverde #community #sustainability #permaculture",,0,"06/19/2026 04:26",N/A,https://www.facebook.com/finca.el.drago/posts/pfbid0JY76R5ZXd2HGaZ7zQEZUuFKqVELNQe3X5RrM1yWYPt5f1qN9MFPgsiFTeUJoSQaXl,0,0,Photos,,,,,06/11/2026,0,0,0,0,0,0,0,0,0,0,0,0,0,0,0,0,0,0,,,,,,,,,
1526189822543130,100054563795107,"Almaíso at Finca El Drago","Scott is the kind of person who turns ideas into something real.

A path.
A garden bed.
A tree finding its place.
A structure built by hand.

With a background in fine arts, carpentry, landscaping and years of creating his own projects, he brings imagination, skill and a hands-on spirit to Almaíso.

Today, much of his care goes into Almaíso Verde, where he plants, builds and helps create the conditions for life to grow.

What makes Scott’s presence so special is not only what he creates, but the energy he brings while creating it.

Humour.
Attention.
Lightness.
A simple joy in being close to the land.

He reminds us that reconnecting with nature does not need to be complicated. Sometimes it begins with noticing what is already growing, laughing together and caring for one small thing at a time.

We feel grateful to have Scott guiding this green part of Almaíso.

Because he does not only help plants grow.

He helps this vision take root.

Thank you, Scott, for caring for Almaíso Verde with so much patience, love and joy.

—

Scott es una de esas personas que transforma las ideas en algo real.

Un camino.
Un bancal.
Un árbol encontrando su lugar.
Una estructura hecha con sus propias manos.

Con formación en bellas artes, carpintería, paisajismo y años creando sus propios proyectos, trae a Almaíso imaginación, oficio y una energía muy práctica.

Hoy, gran parte de su cuidado está en Almaíso Verde, donde planta, construye y ayuda a crear las condiciones para que la vida crezca.

Lo que hace tan especial la presencia de Scott no es solo lo que crea, sino la energía que trae mientras lo crea.

Humor.
Atención.
Ligereza.
Una alegría simple de estar cerca de la tierra.

Nos recuerda que reconectar con la naturaleza no tiene por qué ser complicado. A veces empieza por mirar lo que ya está creciendo, reír juntos y cuidar una pequeña cosa a la vez.

Nos sentimos agradecidos de tener a Scott guiando esta parte verde de Almaíso.

Porque no solo ayuda a que las plantas crezcan.

Ayuda a que esta visión eche raíces.

Gracias, Scott, por cuidar Almaíso Verde con tanta paciencia, amor y alegría.
#almaísoverde #community #sustainability #permaculture",,0,"06/19/2026 04:26",N/A,https://www.facebook.com/finca.el.drago/posts/pfbid0JY76R5ZXd2HGaZ7zQEZUuFKqVELNQe3X5RrM1yWYPt5f1qN9MFPgsiFTeUJoSQaXl,0,0,Photos,,,,,06/12/2026,0,0,0,0,0,0,0,0,0,0,0,0,0,0,0,0,0,0,,,,,,,,,
1526189822543130,100054563795107,"Almaíso at Finca El Drago","Scott is the kind of person who turns ideas into something real.

A path.
A garden bed.
A tree finding its place.
A structure built by hand.

With a background in fine arts, carpentry, landscaping and years of creating his own projects, he brings imagination, skill and a hands-on spirit to Almaíso.

Today, much of his care goes into Almaíso Verde, where he plants, builds and helps create the conditions for life to grow.

What makes Scott’s presence so special is not only what he creates, but the energy he brings while creating it.

Humour.
Attention.
Lightness.
A simple joy in being close to the land.

He reminds us that reconnecting with nature does not need to be complicated. Sometimes it begins with noticing what is already growing, laughing together and caring for one small thing at a time.

We feel grateful to have Scott guiding this green part of Almaíso.

Because he does not only help plants grow.

He helps this vision take root.

Thank you, Scott, for caring for Almaíso Verde with so much patience, love and joy.

—

Scott es una de esas personas que transforma las ideas en algo real.

Un camino.
Un bancal.
Un árbol encontrando su lugar.
Una estructura hecha con sus propias manos.

Con formación en bellas artes, carpintería, paisajismo y años creando sus propios proyectos, trae a Almaíso imaginación, oficio y una energía muy práctica.

Hoy, gran parte de su cuidado está en Almaíso Verde, donde planta, construye y ayuda a crear las condiciones para que la vida crezca.

Lo que hace tan especial la presencia de Scott no es solo lo que crea, sino la energía que trae mientras lo crea.

Humor.
Atención.
Ligereza.
Una alegría simple de estar cerca de la tierra.

Nos recuerda que reconectar con la naturaleza no tiene por qué ser complicado. A veces empieza por mirar lo que ya está creciendo, reír juntos y cuidar una pequeña cosa a la vez.

Nos sentimos agradecidos de tener a Scott guiando esta parte verde de Almaíso.

Porque no solo ayuda a que las plantas crezcan.

Ayuda a que esta visión eche raíces.

Gracias, Scott, por cuidar Almaíso Verde con tanta paciencia, amor y alegría.
#almaísoverde #community #sustainability #permaculture",,0,"06/19/2026 04:26",N/A,https://www.facebook.com/finca.el.drago/posts/pfbid0JY76R5ZXd2HGaZ7zQEZUuFKqVELNQe3X5RrM1yWYPt5f1qN9MFPgsiFTeUJoSQaXl,0,0,Photos,,,,,06/13/2026,0,0,0,0,0,0,0,0,0,0,0,0,0,0,0,0,0,0,,,,,,,,,
1526189822543130,100054563795107,"Almaíso at Finca El Drago","Scott is the kind of person who turns ideas into something real.

A path.
A garden bed.
A tree finding its place.
A structure built by hand.

With a background in fine arts, carpentry, landscaping and years of creating his own projects, he brings imagination, skill and a hands-on spirit to Almaíso.

Today, much of his care goes into Almaíso Verde, where he plants, builds and helps create the conditions for life to grow.

What makes Scott’s presence so special is not only what he creates, but the energy he brings while creating it.

Humour.
Attention.
Lightness.
A simple joy in being close to the land.

He reminds us that reconnecting with nature does not need to be complicated. Sometimes it begins with noticing what is already growing, laughing together and caring for one small thing at a time.

We feel grateful to have Scott guiding this green part of Almaíso.

Because he does not only help plants grow.

He helps this vision take root.

Thank you, Scott, for caring for Almaíso Verde with so much patience, love and joy.

—

Scott es una de esas personas que transforma las ideas en algo real.

Un camino.
Un bancal.
Un árbol encontrando su lugar.
Una estructura hecha con sus propias manos.

Con formación en bellas artes, carpintería, paisajismo y años creando sus propios proyectos, trae a Almaíso imaginación, oficio y una energía muy práctica.

Hoy, gran parte de su cuidado está en Almaíso Verde, donde planta, construye y ayuda a crear las condiciones para que la vida crezca.

Lo que hace tan especial la presencia de Scott no es solo lo que crea, sino la energía que trae mientras lo crea.

Humor.
Atención.
Ligereza.
Una alegría simple de estar cerca de la tierra.

Nos recuerda que reconectar con la naturaleza no tiene por qué ser complicado. A veces empieza por mirar lo que ya está creciendo, reír juntos y cuidar una pequeña cosa a la vez.

Nos sentimos agradecidos de tener a Scott guiando esta parte verde de Almaíso.

Porque no solo ayuda a que las plantas crezcan.

Ayuda a que esta visión eche raíces.

Gracias, Scott, por cuidar Almaíso Verde con tanta paciencia, amor y alegría.
#almaísoverde #community #sustainability #permaculture",,0,"06/19/2026 04:26",N/A,https://www.facebook.com/finca.el.drago/posts/pfbid0JY76R5ZXd2HGaZ7zQEZUuFKqVELNQe3X5RrM1yWYPt5f1qN9MFPgsiFTeUJoSQaXl,0,0,Photos,,,,,06/14/2026,0,0,0,0,0,0,0,0,0,0,0,0,0,0,0,0,0,0,,,,,,,,,
1526189822543130,100054563795107,"Almaíso at Finca El Drago","Scott is the kind of person who turns ideas into something real.

A path.
A garden bed.
A tree finding its place.
A structure built by hand.

With a background in fine arts, carpentry, landscaping and years of creating his own projects, he brings imagination, skill and a hands-on spirit to Almaíso.

Today, much of his care goes into Almaíso Verde, where he plants, builds and helps create the conditions for life to grow.

What makes Scott’s presence so special is not only what he creates, but the energy he brings while creating it.

Humour.
Attention.
Lightness.
A simple joy in being close to the land.

He reminds us that reconnecting with nature does not need to be complicated. Sometimes it begins with noticing what is already growing, laughing together and caring for one small thing at a time.

We feel grateful to have Scott guiding this green part of Almaíso.

Because he does not only help plants grow.

He helps this vision take root.

Thank you, Scott, for caring for Almaíso Verde with so much patience, love and joy.

—

Scott es una de esas personas que transforma las ideas en algo real.

Un camino.
Un bancal.
Un árbol encontrando su lugar.
Una estructura hecha con sus propias manos.

Con formación en bellas artes, carpintería, paisajismo y años creando sus propios proyectos, trae a Almaíso imaginación, oficio y una energía muy práctica.

Hoy, gran parte de su cuidado está en Almaíso Verde, donde planta, construye y ayuda a crear las condiciones para que la vida crezca.

Lo que hace tan especial la presencia de Scott no es solo lo que crea, sino la energía que trae mientras lo crea.

Humor.
Atención.
Ligereza.
Una alegría simple de estar cerca de la tierra.

Nos recuerda que reconectar con la naturaleza no tiene por qué ser complicado. A veces empieza por mirar lo que ya está creciendo, reír juntos y cuidar una pequeña cosa a la vez.

Nos sentimos agradecidos de tener a Scott guiando esta parte verde de Almaíso.

Porque no solo ayuda a que las plantas crezcan.

Ayuda a que esta visión eche raíces.

Gracias, Scott, por cuidar Almaíso Verde con tanta paciencia, amor y alegría.
#almaísoverde #community #sustainability #permaculture",,0,"06/19/2026 04:26",N/A,https://www.facebook.com/finca.el.drago/posts/pfbid0JY76R5ZXd2HGaZ7zQEZUuFKqVELNQe3X5RrM1yWYPt5f1qN9MFPgsiFTeUJoSQaXl,0,0,Photos,,,,,06/15/2026,0,0,0,0,0,0,0,0,0,0,0,0,0,0,0,0,0,0,,,,,,,,,
1526189822543130,100054563795107,"Almaíso at Finca El Drago","Scott is the kind of person who turns ideas into something real.

A path.
A garden bed.
A tree finding its place.
A structure built by hand.

With a background in fine arts, carpentry, landscaping and years of creating his own projects, he brings imagination, skill and a hands-on spirit to Almaíso.

Today, much of his care goes into Almaíso Verde, where he plants, builds and helps create the conditions for life to grow.

What makes Scott’s presence so special is not only what he creates, but the energy he brings while creating it.

Humour.
Attention.
Lightness.
A simple joy in being close to the land.

He reminds us that reconnecting with nature does not need to be complicated. Sometimes it begins with noticing what is already growing, laughing together and caring for one small thing at a time.

We feel grateful to have Scott guiding this green part of Almaíso.

Because he does not only help plants grow.

He helps this vision take root.

Thank you, Scott, for caring for Almaíso Verde with so much patience, love and joy.

—

Scott es una de esas personas que transforma las ideas en algo real.

Un camino.
Un bancal.
Un árbol encontrando su lugar.
Una estructura hecha con sus propias manos.

Con formación en bellas artes, carpintería, paisajismo y años creando sus propios proyectos, trae a Almaíso imaginación, oficio y una energía muy práctica.

Hoy, gran parte de su cuidado está en Almaíso Verde, donde planta, construye y ayuda a crear las condiciones para que la vida crezca.

Lo que hace tan especial la presencia de Scott no es solo lo que crea, sino la energía que trae mientras lo crea.

Humor.
Atención.
Ligereza.
Una alegría simple de estar cerca de la tierra.

Nos recuerda que reconectar con la naturaleza no tiene por qué ser complicado. A veces empieza por mirar lo que ya está creciendo, reír juntos y cuidar una pequeña cosa a la vez.

Nos sentimos agradecidos de tener a Scott guiando esta parte verde de Almaíso.

Porque no solo ayuda a que las plantas crezcan.

Ayuda a que esta visión eche raíces.

Gracias, Scott, por cuidar Almaíso Verde con tanta paciencia, amor y alegría.
#almaísoverde #community #sustainability #permaculture",,0,"06/19/2026 04:26",N/A,https://www.facebook.com/finca.el.drago/posts/pfbid0JY76R5ZXd2HGaZ7zQEZUuFKqVELNQe3X5RrM1yWYPt5f1qN9MFPgsiFTeUJoSQaXl,0,0,Photos,,,,,06/16/2026,0,0,0,0,0,0,0,0,0,0,0,0,0,0,0,0,0,0,,,,,,,,,
1526189822543130,100054563795107,"Almaíso at Finca El Drago","Scott is the kind of person who turns ideas into something real.

A path.
A garden bed.
A tree finding its place.
A structure built by hand.

With a background in fine arts, carpentry, landscaping and years of creating his own projects, he brings imagination, skill and a hands-on spirit to Almaíso.

Today, much of his care goes into Almaíso Verde, where he plants, builds and helps create the conditions for life to grow.

What makes Scott’s presence so special is not only what he creates, but the energy he brings while creating it.

Humour.
Attention.
Lightness.
A simple joy in being close to the land.

He reminds us that reconnecting with nature does not need to be complicated. Sometimes it begins with noticing what is already growing, laughing together and caring for one small thing at a time.

We feel grateful to have Scott guiding this green part of Almaíso.

Because he does not only help plants grow.

He helps this vision take root.

Thank you, Scott, for caring for Almaíso Verde with so much patience, love and joy.

—

Scott es una de esas personas que transforma las ideas en algo real.

Un camino.
Un bancal.
Un árbol encontrando su lugar.
Una estructura hecha con sus propias manos.

Con formación en bellas artes, carpintería, paisajismo y años creando sus propios proyectos, trae a Almaíso imaginación, oficio y una energía muy práctica.

Hoy, gran parte de su cuidado está en Almaíso Verde, donde planta, construye y ayuda a crear las condiciones para que la vida crezca.

Lo que hace tan especial la presencia de Scott no es solo lo que crea, sino la energía que trae mientras lo crea.

Humor.
Atención.
Ligereza.
Una alegría simple de estar cerca de la tierra.

Nos recuerda que reconectar con la naturaleza no tiene por qué ser complicado. A veces empieza por mirar lo que ya está creciendo, reír juntos y cuidar una pequeña cosa a la vez.

Nos sentimos agradecidos de tener a Scott guiando esta parte verde de Almaíso.

Porque no solo ayuda a que las plantas crezcan.

Ayuda a que esta visión eche raíces.

Gracias, Scott, por cuidar Almaíso Verde con tanta paciencia, amor y alegría.
#almaísoverde #community #sustainability #permaculture",,0,"06/19/2026 04:26",N/A,https://www.facebook.com/finca.el.drago/posts/pfbid0JY76R5ZXd2HGaZ7zQEZUuFKqVELNQe3X5RrM1yWYPt5f1qN9MFPgsiFTeUJoSQaXl,0,0,Photos,,,,,06/17/2026,0,0,0,0,0,0,0,0,0,0,0,0,0,0,0,0,0,0,,,,,,,,,
1526189822543130,100054563795107,"Almaíso at Finca El Drago","Scott is the kind of person who turns ideas into something real.

A path.
A garden bed.
A tree finding its place.
A structure built by hand.

With a background in fine arts, carpentry, landscaping and years of creating his own projects, he brings imagination, skill and a hands-on spirit to Almaíso.

Today, much of his care goes into Almaíso Verde, where he plants, builds and helps create the conditions for life to grow.

What makes Scott’s presence so special is not only what he creates, but the energy he brings while creating it.

Humour.
Attention.
Lightness.
A simple joy in being close to the land.

He reminds us that reconnecting with nature does not need to be complicated. Sometimes it begins with noticing what is already growing, laughing together and caring for one small thing at a time.

We feel grateful to have Scott guiding this green part of Almaíso.

Because he does not only help plants grow.

He helps this vision take root.

Thank you, Scott, for caring for Almaíso Verde with so much patience, love and joy.

—

Scott es una de esas personas que transforma las ideas en algo real.

Un camino.
Un bancal.
Un árbol encontrando su lugar.
Una estructura hecha con sus propias manos.

Con formación en bellas artes, carpintería, paisajismo y años creando sus propios proyectos, trae a Almaíso imaginación, oficio y una energía muy práctica.

Hoy, gran parte de su cuidado está en Almaíso Verde, donde planta, construye y ayuda a crear las condiciones para que la vida crezca.

Lo que hace tan especial la presencia de Scott no es solo lo que crea, sino la energía que trae mientras lo crea.

Humor.
Atención.
Ligereza.
Una alegría simple de estar cerca de la tierra.

Nos recuerda que reconectar con la naturaleza no tiene por qué ser complicado. A veces empieza por mirar lo que ya está creciendo, reír juntos y cuidar una pequeña cosa a la vez.

Nos sentimos agradecidos de tener a Scott guiando esta parte verde de Almaíso.

Porque no solo ayuda a que las plantas crezcan.

Ayuda a que esta visión eche raíces.

Gracias, Scott, por cuidar Almaíso Verde con tanta paciencia, amor y alegría.
#almaísoverde #community #sustainability #permaculture",,0,"06/19/2026 04:26",N/A,https://www.facebook.com/finca.el.drago/posts/pfbid0JY76R5ZXd2HGaZ7zQEZUuFKqVELNQe3X5RrM1yWYPt5f1qN9MFPgsiFTeUJoSQaXl,0,0,Photos,,,,,06/18/2026,0,0,0,0,0,0,0,0,0,0,0,0,0,0,0,0,0,0,,,,,,,,,
1526189822543130,100054563795107,"Almaíso at Finca El Drago","Scott is the kind of person who turns ideas into something real.

A path.
A garden bed.
A tree finding its place.
A structure built by hand.

With a background in fine arts, carpentry, landscaping and years of creating his own projects, he brings imagination, skill and a hands-on spirit to Almaíso.

Today, much of his care goes into Almaíso Verde, where he plants, builds and helps create the conditions for life to grow.

What makes Scott’s presence so special is not only what he creates, but the energy he brings while creating it.

Humour.
Attention.
Lightness.
A simple joy in being close to the land.

He reminds us that reconnecting with nature does not need to be complicated. Sometimes it begins with noticing what is already growing, laughing together and caring for one small thing at a time.

We feel grateful to have Scott guiding this green part of Almaíso.

Because he does not only help plants grow.

He helps this vision take root.

Thank you, Scott, for caring for Almaíso Verde with so much patience, love and joy.

—

Scott es una de esas personas que transforma las ideas en algo real.

Un camino.
Un bancal.
Un árbol encontrando su lugar.
Una estructura hecha con sus propias manos.

Con formación en bellas artes, carpintería, paisajismo y años creando sus propios proyectos, trae a Almaíso imaginación, oficio y una energía muy práctica.

Hoy, gran parte de su cuidado está en Almaíso Verde, donde planta, construye y ayuda a crear las condiciones para que la vida crezca.

Lo que hace tan especial la presencia de Scott no es solo lo que crea, sino la energía que trae mientras lo crea.

Humor.
Atención.
Ligereza.
Una alegría simple de estar cerca de la tierra.

Nos recuerda que reconectar con la naturaleza no tiene por qué ser complicado. A veces empieza por mirar lo que ya está creciendo, reír juntos y cuidar una pequeña cosa a la vez.

Nos sentimos agradecidos de tener a Scott guiando esta parte verde de Almaíso.

Porque no solo ayuda a que las plantas crezcan.

Ayuda a que esta visión eche raíces.

Gracias, Scott, por cuidar Almaíso Verde con tanta paciencia, amor y alegría.
#almaísoverde #community #sustainability #permaculture",,0,"06/19/2026 04:26",N/A,https://www.facebook.com/finca.el.drago/posts/pfbid0JY76R5ZXd2HGaZ7zQEZUuFKqVELNQe3X5RrM1yWYPt5f1qN9MFPgsiFTeUJoSQaXl,0,0,Photos,,,,,06/19/2026,0,0,0,0,0,0,0,0,0,0,0,0,0,0,0,0,0,0,,,,,,,,,
1526189822543130,100054563795107,"Almaíso at Finca El Drago","Scott is the kind of person who turns ideas into something real.

A path.
A garden bed.
A tree finding its place.
A structure built by hand.

With a background in fine arts, carpentry, landscaping and years of creating his own projects, he brings imagination, skill and a hands-on spirit to Almaíso.

Today, much of his care goes into Almaíso Verde, where he plants, builds and helps create the conditions for life to grow.

What makes Scott’s presence so special is not only what he creates, but the energy he brings while creating it.

Humour.
Attention.
Lightness.
A simple joy in being close to the land.

He reminds us that reconnecting with nature does not need to be complicated. Sometimes it begins with noticing what is already growing, laughing together and caring for one small thing at a time.

We feel grateful to have Scott guiding this green part of Almaíso.

Because he does not only help plants grow.

He helps this vision take root.

Thank you, Scott, for caring for Almaíso Verde with so much patience, love and joy.

—

Scott es una de esas personas que transforma las ideas en algo real.

Un camino.
Un bancal.
Un árbol encontrando su lugar.
Una estructura hecha con sus propias manos.

Con formación en bellas artes, carpintería, paisajismo y años creando sus propios proyectos, trae a Almaíso imaginación, oficio y una energía muy práctica.

Hoy, gran parte de su cuidado está en Almaíso Verde, donde planta, construye y ayuda a crear las condiciones para que la vida crezca.

Lo que hace tan especial la presencia de Scott no es solo lo que crea, sino la energía que trae mientras lo crea.

Humor.
Atención.
Ligereza.
Una alegría simple de estar cerca de la tierra.

Nos recuerda que reconectar con la naturaleza no tiene por qué ser complicado. A veces empieza por mirar lo que ya está creciendo, reír juntos y cuidar una pequeña cosa a la vez.

Nos sentimos agradecidos de tener a Scott guiando esta parte verde de Almaíso.

Porque no solo ayuda a que las plantas crezcan.

Ayuda a que esta visión eche raíces.

Gracias, Scott, por cuidar Almaíso Verde con tanta paciencia, amor y alegría.
#almaísoverde #community #sustainability #permaculture",,0,"06/19/2026 04:26",N/A,https://www.facebook.com/finca.el.drago/posts/pfbid0JY76R5ZXd2HGaZ7zQEZUuFKqVELNQe3X5RrM1yWYPt5f1qN9MFPgsiFTeUJoSQaXl,0,0,Photos,,,,,06/20/2026,0,0,0,0,0,0,0,0,0,0,0,0,0,0,0,0,0,0,,,,,,,,,
1526189822543130,100054563795107,"Almaíso at Finca El Drago","Scott is the kind of person who turns ideas into something real.

A path.
A garden bed.
A tree finding its place.
A structure built by hand.

With a background in fine arts, carpentry, landscaping and years of creating his own projects, he brings imagination, skill and a hands-on spirit to Almaíso.

Today, much of his care goes into Almaíso Verde, where he plants, builds and helps create the conditions for life to grow.

What makes Scott’s presence so special is not only what he creates, but the energy he brings while creating it.

Humour.
Attention.
Lightness.
A simple joy in being close to the land.

He reminds us that reconnecting with nature does not need to be complicated. Sometimes it begins with noticing what is already growing, laughing together and caring for one small thing at a time.

We feel grateful to have Scott guiding this green part of Almaíso.

Because he does not only help plants grow.

He helps this vision take root.

Thank you, Scott, for caring for Almaíso Verde with so much patience, love and joy.

—

Scott es una de esas personas que transforma las ideas en algo real.

Un camino.
Un bancal.
Un árbol encontrando su lugar.
Una estructura hecha con sus propias manos.

Con formación en bellas artes, carpintería, paisajismo y años creando sus propios proyectos, trae a Almaíso imaginación, oficio y una energía muy práctica.

Hoy, gran parte de su cuidado está en Almaíso Verde, donde planta, construye y ayuda a crear las condiciones para que la vida crezca.

Lo que hace tan especial la presencia de Scott no es solo lo que crea, sino la energía que trae mientras lo crea.

Humor.
Atención.
Ligereza.
Una alegría simple de estar cerca de la tierra.

Nos recuerda que reconectar con la naturaleza no tiene por qué ser complicado. A veces empieza por mirar lo que ya está creciendo, reír juntos y cuidar una pequeña cosa a la vez.

Nos sentimos agradecidos de tener a Scott guiando esta parte verde de Almaíso.

Porque no solo ayuda a que las plantas crezcan.

Ayuda a que esta visión eche raíces.

Gracias, Scott, por cuidar Almaíso Verde con tanta paciencia, amor y alegría.
#almaísoverde #community #sustainability #permaculture",,0,"06/19/2026 04:26",N/A,https://www.facebook.com/finca.el.drago/posts/pfbid0JY76R5ZXd2HGaZ7zQEZUuFKqVELNQe3X5RrM1yWYPt5f1qN9MFPgsiFTeUJoSQaXl,0,0,Photos,,,,,06/21/2026,0,0,0,0,0,0,0,0,0,0,0,0,0,0,0,0,0,0,,,,,,,,,
1526189822543130,100054563795107,"Almaíso at Finca El Drago","Scott is the kind of person who turns ideas into something real.

A path.
A garden bed.
A tree finding its place.
A structure built by hand.

With a background in fine arts, carpentry, landscaping and years of creating his own projects, he brings imagination, skill and a hands-on spirit to Almaíso.

Today, much of his care goes into Almaíso Verde, where he plants, builds and helps create the conditions for life to grow.

What makes Scott’s presence so special is not only what he creates, but the energy he brings while creating it.

Humour.
Attention.
Lightness.
A simple joy in being close to the land.

He reminds us that reconnecting with nature does not need to be complicated. Sometimes it begins with noticing what is already growing, laughing together and caring for one small thing at a time.

We feel grateful to have Scott guiding this green part of Almaíso.

Because he does not only help plants grow.

He helps this vision take root.

Thank you, Scott, for caring for Almaíso Verde with so much patience, love and joy.

—

Scott es una de esas personas que transforma las ideas en algo real.

Un camino.
Un bancal.
Un árbol encontrando su lugar.
Una estructura hecha con sus propias manos.

Con formación en bellas artes, carpintería, paisajismo y años creando sus propios proyectos, trae a Almaíso imaginación, oficio y una energía muy práctica.

Hoy, gran parte de su cuidado está en Almaíso Verde, donde planta, construye y ayuda a crear las condiciones para que la vida crezca.

Lo que hace tan especial la presencia de Scott no es solo lo que crea, sino la energía que trae mientras lo crea.

Humor.
Atención.
Ligereza.
Una alegría simple de estar cerca de la tierra.

Nos recuerda que reconectar con la naturaleza no tiene por qué ser complicado. A veces empieza por mirar lo que ya está creciendo, reír juntos y cuidar una pequeña cosa a la vez.

Nos sentimos agradecidos de tener a Scott guiando esta parte verde de Almaíso.

Porque no solo ayuda a que las plantas crezcan.

Ayuda a que esta visión eche raíces.

Gracias, Scott, por cuidar Almaíso Verde con tanta paciencia, amor y alegría.
#almaísoverde #community #sustainability #permaculture",,0,"06/19/2026 04:26",N/A,https://www.facebook.com/finca.el.drago/posts/pfbid0JY76R5ZXd2HGaZ7zQEZUuFKqVELNQe3X5RrM1yWYPt5f1qN9MFPgsiFTeUJoSQaXl,0,0,Photos,,,,,06/22/2026,0,0,0,0,0,0,0,0,0,0,0,0,0,0,0,0,0,0,,,,,,,,,
1526189822543130,100054563795107,"Almaíso at Finca El Drago","Scott is the kind of person who turns ideas into something real.

A path.
A garden bed.
A tree finding its place.
A structure built by hand.

With a background in fine arts, carpentry, landscaping and years of creating his own projects, he brings imagination, skill and a hands-on spirit to Almaíso.

Today, much of his care goes into Almaíso Verde, where he plants, builds and helps create the conditions for life to grow.

What makes Scott’s presence so special is not only what he creates, but the energy he brings while creating it.

Humour.
Attention.
Lightness.
A simple joy in being close to the land.

He reminds us that reconnecting with nature does not need to be complicated. Sometimes it begins with noticing what is already growing, laughing together and caring for one small thing at a time.

We feel grateful to have Scott guiding this green part of Almaíso.

Because he does not only help plants grow.

He helps this vision take root.

Thank you, Scott, for caring for Almaíso Verde with so much patience, love and joy.

—

Scott es una de esas personas que transforma las ideas en algo real.

Un camino.
Un bancal.
Un árbol encontrando su lugar.
Una estructura hecha con sus propias manos.

Con formación en bellas artes, carpintería, paisajismo y años creando sus propios proyectos, trae a Almaíso imaginación, oficio y una energía muy práctica.

Hoy, gran parte de su cuidado está en Almaíso Verde, donde planta, construye y ayuda a crear las condiciones para que la vida crezca.

Lo que hace tan especial la presencia de Scott no es solo lo que crea, sino la energía que trae mientras lo crea.

Humor.
Atención.
Ligereza.
Una alegría simple de estar cerca de la tierra.

Nos recuerda que reconectar con la naturaleza no tiene por qué ser complicado. A veces empieza por mirar lo que ya está creciendo, reír juntos y cuidar una pequeña cosa a la vez.

Nos sentimos agradecidos de tener a Scott guiando esta parte verde de Almaíso.

Porque no solo ayuda a que las plantas crezcan.

Ayuda a que esta visión eche raíces.

Gracias, Scott, por cuidar Almaíso Verde con tanta paciencia, amor y alegría.
#almaísoverde #community #sustainability #permaculture",,0,"06/19/2026 04:26",N/A,https://www.facebook.com/finca.el.drago/posts/pfbid0JY76R5ZXd2HGaZ7zQEZUuFKqVELNQe3X5RrM1yWYPt5f1qN9MFPgsiFTeUJoSQaXl,0,0,Photos,,,,,06/23/2026,0,0,0,0,0,0,0,0,0,0,0,0,0,0,0,0,0,0,,,,,,,,,
1526189822543130,100054563795107,"Almaíso at Finca El Drago","Scott is the kind of person who turns ideas into something real.

A path.
A garden bed.
A tree finding its place.
A structure built by hand.

With a background in fine arts, carpentry, landscaping and years of creating his own projects, he brings imagination, skill and a hands-on spirit to Almaíso.

Today, much of his care goes into Almaíso Verde, where he plants, builds and helps create the conditions for life to grow.

What makes Scott’s presence so special is not only what he creates, but the energy he brings while creating it.

Humour.
Attention.
Lightness.
A simple joy in being close to the land.

He reminds us that reconnecting with nature does not need to be complicated. Sometimes it begins with noticing what is already growing, laughing together and caring for one small thing at a time.

We feel grateful to have Scott guiding this green part of Almaíso.

Because he does not only help plants grow.

He helps this vision take root.

Thank you, Scott, for caring for Almaíso Verde with so much patience, love and joy.

—

Scott es una de esas personas que transforma las ideas en algo real.

Un camino.
Un bancal.
Un árbol encontrando su lugar.
Una estructura hecha con sus propias manos.

Con formación en bellas artes, carpintería, paisajismo y años creando sus propios proyectos, trae a Almaíso imaginación, oficio y una energía muy práctica.

Hoy, gran parte de su cuidado está en Almaíso Verde, donde planta, construye y ayuda a crear las condiciones para que la vida crezca.

Lo que hace tan especial la presencia de Scott no es solo lo que crea, sino la energía que trae mientras lo crea.

Humor.
Atención.
Ligereza.
Una alegría simple de estar cerca de la tierra.

Nos recuerda que reconectar con la naturaleza no tiene por qué ser complicado. A veces empieza por mirar lo que ya está creciendo, reír juntos y cuidar una pequeña cosa a la vez.

Nos sentimos agradecidos de tener a Scott guiando esta parte verde de Almaíso.

Porque no solo ayuda a que las plantas crezcan.

Ayuda a que esta visión eche raíces.

Gracias, Scott, por cuidar Almaíso Verde con tanta paciencia, amor y alegría.
#almaísoverde #community #sustainability #permaculture",,0,"06/19/2026 04:26",N/A,https://www.facebook.com/finca.el.drago/posts/pfbid0JY76R5ZXd2HGaZ7zQEZUuFKqVELNQe3X5RrM1yWYPt5f1qN9MFPgsiFTeUJoSQaXl,0,0,Photos,,,,,06/24/2026,0,0,0,0,0,0,0,0,0,0,0,0,0,0,0,0,0,0,,,,,,,,,
1526189822543130,100054563795107,"Almaíso at Finca El Drago","Scott is the kind of person who turns ideas into something real.

A path.
A garden bed.
A tree finding its place.
A structure built by hand.

With a background in fine arts, carpentry, landscaping and years of creating his own projects, he brings imagination, skill and a hands-on spirit to Almaíso.

Today, much of his care goes into Almaíso Verde, where he plants, builds and helps create the conditions for life to grow.

What makes Scott’s presence so special is not only what he creates, but the energy he brings while creating it.

Humour.
Attention.
Lightness.
A simple joy in being close to the land.

He reminds us that reconnecting with nature does not need to be complicated. Sometimes it begins with noticing what is already growing, laughing together and caring for one small thing at a time.

We feel grateful to have Scott guiding this green part of Almaíso.

Because he does not only help plants grow.

He helps this vision take root.

Thank you, Scott, for caring for Almaíso Verde with so much patience, love and joy.

—

Scott es una de esas personas que transforma las ideas en algo real.

Un camino.
Un bancal.
Un árbol encontrando su lugar.
Una estructura hecha con sus propias manos.

Con formación en bellas artes, carpintería, paisajismo y años creando sus propios proyectos, trae a Almaíso imaginación, oficio y una energía muy práctica.

Hoy, gran parte de su cuidado está en Almaíso Verde, donde planta, construye y ayuda a crear las condiciones para que la vida crezca.

Lo que hace tan especial la presencia de Scott no es solo lo que crea, sino la energía que trae mientras lo crea.

Humor.
Atención.
Ligereza.
Una alegría simple de estar cerca de la tierra.

Nos recuerda que reconectar con la naturaleza no tiene por qué ser complicado. A veces empieza por mirar lo que ya está creciendo, reír juntos y cuidar una pequeña cosa a la vez.

Nos sentimos agradecidos de tener a Scott guiando esta parte verde de Almaíso.

Porque no solo ayuda a que las plantas crezcan.

Ayuda a que esta visión eche raíces.

Gracias, Scott, por cuidar Almaíso Verde con tanta paciencia, amor y alegría.
#almaísoverde #community #sustainability #permaculture",,0,"06/19/2026 04:26",N/A,https://www.facebook.com/finca.el.drago/posts/pfbid0JY76R5ZXd2HGaZ7zQEZUuFKqVELNQe3X5RrM1yWYPt5f1qN9MFPgsiFTeUJoSQaXl,0,0,Photos,,,,,06/25/2026,0,0,0,0,0,0,0,0,0,0,0,0,0,0,0,0,0,0,,,,,,,,,
1526189822543130,100054563795107,"Almaíso at Finca El Drago","Scott is the kind of person who turns ideas into something real.

A path.
A garden bed.
A tree finding its place.
A structure built by hand.

With a background in fine arts, carpentry, landscaping and years of creating his own projects, he brings imagination, skill and a hands-on spirit to Almaíso.

Today, much of his care goes into Almaíso Verde, where he plants, builds and helps create the conditions for life to grow.

What makes Scott’s presence so special is not only what he creates, but the energy he brings while creating it.

Humour.
Attention.
Lightness.
A simple joy in being close to the land.

He reminds us that reconnecting with nature does not need to be complicated. Sometimes it begins with noticing what is already growing, laughing together and caring for one small thing at a time.

We feel grateful to have Scott guiding this green part of Almaíso.

Because he does not only help plants grow.

He helps this vision take root.

Thank you, Scott, for caring for Almaíso Verde with so much patience, love and joy.

—

Scott es una de esas personas que transforma las ideas en algo real.

Un camino.
Un bancal.
Un árbol encontrando su lugar.
Una estructura hecha con sus propias manos.

Con formación en bellas artes, carpintería, paisajismo y años creando sus propios proyectos, trae a Almaíso imaginación, oficio y una energía muy práctica.

Hoy, gran parte de su cuidado está en Almaíso Verde, donde planta, construye y ayuda a crear las condiciones para que la vida crezca.

Lo que hace tan especial la presencia de Scott no es solo lo que crea, sino la energía que trae mientras lo crea.

Humor.
Atención.
Ligereza.
Una alegría simple de estar cerca de la tierra.

Nos recuerda que reconectar con la naturaleza no tiene por qué ser complicado. A veces empieza por mirar lo que ya está creciendo, reír juntos y cuidar una pequeña cosa a la vez.

Nos sentimos agradecidos de tener a Scott guiando esta parte verde de Almaíso.

Porque no solo ayuda a que las plantas crezcan.

Ayuda a que esta visión eche raíces.

Gracias, Scott, por cuidar Almaíso Verde con tanta paciencia, amor y alegría.
#almaísoverde #community #sustainability #permaculture",,0,"06/19/2026 04:26",N/A,https://www.facebook.com/finca.el.drago/posts/pfbid0JY76R5ZXd2HGaZ7zQEZUuFKqVELNQe3X5RrM1yWYPt5f1qN9MFPgsiFTeUJoSQaXl,0,0,Photos,,,,,06/26/2026,0,0,0,0,0,0,0,0,0,0,0,0,0,0,0,0,0,0,,,,,,,,,
1526189822543130,100054563795107,"Almaíso at Finca El Drago","Scott is the kind of person who turns ideas into something real.

A path.
A garden bed.
A tree finding its place.
A structure built by hand.

With a background in fine arts, carpentry, landscaping and years of creating his own projects, he brings imagination, skill and a hands-on spirit to Almaíso.

Today, much of his care goes into Almaíso Verde, where he plants, builds and helps create the conditions for life to grow.

What makes Scott’s presence so special is not only what he creates, but the energy he brings while creating it.

Humour.
Attention.
Lightness.
A simple joy in being close to the land.

He reminds us that reconnecting with nature does not need to be complicated. Sometimes it begins with noticing what is already growing, laughing together and caring for one small thing at a time.

We feel grateful to have Scott guiding this green part of Almaíso.

Because he does not only help plants grow.

He helps this vision take root.

Thank you, Scott, for caring for Almaíso Verde with so much patience, love and joy.

—

Scott es una de esas personas que transforma las ideas en algo real.

Un camino.
Un bancal.
Un árbol encontrando su lugar.
Una estructura hecha con sus propias manos.

Con formación en bellas artes, carpintería, paisajismo y años creando sus propios proyectos, trae a Almaíso imaginación, oficio y una energía muy práctica.

Hoy, gran parte de su cuidado está en Almaíso Verde, donde planta, construye y ayuda a crear las condiciones para que la vida crezca.

Lo que hace tan especial la presencia de Scott no es solo lo que crea, sino la energía que trae mientras lo crea.

Humor.
Atención.
Ligereza.
Una alegría simple de estar cerca de la tierra.

Nos recuerda que reconectar con la naturaleza no tiene por qué ser complicado. A veces empieza por mirar lo que ya está creciendo, reír juntos y cuidar una pequeña cosa a la vez.

Nos sentimos agradecidos de tener a Scott guiando esta parte verde de Almaíso.

Porque no solo ayuda a que las plantas crezcan.

Ayuda a que esta visión eche raíces.

Gracias, Scott, por cuidar Almaíso Verde con tanta paciencia, amor y alegría.
#almaísoverde #community #sustainability #permaculture",,0,"06/19/2026 04:26",N/A,https://www.facebook.com/finca.el.drago/posts/pfbid0JY76R5ZXd2HGaZ7zQEZUuFKqVELNQe3X5RrM1yWYPt5f1qN9MFPgsiFTeUJoSQaXl,0,0,Photos,,,,,06/27/2026,0,0,0,0,0,0,0,0,0,0,0,0,0,0,0,0,0,0,,,,,,,,,
1526189822543130,100054563795107,"Almaíso at Finca El Drago","Scott is the kind of person who turns ideas into something real.

A path.
A garden bed.
A tree finding its place.
A structure built by hand.

With a background in fine arts, carpentry, landscaping and years of creating his own projects, he brings imagination, skill and a hands-on spirit to Almaíso.

Today, much of his care goes into Almaíso Verde, where he plants, builds and helps create the conditions for life to grow.

What makes Scott’s presence so special is not only what he creates, but the energy he brings while creating it.

Humour.
Attention.
Lightness.
A simple joy in being close to the land.

He reminds us that reconnecting with nature does not need to be complicated. Sometimes it begins with noticing what is already growing, laughing together and caring for one small thing at a time.

We feel grateful to have Scott guiding this green part of Almaíso.

Because he does not only help plants grow.

He helps this vision take root.

Thank you, Scott, for caring for Almaíso Verde with so much patience, love and joy.

—

Scott es una de esas personas que transforma las ideas en algo real.

Un camino.
Un bancal.
Un árbol encontrando su lugar.
Una estructura hecha con sus propias manos.

Con formación en bellas artes, carpintería, paisajismo y años creando sus propios proyectos, trae a Almaíso imaginación, oficio y una energía muy práctica.

Hoy, gran parte de su cuidado está en Almaíso Verde, donde planta, construye y ayuda a crear las condiciones para que la vida crezca.

Lo que hace tan especial la presencia de Scott no es solo lo que crea, sino la energía que trae mientras lo crea.

Humor.
Atención.
Ligereza.
Una alegría simple de estar cerca de la tierra.

Nos recuerda que reconectar con la naturaleza no tiene por qué ser complicado. A veces empieza por mirar lo que ya está creciendo, reír juntos y cuidar una pequeña cosa a la vez.

Nos sentimos agradecidos de tener a Scott guiando esta parte verde de Almaíso.

Porque no solo ayuda a que las plantas crezcan.

Ayuda a que esta visión eche raíces.

Gracias, Scott, por cuidar Almaíso Verde con tanta paciencia, amor y alegría.
#almaísoverde #community #sustainability #permaculture",,0,"06/19/2026 04:26",N/A,https://www.facebook.com/finca.el.drago/posts/pfbid0JY76R5ZXd2HGaZ7zQEZUuFKqVELNQe3X5RrM1yWYPt5f1qN9MFPgsiFTeUJoSQaXl,0,0,Photos,,,,,06/28/2026,0,0,0,0,0,0,0,0,0,0,0,0,0,0,0,0,0,0,,,,,,,,,
1526189822543130,100054563795107,"Almaíso at Finca El Drago","Scott is the kind of person who turns ideas into something real.

A path.
A garden bed.
A tree finding its place.
A structure built by hand.

With a background in fine arts, carpentry, landscaping and years of creating his own projects, he brings imagination, skill and a hands-on spirit to Almaíso.

Today, much of his care goes into Almaíso Verde, where he plants, builds and helps create the conditions for life to grow.

What makes Scott’s presence so special is not only what he creates, but the energy he brings while creating it.

Humour.
Attention.
Lightness.
A simple joy in being close to the land.

He reminds us that reconnecting with nature does not need to be complicated. Sometimes it begins with noticing what is already growing, laughing together and caring for one small thing at a time.

We feel grateful to have Scott guiding this green part of Almaíso.

Because he does not only help plants grow.

He helps this vision take root.

Thank you, Scott, for caring for Almaíso Verde with so much patience, love and joy.

—

Scott es una de esas personas que transforma las ideas en algo real.

Un camino.
Un bancal.
Un árbol encontrando su lugar.
Una estructura hecha con sus propias manos.

Con formación en bellas artes, carpintería, paisajismo y años creando sus propios proyectos, trae a Almaíso imaginación, oficio y una energía muy práctica.

Hoy, gran parte de su cuidado está en Almaíso Verde, donde planta, construye y ayuda a crear las condiciones para que la vida crezca.

Lo que hace tan especial la presencia de Scott no es solo lo que crea, sino la energía que trae mientras lo crea.

Humor.
Atención.
Ligereza.
Una alegría simple de estar cerca de la tierra.

Nos recuerda que reconectar con la naturaleza no tiene por qué ser complicado. A veces empieza por mirar lo que ya está creciendo, reír juntos y cuidar una pequeña cosa a la vez.

Nos sentimos agradecidos de tener a Scott guiando esta parte verde de Almaíso.

Porque no solo ayuda a que las plantas crezcan.

Ayuda a que esta visión eche raíces.

Gracias, Scott, por cuidar Almaíso Verde con tanta paciencia, amor y alegría.
#almaísoverde #community #sustainability #permaculture",,0,"06/19/2026 04:26",N/A,https://www.facebook.com/finca.el.drago/posts/pfbid0JY76R5ZXd2HGaZ7zQEZUuFKqVELNQe3X5RrM1yWYPt5f1qN9MFPgsiFTeUJoSQaXl,0,0,Photos,,,,,06/29/2026,0,0,0,0,0,0,0,0,0,0,0,0,0,0,0,0,0,0,,,,,,,,,
1526189822543130,100054563795107,"Almaíso at Finca El Drago","Scott is the kind of person who turns ideas into something real.

A path.
A garden bed.
A tree finding its place.
A structure built by hand.

With a background in fine arts, carpentry, landscaping and years of creating his own projects, he brings imagination, skill and a hands-on spirit to Almaíso.

Today, much of his care goes into Almaíso Verde, where he plants, builds and helps create the conditions for life to grow.

What makes Scott’s presence so special is not only what he creates, but the energy he brings while creating it.

Humour.
Attention.
Lightness.
A simple joy in being close to the land.

He reminds us that reconnecting with nature does not need to be complicated. Sometimes it begins with noticing what is already growing, laughing together and caring for one small thing at a time.

We feel grateful to have Scott guiding this green part of Almaíso.

Because he does not only help plants grow.

He helps this vision take root.

Thank you, Scott, for caring for Almaíso Verde with so much patience, love and joy.

—

Scott es una de esas personas que transforma las ideas en algo real.

Un camino.
Un bancal.
Un árbol encontrando su lugar.
Una estructura hecha con sus propias manos.

Con formación en bellas artes, carpintería, paisajismo y años creando sus propios proyectos, trae a Almaíso imaginación, oficio y una energía muy práctica.

Hoy, gran parte de su cuidado está en Almaíso Verde, donde planta, construye y ayuda a crear las condiciones para que la vida crezca.

Lo que hace tan especial la presencia de Scott no es solo lo que crea, sino la energía que trae mientras lo crea.

Humor.
Atención.
Ligereza.
Una alegría simple de estar cerca de la tierra.

Nos recuerda que reconectar con la naturaleza no tiene por qué ser complicado. A veces empieza por mirar lo que ya está creciendo, reír juntos y cuidar una pequeña cosa a la vez.

Nos sentimos agradecidos de tener a Scott guiando esta parte verde de Almaíso.

Porque no solo ayuda a que las plantas crezcan.

Ayuda a que esta visión eche raíces.

Gracias, Scott, por cuidar Almaíso Verde con tanta paciencia, amor y alegría.
#almaísoverde #community #sustainability #permaculture",,0,"06/19/2026 04:26",N/A,https://www.facebook.com/finca.el.drago/posts/pfbid0JY76R5ZXd2HGaZ7zQEZUuFKqVELNQe3X5RrM1yWYPt5f1qN9MFPgsiFTeUJoSQaXl,0,0,Photos,,,,,06/30/2026,0,0,0,0,0,0,0,0,0,0,0,0,0,0,0,0,0,0,,,,,,,,,
1523813982780714,100054563795107,"Almaíso at Finca El Drago","Casa Sofia.

One of the homes at Almaíso, thoughtfully designed for those seeking more than accommodation. A place where beauty, presence, and deeper connection unfold naturally.

Nestled within the tranquility of the finca, with sunlight pouring through every room and the Atlantic in the distance, Casa Sofia invites you to slow down and experience Tenerife with intention. Time feels gentler here, creating space for rest, reflection, and meaningful connection.

More than a house, Casa Sofia is part of the Almaíso experience. A place to reconnect with nature, others, and yourself.

—

Casa Sofia.

Una de las casas de Almaíso, diseñada con intención para quienes buscan algo más que alojamiento. Un lugar donde la belleza, la presencia y la conexión más profunda se despliegan de forma natural.

Envuelta en la tranquilidad de la finca, con luz entrando por cada rincón y el Atlántico en la distancia, Casa Sofia te invita a desacelerar y vivir Tenerife con conciencia. El tiempo se siente más suave aquí, abriendo espacio para el descanso, la reflexión y la conexión genuina.

Más que una casa, Casa Sofia es parte de la experiencia Almaíso. Un lugar para reconectar con la naturaleza, con otros, y contigo mismo.

#Almaiso #tenerife #slowtravel #retreatcenter",,8,"06/16/2026 07:30",N/A,https://www.facebook.com/finca.el.drago/posts/pfbid02cybhKM9BscMrP1qZ5QDcxb8jgWVPjaMYVdrurT2mMfsid4bc3xNd4Jgfsti6xEMml,1,0,Photos,,,,,06/01/2026,0,0,0,0,0,0,0,0,0,0,0,0,0,0,0,0,0,0,,,,,,,,,
1523813982780714,100054563795107,"Almaíso at Finca El Drago","Casa Sofia.

One of the homes at Almaíso, thoughtfully designed for those seeking more than accommodation. A place where beauty, presence, and deeper connection unfold naturally.

Nestled within the tranquility of the finca, with sunlight pouring through every room and the Atlantic in the distance, Casa Sofia invites you to slow down and experience Tenerife with intention. Time feels gentler here, creating space for rest, reflection, and meaningful connection.

More than a house, Casa Sofia is part of the Almaíso experience. A place to reconnect with nature, others, and yourself.

—

Casa Sofia.

Una de las casas de Almaíso, diseñada con intención para quienes buscan algo más que alojamiento. Un lugar donde la belleza, la presencia y la conexión más profunda se despliegan de forma natural.

Envuelta en la tranquilidad de la finca, con luz entrando por cada rincón y el Atlántico en la distancia, Casa Sofia te invita a desacelerar y vivir Tenerife con conciencia. El tiempo se siente más suave aquí, abriendo espacio para el descanso, la reflexión y la conexión genuina.

Más que una casa, Casa Sofia es parte de la experiencia Almaíso. Un lugar para reconectar con la naturaleza, con otros, y contigo mismo.

#Almaiso #tenerife #slowtravel #retreatcenter",,8,"06/16/2026 07:30",N/A,https://www.facebook.com/finca.el.drago/posts/pfbid02cybhKM9BscMrP1qZ5QDcxb8jgWVPjaMYVdrurT2mMfsid4bc3xNd4Jgfsti6xEMml,1,0,Photos,,,,,06/02/2026,0,0,0,0,0,0,0,0,0,0,0,0,0,0,0,0,0,0,,,,,,,,,
1523813982780714,100054563795107,"Almaíso at Finca El Drago","Casa Sofia.

One of the homes at Almaíso, thoughtfully designed for those seeking more than accommodation. A place where beauty, presence, and deeper connection unfold naturally.

Nestled within the tranquility of the finca, with sunlight pouring through every room and the Atlantic in the distance, Casa Sofia invites you to slow down and experience Tenerife with intention. Time feels gentler here, creating space for rest, reflection, and meaningful connection.

More than a house, Casa Sofia is part of the Almaíso experience. A place to reconnect with nature, others, and yourself.

—

Casa Sofia.

Una de las casas de Almaíso, diseñada con intención para quienes buscan algo más que alojamiento. Un lugar donde la belleza, la presencia y la conexión más profunda se despliegan de forma natural.

Envuelta en la tranquilidad de la finca, con luz entrando por cada rincón y el Atlántico en la distancia, Casa Sofia te invita a desacelerar y vivir Tenerife con conciencia. El tiempo se siente más suave aquí, abriendo espacio para el descanso, la reflexión y la conexión genuina.

Más que una casa, Casa Sofia es parte de la experiencia Almaíso. Un lugar para reconectar con la naturaleza, con otros, y contigo mismo.

#Almaiso #tenerife #slowtravel #retreatcenter",,8,"06/16/2026 07:30",N/A,https://www.facebook.com/finca.el.drago/posts/pfbid02cybhKM9BscMrP1qZ5QDcxb8jgWVPjaMYVdrurT2mMfsid4bc3xNd4Jgfsti6xEMml,1,0,Photos,,,,,06/03/2026,0,0,0,0,0,0,0,0,0,0,0,0,0,0,0,0,0,0,,,,,,,,,
1523813982780714,100054563795107,"Almaíso at Finca El Drago","Casa Sofia.

One of the homes at Almaíso, thoughtfully designed for those seeking more than accommodation. A place where beauty, presence, and deeper connection unfold naturally.

Nestled within the tranquility of the finca, with sunlight pouring through every room and the Atlantic in the distance, Casa Sofia invites you to slow down and experience Tenerife with intention. Time feels gentler here, creating space for rest, reflection, and meaningful connection.

More than a house, Casa Sofia is part of the Almaíso experience. A place to reconnect with nature, others, and yourself.

—

Casa Sofia.

Una de las casas de Almaíso, diseñada con intención para quienes buscan algo más que alojamiento. Un lugar donde la belleza, la presencia y la conexión más profunda se despliegan de forma natural.

Envuelta en la tranquilidad de la finca, con luz entrando por cada rincón y el Atlántico en la distancia, Casa Sofia te invita a desacelerar y vivir Tenerife con conciencia. El tiempo se siente más suave aquí, abriendo espacio para el descanso, la reflexión y la conexión genuina.

Más que una casa, Casa Sofia es parte de la experiencia Almaíso. Un lugar para reconectar con la naturaleza, con otros, y contigo mismo.

#Almaiso #tenerife #slowtravel #retreatcenter",,8,"06/16/2026 07:30",N/A,https://www.facebook.com/finca.el.drago/posts/pfbid02cybhKM9BscMrP1qZ5QDcxb8jgWVPjaMYVdrurT2mMfsid4bc3xNd4Jgfsti6xEMml,1,0,Photos,,,,,06/04/2026,0,0,0,0,0,0,0,0,0,0,0,0,0,0,0,0,0,0,,,,,,,,,
1523813982780714,100054563795107,"Almaíso at Finca El Drago","Casa Sofia.

One of the homes at Almaíso, thoughtfully designed for those seeking more than accommodation. A place where beauty, presence, and deeper connection unfold naturally.

Nestled within the tranquility of the finca, with sunlight pouring through every room and the Atlantic in the distance, Casa Sofia invites you to slow down and experience Tenerife with intention. Time feels gentler here, creating space for rest, reflection, and meaningful connection.

More than a house, Casa Sofia is part of the Almaíso experience. A place to reconnect with nature, others, and yourself.

—

Casa Sofia.

Una de las casas de Almaíso, diseñada con intención para quienes buscan algo más que alojamiento. Un lugar donde la belleza, la presencia y la conexión más profunda se despliegan de forma natural.

Envuelta en la tranquilidad de la finca, con luz entrando por cada rincón y el Atlántico en la distancia, Casa Sofia te invita a desacelerar y vivir Tenerife con conciencia. El tiempo se siente más suave aquí, abriendo espacio para el descanso, la reflexión y la conexión genuina.

Más que una casa, Casa Sofia es parte de la experiencia Almaíso. Un lugar para reconectar con la naturaleza, con otros, y contigo mismo.

#Almaiso #tenerife #slowtravel #retreatcenter",,8,"06/16/2026 07:30",N/A,https://www.facebook.com/finca.el.drago/posts/pfbid02cybhKM9BscMrP1qZ5QDcxb8jgWVPjaMYVdrurT2mMfsid4bc3xNd4Jgfsti6xEMml,1,0,Photos,,,,,06/05/2026,0,0,0,0,0,0,0,0,0,0,0,0,0,0,0,0,0,0,,,,,,,,,
1523813982780714,100054563795107,"Almaíso at Finca El Drago","Casa Sofia.

One of the homes at Almaíso, thoughtfully designed for those seeking more than accommodation. A place where beauty, presence, and deeper connection unfold naturally.

Nestled within the tranquility of the finca, with sunlight pouring through every room and the Atlantic in the distance, Casa Sofia invites you to slow down and experience Tenerife with intention. Time feels gentler here, creating space for rest, reflection, and meaningful connection.

More than a house, Casa Sofia is part of the Almaíso experience. A place to reconnect with nature, others, and yourself.

—

Casa Sofia.

Una de las casas de Almaíso, diseñada con intención para quienes buscan algo más que alojamiento. Un lugar donde la belleza, la presencia y la conexión más profunda se despliegan de forma natural.

Envuelta en la tranquilidad de la finca, con luz entrando por cada rincón y el Atlántico en la distancia, Casa Sofia te invita a desacelerar y vivir Tenerife con conciencia. El tiempo se siente más suave aquí, abriendo espacio para el descanso, la reflexión y la conexión genuina.

Más que una casa, Casa Sofia es parte de la experiencia Almaíso. Un lugar para reconectar con la naturaleza, con otros, y contigo mismo.

#Almaiso #tenerife #slowtravel #retreatcenter",,8,"06/16/2026 07:30",N/A,https://www.facebook.com/finca.el.drago/posts/pfbid02cybhKM9BscMrP1qZ5QDcxb8jgWVPjaMYVdrurT2mMfsid4bc3xNd4Jgfsti6xEMml,1,0,Photos,,,,,06/06/2026,0,0,0,0,0,0,0,0,0,0,0,0,0,0,0,0,0,0,,,,,,,,,
1523813982780714,100054563795107,"Almaíso at Finca El Drago","Casa Sofia.

One of the homes at Almaíso, thoughtfully designed for those seeking more than accommodation. A place where beauty, presence, and deeper connection unfold naturally.

Nestled within the tranquility of the finca, with sunlight pouring through every room and the Atlantic in the distance, Casa Sofia invites you to slow down and experience Tenerife with intention. Time feels gentler here, creating space for rest, reflection, and meaningful connection.

More than a house, Casa Sofia is part of the Almaíso experience. A place to reconnect with nature, others, and yourself.

—

Casa Sofia.

Una de las casas de Almaíso, diseñada con intención para quienes buscan algo más que alojamiento. Un lugar donde la belleza, la presencia y la conexión más profunda se despliegan de forma natural.

Envuelta en la tranquilidad de la finca, con luz entrando por cada rincón y el Atlántico en la distancia, Casa Sofia te invita a desacelerar y vivir Tenerife con conciencia. El tiempo se siente más suave aquí, abriendo espacio para el descanso, la reflexión y la conexión genuina.

Más que una casa, Casa Sofia es parte de la experiencia Almaíso. Un lugar para reconectar con la naturaleza, con otros, y contigo mismo.

#Almaiso #tenerife #slowtravel #retreatcenter",,8,"06/16/2026 07:30",N/A,https://www.facebook.com/finca.el.drago/posts/pfbid02cybhKM9BscMrP1qZ5QDcxb8jgWVPjaMYVdrurT2mMfsid4bc3xNd4Jgfsti6xEMml,1,0,Photos,,,,,06/07/2026,0,0,0,0,0,0,0,0,0,0,0,0,0,0,0,0,0,0,,,,,,,,,
1523813982780714,100054563795107,"Almaíso at Finca El Drago","Casa Sofia.

One of the homes at Almaíso, thoughtfully designed for those seeking more than accommodation. A place where beauty, presence, and deeper connection unfold naturally.

Nestled within the tranquility of the finca, with sunlight pouring through every room and the Atlantic in the distance, Casa Sofia invites you to slow down and experience Tenerife with intention. Time feels gentler here, creating space for rest, reflection, and meaningful connection.

More than a house, Casa Sofia is part of the Almaíso experience. A place to reconnect with nature, others, and yourself.

—

Casa Sofia.

Una de las casas de Almaíso, diseñada con intención para quienes buscan algo más que alojamiento. Un lugar donde la belleza, la presencia y la conexión más profunda se despliegan de forma natural.

Envuelta en la tranquilidad de la finca, con luz entrando por cada rincón y el Atlántico en la distancia, Casa Sofia te invita a desacelerar y vivir Tenerife con conciencia. El tiempo se siente más suave aquí, abriendo espacio para el descanso, la reflexión y la conexión genuina.

Más que una casa, Casa Sofia es parte de la experiencia Almaíso. Un lugar para reconectar con la naturaleza, con otros, y contigo mismo.

#Almaiso #tenerife #slowtravel #retreatcenter",,8,"06/16/2026 07:30",N/A,https://www.facebook.com/finca.el.drago/posts/pfbid02cybhKM9BscMrP1qZ5QDcxb8jgWVPjaMYVdrurT2mMfsid4bc3xNd4Jgfsti6xEMml,1,0,Photos,,,,,06/08/2026,0,0,0,0,0,0,0,0,0,0,0,0,0,0,0,0,0,0,,,,,,,,,
1523813982780714,100054563795107,"Almaíso at Finca El Drago","Casa Sofia.

One of the homes at Almaíso, thoughtfully designed for those seeking more than accommodation. A place where beauty, presence, and deeper connection unfold naturally.

Nestled within the tranquility of the finca, with sunlight pouring through every room and the Atlantic in the distance, Casa Sofia invites you to slow down and experience Tenerife with intention. Time feels gentler here, creating space for rest, reflection, and meaningful connection.

More than a house, Casa Sofia is part of the Almaíso experience. A place to reconnect with nature, others, and yourself.

—

Casa Sofia.

Una de las casas de Almaíso, diseñada con intención para quienes buscan algo más que alojamiento. Un lugar donde la belleza, la presencia y la conexión más profunda se despliegan de forma natural.

Envuelta en la tranquilidad de la finca, con luz entrando por cada rincón y el Atlántico en la distancia, Casa Sofia te invita a desacelerar y vivir Tenerife con conciencia. El tiempo se siente más suave aquí, abriendo espacio para el descanso, la reflexión y la conexión genuina.

Más que una casa, Casa Sofia es parte de la experiencia Almaíso. Un lugar para reconectar con la naturaleza, con otros, y contigo mismo.

#Almaiso #tenerife #slowtravel #retreatcenter",,8,"06/16/2026 07:30",N/A,https://www.facebook.com/finca.el.drago/posts/pfbid02cybhKM9BscMrP1qZ5QDcxb8jgWVPjaMYVdrurT2mMfsid4bc3xNd4Jgfsti6xEMml,1,0,Photos,,,,,06/09/2026,0,0,0,0,0,0,0,0,0,0,0,0,0,0,0,0,0,0,,,,,,,,,
1523813982780714,100054563795107,"Almaíso at Finca El Drago","Casa Sofia.

One of the homes at Almaíso, thoughtfully designed for those seeking more than accommodation. A place where beauty, presence, and deeper connection unfold naturally.

Nestled within the tranquility of the finca, with sunlight pouring through every room and the Atlantic in the distance, Casa Sofia invites you to slow down and experience Tenerife with intention. Time feels gentler here, creating space for rest, reflection, and meaningful connection.

More than a house, Casa Sofia is part of the Almaíso experience. A place to reconnect with nature, others, and yourself.

—

Casa Sofia.

Una de las casas de Almaíso, diseñada con intención para quienes buscan algo más que alojamiento. Un lugar donde la belleza, la presencia y la conexión más profunda se despliegan de forma natural.

Envuelta en la tranquilidad de la finca, con luz entrando por cada rincón y el Atlántico en la distancia, Casa Sofia te invita a desacelerar y vivir Tenerife con conciencia. El tiempo se siente más suave aquí, abriendo espacio para el descanso, la reflexión y la conexión genuina.

Más que una casa, Casa Sofia es parte de la experiencia Almaíso. Un lugar para reconectar con la naturaleza, con otros, y contigo mismo.

#Almaiso #tenerife #slowtravel #retreatcenter",,8,"06/16/2026 07:30",N/A,https://www.facebook.com/finca.el.drago/posts/pfbid02cybhKM9BscMrP1qZ5QDcxb8jgWVPjaMYVdrurT2mMfsid4bc3xNd4Jgfsti6xEMml,1,0,Photos,,,,,06/10/2026,0,0,0,0,0,0,0,0,0,0,0,0,0,0,0,0,0,0,,,,,,,,,
1523813982780714,100054563795107,"Almaíso at Finca El Drago","Casa Sofia.

One of the homes at Almaíso, thoughtfully designed for those seeking more than accommodation. A place where beauty, presence, and deeper connection unfold naturally.

Nestled within the tranquility of the finca, with sunlight pouring through every room and the Atlantic in the distance, Casa Sofia invites you to slow down and experience Tenerife with intention. Time feels gentler here, creating space for rest, reflection, and meaningful connection.

More than a house, Casa Sofia is part of the Almaíso experience. A place to reconnect with nature, others, and yourself.

—

Casa Sofia.

Una de las casas de Almaíso, diseñada con intención para quienes buscan algo más que alojamiento. Un lugar donde la belleza, la presencia y la conexión más profunda se despliegan de forma natural.

Envuelta en la tranquilidad de la finca, con luz entrando por cada rincón y el Atlántico en la distancia, Casa Sofia te invita a desacelerar y vivir Tenerife con conciencia. El tiempo se siente más suave aquí, abriendo espacio para el descanso, la reflexión y la conexión genuina.

Más que una casa, Casa Sofia es parte de la experiencia Almaíso. Un lugar para reconectar con la naturaleza, con otros, y contigo mismo.

#Almaiso #tenerife #slowtravel #retreatcenter",,8,"06/16/2026 07:30",N/A,https://www.facebook.com/finca.el.drago/posts/pfbid02cybhKM9BscMrP1qZ5QDcxb8jgWVPjaMYVdrurT2mMfsid4bc3xNd4Jgfsti6xEMml,1,0,Photos,,,,,06/11/2026,0,0,0,0,0,0,0,0,0,0,0,0,0,0,0,0,0,0,,,,,,,,,
1523813982780714,100054563795107,"Almaíso at Finca El Drago","Casa Sofia.

One of the homes at Almaíso, thoughtfully designed for those seeking more than accommodation. A place where beauty, presence, and deeper connection unfold naturally.

Nestled within the tranquility of the finca, with sunlight pouring through every room and the Atlantic in the distance, Casa Sofia invites you to slow down and experience Tenerife with intention. Time feels gentler here, creating space for rest, reflection, and meaningful connection.

More than a house, Casa Sofia is part of the Almaíso experience. A place to reconnect with nature, others, and yourself.

—

Casa Sofia.

Una de las casas de Almaíso, diseñada con intención para quienes buscan algo más que alojamiento. Un lugar donde la belleza, la presencia y la conexión más profunda se despliegan de forma natural.

Envuelta en la tranquilidad de la finca, con luz entrando por cada rincón y el Atlántico en la distancia, Casa Sofia te invita a desacelerar y vivir Tenerife con conciencia. El tiempo se siente más suave aquí, abriendo espacio para el descanso, la reflexión y la conexión genuina.

Más que una casa, Casa Sofia es parte de la experiencia Almaíso. Un lugar para reconectar con la naturaleza, con otros, y contigo mismo.

#Almaiso #tenerife #slowtravel #retreatcenter",,8,"06/16/2026 07:30",N/A,https://www.facebook.com/finca.el.drago/posts/pfbid02cybhKM9BscMrP1qZ5QDcxb8jgWVPjaMYVdrurT2mMfsid4bc3xNd4Jgfsti6xEMml,1,0,Photos,,,,,06/12/2026,0,0,0,0,0,0,0,0,0,0,0,0,0,0,0,0,0,0,,,,,,,,,
1523813982780714,100054563795107,"Almaíso at Finca El Drago","Casa Sofia.

One of the homes at Almaíso, thoughtfully designed for those seeking more than accommodation. A place where beauty, presence, and deeper connection unfold naturally.

Nestled within the tranquility of the finca, with sunlight pouring through every room and the Atlantic in the distance, Casa Sofia invites you to slow down and experience Tenerife with intention. Time feels gentler here, creating space for rest, reflection, and meaningful connection.

More than a house, Casa Sofia is part of the Almaíso experience. A place to reconnect with nature, others, and yourself.

—

Casa Sofia.

Una de las casas de Almaíso, diseñada con intención para quienes buscan algo más que alojamiento. Un lugar donde la belleza, la presencia y la conexión más profunda se despliegan de forma natural.

Envuelta en la tranquilidad de la finca, con luz entrando por cada rincón y el Atlántico en la distancia, Casa Sofia te invita a desacelerar y vivir Tenerife con conciencia. El tiempo se siente más suave aquí, abriendo espacio para el descanso, la reflexión y la conexión genuina.

Más que una casa, Casa Sofia es parte de la experiencia Almaíso. Un lugar para reconectar con la naturaleza, con otros, y contigo mismo.

#Almaiso #tenerife #slowtravel #retreatcenter",,8,"06/16/2026 07:30",N/A,https://www.facebook.com/finca.el.drago/posts/pfbid02cybhKM9BscMrP1qZ5QDcxb8jgWVPjaMYVdrurT2mMfsid4bc3xNd4Jgfsti6xEMml,1,0,Photos,,,,,06/13/2026,0,0,0,0,0,0,0,0,0,0,0,0,0,0,0,0,0,0,,,,,,,,,
1523813982780714,100054563795107,"Almaíso at Finca El Drago","Casa Sofia.

One of the homes at Almaíso, thoughtfully designed for those seeking more than accommodation. A place where beauty, presence, and deeper connection unfold naturally.

Nestled within the tranquility of the finca, with sunlight pouring through every room and the Atlantic in the distance, Casa Sofia invites you to slow down and experience Tenerife with intention. Time feels gentler here, creating space for rest, reflection, and meaningful connection.

More than a house, Casa Sofia is part of the Almaíso experience. A place to reconnect with nature, others, and yourself.

—

Casa Sofia.

Una de las casas de Almaíso, diseñada con intención para quienes buscan algo más que alojamiento. Un lugar donde la belleza, la presencia y la conexión más profunda se despliegan de forma natural.

Envuelta en la tranquilidad de la finca, con luz entrando por cada rincón y el Atlántico en la distancia, Casa Sofia te invita a desacelerar y vivir Tenerife con conciencia. El tiempo se siente más suave aquí, abriendo espacio para el descanso, la reflexión y la conexión genuina.

Más que una casa, Casa Sofia es parte de la experiencia Almaíso. Un lugar para reconectar con la naturaleza, con otros, y contigo mismo.

#Almaiso #tenerife #slowtravel #retreatcenter",,8,"06/16/2026 07:30",N/A,https://www.facebook.com/finca.el.drago/posts/pfbid02cybhKM9BscMrP1qZ5QDcxb8jgWVPjaMYVdrurT2mMfsid4bc3xNd4Jgfsti6xEMml,1,0,Photos,,,,,06/14/2026,0,0,0,0,0,0,0,0,0,0,0,0,0,0,0,0,0,0,,,,,,,,,
1523813982780714,100054563795107,"Almaíso at Finca El Drago","Casa Sofia.

One of the homes at Almaíso, thoughtfully designed for those seeking more than accommodation. A place where beauty, presence, and deeper connection unfold naturally.

Nestled within the tranquility of the finca, with sunlight pouring through every room and the Atlantic in the distance, Casa Sofia invites you to slow down and experience Tenerife with intention. Time feels gentler here, creating space for rest, reflection, and meaningful connection.

More than a house, Casa Sofia is part of the Almaíso experience. A place to reconnect with nature, others, and yourself.

—

Casa Sofia.

Una de las casas de Almaíso, diseñada con intención para quienes buscan algo más que alojamiento. Un lugar donde la belleza, la presencia y la conexión más profunda se despliegan de forma natural.

Envuelta en la tranquilidad de la finca, con luz entrando por cada rincón y el Atlántico en la distancia, Casa Sofia te invita a desacelerar y vivir Tenerife con conciencia. El tiempo se siente más suave aquí, abriendo espacio para el descanso, la reflexión y la conexión genuina.

Más que una casa, Casa Sofia es parte de la experiencia Almaíso. Un lugar para reconectar con la naturaleza, con otros, y contigo mismo.

#Almaiso #tenerife #slowtravel #retreatcenter",,8,"06/16/2026 07:30",N/A,https://www.facebook.com/finca.el.drago/posts/pfbid02cybhKM9BscMrP1qZ5QDcxb8jgWVPjaMYVdrurT2mMfsid4bc3xNd4Jgfsti6xEMml,1,0,Photos,,,,,06/15/2026,0,0,0,0,0,0,0,0,0,0,0,0,0,0,0,0,0,0,,,,,,,,,
1523813982780714,100054563795107,"Almaíso at Finca El Drago","Casa Sofia.

One of the homes at Almaíso, thoughtfully designed for those seeking more than accommodation. A place where beauty, presence, and deeper connection unfold naturally.

Nestled within the tranquility of the finca, with sunlight pouring through every room and the Atlantic in the distance, Casa Sofia invites you to slow down and experience Tenerife with intention. Time feels gentler here, creating space for rest, reflection, and meaningful connection.

More than a house, Casa Sofia is part of the Almaíso experience. A place to reconnect with nature, others, and yourself.

—

Casa Sofia.

Una de las casas de Almaíso, diseñada con intención para quienes buscan algo más que alojamiento. Un lugar donde la belleza, la presencia y la conexión más profunda se despliegan de forma natural.

Envuelta en la tranquilidad de la finca, con luz entrando por cada rincón y el Atlántico en la distancia, Casa Sofia te invita a desacelerar y vivir Tenerife con conciencia. El tiempo se siente más suave aquí, abriendo espacio para el descanso, la reflexión y la conexión genuina.

Más que una casa, Casa Sofia es parte de la experiencia Almaíso. Un lugar para reconectar con la naturaleza, con otros, y contigo mismo.

#Almaiso #tenerife #slowtravel #retreatcenter",,8,"06/16/2026 07:30",N/A,https://www.facebook.com/finca.el.drago/posts/pfbid02cybhKM9BscMrP1qZ5QDcxb8jgWVPjaMYVdrurT2mMfsid4bc3xNd4Jgfsti6xEMml,1,0,Photos,,,,,06/16/2026,0,0,12,0,0,0,0,0,0,0,4.886,0,272.879,0,4.886,0,3.79,0,,,,,,,,,
1523813982780714,100054563795107,"Almaíso at Finca El Drago","Casa Sofia.

One of the homes at Almaíso, thoughtfully designed for those seeking more than accommodation. A place where beauty, presence, and deeper connection unfold naturally.

Nestled within the tranquility of the finca, with sunlight pouring through every room and the Atlantic in the distance, Casa Sofia invites you to slow down and experience Tenerife with intention. Time feels gentler here, creating space for rest, reflection, and meaningful connection.

More than a house, Casa Sofia is part of the Almaíso experience. A place to reconnect with nature, others, and yourself.

—

Casa Sofia.

Una de las casas de Almaíso, diseñada con intención para quienes buscan algo más que alojamiento. Un lugar donde la belleza, la presencia y la conexión más profunda se despliegan de forma natural.

Envuelta en la tranquilidad de la finca, con luz entrando por cada rincón y el Atlántico en la distancia, Casa Sofia te invita a desacelerar y vivir Tenerife con conciencia. El tiempo se siente más suave aquí, abriendo espacio para el descanso, la reflexión y la conexión genuina.

Más que una casa, Casa Sofia es parte de la experiencia Almaíso. Un lugar para reconectar con la naturaleza, con otros, y contigo mismo.

#Almaiso #tenerife #slowtravel #retreatcenter",,8,"06/16/2026 07:30",N/A,https://www.facebook.com/finca.el.drago/posts/pfbid02cybhKM9BscMrP1qZ5QDcxb8jgWVPjaMYVdrurT2mMfsid4bc3xNd4Jgfsti6xEMml,1,0,Photos,,,,,06/17/2026,0,0,5,0,0,0,0,0,0,0,3.488,0,84.67,0,0.872,0,4.234,0,,,,,,,,,
1523813982780714,100054563795107,"Almaíso at Finca El Drago","Casa Sofia.

One of the homes at Almaíso, thoughtfully designed for those seeking more than accommodation. A place where beauty, presence, and deeper connection unfold naturally.

Nestled within the tranquility of the finca, with sunlight pouring through every room and the Atlantic in the distance, Casa Sofia invites you to slow down and experience Tenerife with intention. Time feels gentler here, creating space for rest, reflection, and meaningful connection.

More than a house, Casa Sofia is part of the Almaíso experience. A place to reconnect with nature, others, and yourself.

—

Casa Sofia.

Una de las casas de Almaíso, diseñada con intención para quienes buscan algo más que alojamiento. Un lugar donde la belleza, la presencia y la conexión más profunda se despliegan de forma natural.

Envuelta en la tranquilidad de la finca, con luz entrando por cada rincón y el Atlántico en la distancia, Casa Sofia te invita a desacelerar y vivir Tenerife con conciencia. El tiempo se siente más suave aquí, abriendo espacio para el descanso, la reflexión y la conexión genuina.

Más que una casa, Casa Sofia es parte de la experiencia Almaíso. Un lugar para reconectar con la naturaleza, con otros, y contigo mismo.

#Almaiso #tenerife #slowtravel #retreatcenter",,8,"06/16/2026 07:30",N/A,https://www.facebook.com/finca.el.drago/posts/pfbid02cybhKM9BscMrP1qZ5QDcxb8jgWVPjaMYVdrurT2mMfsid4bc3xNd4Jgfsti6xEMml,1,0,Photos,,,,,06/18/2026,0,0,6,0,0,0,0,0,0,0,17.624,0,24.686,0,4.406,0,2.245,0,,,,,,,,,
1523813982780714,100054563795107,"Almaíso at Finca El Drago","Casa Sofia.

One of the homes at Almaíso, thoughtfully designed for those seeking more than accommodation. A place where beauty, presence, and deeper connection unfold naturally.

Nestled within the tranquility of the finca, with sunlight pouring through every room and the Atlantic in the distance, Casa Sofia invites you to slow down and experience Tenerife with intention. Time feels gentler here, creating space for rest, reflection, and meaningful connection.

More than a house, Casa Sofia is part of the Almaíso experience. A place to reconnect with nature, others, and yourself.

—

Casa Sofia.

Una de las casas de Almaíso, diseñada con intención para quienes buscan algo más que alojamiento. Un lugar donde la belleza, la presencia y la conexión más profunda se despliegan de forma natural.

Envuelta en la tranquilidad de la finca, con luz entrando por cada rincón y el Atlántico en la distancia, Casa Sofia te invita a desacelerar y vivir Tenerife con conciencia. El tiempo se siente más suave aquí, abriendo espacio para el descanso, la reflexión y la conexión genuina.

Más que una casa, Casa Sofia es parte de la experiencia Almaíso. Un lugar para reconectar con la naturaleza, con otros, y contigo mismo.

#Almaiso #tenerife #slowtravel #retreatcenter",,8,"06/16/2026 07:30",N/A,https://www.facebook.com/finca.el.drago/posts/pfbid02cybhKM9BscMrP1qZ5QDcxb8jgWVPjaMYVdrurT2mMfsid4bc3xNd4Jgfsti6xEMml,1,0,Photos,,,,,06/19/2026,0,0,5,0,0,0,0,0,0,0,5.53,0,39.021,0,1.383,0,5.575,0,,,,,,,,,
1523813982780714,100054563795107,"Almaíso at Finca El Drago","Casa Sofia.

One of the homes at Almaíso, thoughtfully designed for those seeking more than accommodation. A place where beauty, presence, and deeper connection unfold naturally.

Nestled within the tranquility of the finca, with sunlight pouring through every room and the Atlantic in the distance, Casa Sofia invites you to slow down and experience Tenerife with intention. Time feels gentler here, creating space for rest, reflection, and meaningful connection.

More than a house, Casa Sofia is part of the Almaíso experience. A place to reconnect with nature, others, and yourself.

—

Casa Sofia.

Una de las casas de Almaíso, diseñada con intención para quienes buscan algo más que alojamiento. Un lugar donde la belleza, la presencia y la conexión más profunda se despliegan de forma natural.

Envuelta en la tranquilidad de la finca, con luz entrando por cada rincón y el Atlántico en la distancia, Casa Sofia te invita a desacelerar y vivir Tenerife con conciencia. El tiempo se siente más suave aquí, abriendo espacio para el descanso, la reflexión y la conexión genuina.

Más que una casa, Casa Sofia es parte de la experiencia Almaíso. Un lugar para reconectar con la naturaleza, con otros, y contigo mismo.

#Almaiso #tenerife #slowtravel #retreatcenter",,8,"06/16/2026 07:30",N/A,https://www.facebook.com/finca.el.drago/posts/pfbid02cybhKM9BscMrP1qZ5QDcxb8jgWVPjaMYVdrurT2mMfsid4bc3xNd4Jgfsti6xEMml,1,0,Photos,,,,,06/20/2026,0,0,3,0,0,0,0,0,0,0,5.405,0,21.618,0,2.703,0,5.405,0,,,,,,,,,
1523813982780714,100054563795107,"Almaíso at Finca El Drago","Casa Sofia.

One of the homes at Almaíso, thoughtfully designed for those seeking more than accommodation. A place where beauty, presence, and deeper connection unfold naturally.

Nestled within the tranquility of the finca, with sunlight pouring through every room and the Atlantic in the distance, Casa Sofia invites you to slow down and experience Tenerife with intention. Time feels gentler here, creating space for rest, reflection, and meaningful connection.

More than a house, Casa Sofia is part of the Almaíso experience. A place to reconnect with nature, others, and yourself.

—

Casa Sofia.

Una de las casas de Almaíso, diseñada con intención para quienes buscan algo más que alojamiento. Un lugar donde la belleza, la presencia y la conexión más profunda se despliegan de forma natural.

Envuelta en la tranquilidad de la finca, con luz entrando por cada rincón y el Atlántico en la distancia, Casa Sofia te invita a desacelerar y vivir Tenerife con conciencia. El tiempo se siente más suave aquí, abriendo espacio para el descanso, la reflexión y la conexión genuina.

Más que una casa, Casa Sofia es parte de la experiencia Almaíso. Un lugar para reconectar con la naturaleza, con otros, y contigo mismo.

#Almaiso #tenerife #slowtravel #retreatcenter",,8,"06/16/2026 07:30",N/A,https://www.facebook.com/finca.el.drago/posts/pfbid02cybhKM9BscMrP1qZ5QDcxb8jgWVPjaMYVdrurT2mMfsid4bc3xNd4Jgfsti6xEMml,1,0,Photos,,,,,06/21/2026,0,0,0,0,0,0,0,0,0,0,0.376,0,0.7,0,0.376,0,0.7,0,,,,,,,,,
1523813982780714,100054563795107,"Almaíso at Finca El Drago","Casa Sofia.

One of the homes at Almaíso, thoughtfully designed for those seeking more than accommodation. A place where beauty, presence, and deeper connection unfold naturally.

Nestled within the tranquility of the finca, with sunlight pouring through every room and the Atlantic in the distance, Casa Sofia invites you to slow down and experience Tenerife with intention. Time feels gentler here, creating space for rest, reflection, and meaningful connection.

More than a house, Casa Sofia is part of the Almaíso experience. A place to reconnect with nature, others, and yourself.

—

Casa Sofia.

Una de las casas de Almaíso, diseñada con intención para quienes buscan algo más que alojamiento. Un lugar donde la belleza, la presencia y la conexión más profunda se despliegan de forma natural.

Envuelta en la tranquilidad de la finca, con luz entrando por cada rincón y el Atlántico en la distancia, Casa Sofia te invita a desacelerar y vivir Tenerife con conciencia. El tiempo se siente más suave aquí, abriendo espacio para el descanso, la reflexión y la conexión genuina.

Más que una casa, Casa Sofia es parte de la experiencia Almaíso. Un lugar para reconectar con la naturaleza, con otros, y contigo mismo.

#Almaiso #tenerife #slowtravel #retreatcenter",,8,"06/16/2026 07:30",N/A,https://www.facebook.com/finca.el.drago/posts/pfbid02cybhKM9BscMrP1qZ5QDcxb8jgWVPjaMYVdrurT2mMfsid4bc3xNd4Jgfsti6xEMml,1,0,Photos,,,,,06/22/2026,0,0,2,0,0,0,0,0,0,0,6.482,0,5.648,0,3.241,0,2.824,0,,,,,,,,,
1523813982780714,100054563795107,"Almaíso at Finca El Drago","Casa Sofia.

One of the homes at Almaíso, thoughtfully designed for those seeking more than accommodation. A place where beauty, presence, and deeper connection unfold naturally.

Nestled within the tranquility of the finca, with sunlight pouring through every room and the Atlantic in the distance, Casa Sofia invites you to slow down and experience Tenerife with intention. Time feels gentler here, creating space for rest, reflection, and meaningful connection.

More than a house, Casa Sofia is part of the Almaíso experience. A place to reconnect with nature, others, and yourself.

—

Casa Sofia.

Una de las casas de Almaíso, diseñada con intención para quienes buscan algo más que alojamiento. Un lugar donde la belleza, la presencia y la conexión más profunda se despliegan de forma natural.

Envuelta en la tranquilidad de la finca, con luz entrando por cada rincón y el Atlántico en la distancia, Casa Sofia te invita a desacelerar y vivir Tenerife con conciencia. El tiempo se siente más suave aquí, abriendo espacio para el descanso, la reflexión y la conexión genuina.

Más que una casa, Casa Sofia es parte de la experiencia Almaíso. Un lugar para reconectar con la naturaleza, con otros, y contigo mismo.

#Almaiso #tenerife #slowtravel #retreatcenter",,8,"06/16/2026 07:30",N/A,https://www.facebook.com/finca.el.drago/posts/pfbid02cybhKM9BscMrP1qZ5QDcxb8jgWVPjaMYVdrurT2mMfsid4bc3xNd4Jgfsti6xEMml,1,0,Photos,,,,,06/23/2026,0,0,0,0,0,0,0,0,0,0,0,0,0,0,0,0,0,0,,,,,,,,,
1523813982780714,100054563795107,"Almaíso at Finca El Drago","Casa Sofia.

One of the homes at Almaíso, thoughtfully designed for those seeking more than accommodation. A place where beauty, presence, and deeper connection unfold naturally.

Nestled within the tranquility of the finca, with sunlight pouring through every room and the Atlantic in the distance, Casa Sofia invites you to slow down and experience Tenerife with intention. Time feels gentler here, creating space for rest, reflection, and meaningful connection.

More than a house, Casa Sofia is part of the Almaíso experience. A place to reconnect with nature, others, and yourself.

—

Casa Sofia.

Una de las casas de Almaíso, diseñada con intención para quienes buscan algo más que alojamiento. Un lugar donde la belleza, la presencia y la conexión más profunda se despliegan de forma natural.

Envuelta en la tranquilidad de la finca, con luz entrando por cada rincón y el Atlántico en la distancia, Casa Sofia te invita a desacelerar y vivir Tenerife con conciencia. El tiempo se siente más suave aquí, abriendo espacio para el descanso, la reflexión y la conexión genuina.

Más que una casa, Casa Sofia es parte de la experiencia Almaíso. Un lugar para reconectar con la naturaleza, con otros, y contigo mismo.

#Almaiso #tenerife #slowtravel #retreatcenter",,8,"06/16/2026 07:30",N/A,https://www.facebook.com/finca.el.drago/posts/pfbid02cybhKM9BscMrP1qZ5QDcxb8jgWVPjaMYVdrurT2mMfsid4bc3xNd4Jgfsti6xEMml,1,0,Photos,,,,,06/24/2026,0,0,1,0,0,0,0,0,0,0,0,0,8.317,0,0,0,4.159,0,,,,,,,,,
1523813982780714,100054563795107,"Almaíso at Finca El Drago","Casa Sofia.

One of the homes at Almaíso, thoughtfully designed for those seeking more than accommodation. A place where beauty, presence, and deeper connection unfold naturally.

Nestled within the tranquility of the finca, with sunlight pouring through every room and the Atlantic in the distance, Casa Sofia invites you to slow down and experience Tenerife with intention. Time feels gentler here, creating space for rest, reflection, and meaningful connection.

More than a house, Casa Sofia is part of the Almaíso experience. A place to reconnect with nature, others, and yourself.

—

Casa Sofia.

Una de las casas de Almaíso, diseñada con intención para quienes buscan algo más que alojamiento. Un lugar donde la belleza, la presencia y la conexión más profunda se despliegan de forma natural.

Envuelta en la tranquilidad de la finca, con luz entrando por cada rincón y el Atlántico en la distancia, Casa Sofia te invita a desacelerar y vivir Tenerife con conciencia. El tiempo se siente más suave aquí, abriendo espacio para el descanso, la reflexión y la conexión genuina.

Más que una casa, Casa Sofia es parte de la experiencia Almaíso. Un lugar para reconectar con la naturaleza, con otros, y contigo mismo.

#Almaiso #tenerife #slowtravel #retreatcenter",,8,"06/16/2026 07:30",N/A,https://www.facebook.com/finca.el.drago/posts/pfbid02cybhKM9BscMrP1qZ5QDcxb8jgWVPjaMYVdrurT2mMfsid4bc3xNd4Jgfsti6xEMml,1,0,Photos,,,,,06/25/2026,0,0,0,0,0,0,0,0,0,0,0,0,0,0,0,0,0,0,,,,,,,,,
1523813982780714,100054563795107,"Almaíso at Finca El Drago","Casa Sofia.

One of the homes at Almaíso, thoughtfully designed for those seeking more than accommodation. A place where beauty, presence, and deeper connection unfold naturally.

Nestled within the tranquility of the finca, with sunlight pouring through every room and the Atlantic in the distance, Casa Sofia invites you to slow down and experience Tenerife with intention. Time feels gentler here, creating space for rest, reflection, and meaningful connection.

More than a house, Casa Sofia is part of the Almaíso experience. A place to reconnect with nature, others, and yourself.

—

Casa Sofia.

Una de las casas de Almaíso, diseñada con intención para quienes buscan algo más que alojamiento. Un lugar donde la belleza, la presencia y la conexión más profunda se despliegan de forma natural.

Envuelta en la tranquilidad de la finca, con luz entrando por cada rincón y el Atlántico en la distancia, Casa Sofia te invita a desacelerar y vivir Tenerife con conciencia. El tiempo se siente más suave aquí, abriendo espacio para el descanso, la reflexión y la conexión genuina.

Más que una casa, Casa Sofia es parte de la experiencia Almaíso. Un lugar para reconectar con la naturaleza, con otros, y contigo mismo.

#Almaiso #tenerife #slowtravel #retreatcenter",,8,"06/16/2026 07:30",N/A,https://www.facebook.com/finca.el.drago/posts/pfbid02cybhKM9BscMrP1qZ5QDcxb8jgWVPjaMYVdrurT2mMfsid4bc3xNd4Jgfsti6xEMml,1,0,Photos,,,,,06/26/2026,0,0,1,0,0,0,0,0,0,0,4.634,0,0,0,4.634,0,0,0,,,,,,,,,
1523813982780714,100054563795107,"Almaíso at Finca El Drago","Casa Sofia.

One of the homes at Almaíso, thoughtfully designed for those seeking more than accommodation. A place where beauty, presence, and deeper connection unfold naturally.

Nestled within the tranquility of the finca, with sunlight pouring through every room and the Atlantic in the distance, Casa Sofia invites you to slow down and experience Tenerife with intention. Time feels gentler here, creating space for rest, reflection, and meaningful connection.

More than a house, Casa Sofia is part of the Almaíso experience. A place to reconnect with nature, others, and yourself.

—

Casa Sofia.

Una de las casas de Almaíso, diseñada con intención para quienes buscan algo más que alojamiento. Un lugar donde la belleza, la presencia y la conexión más profunda se despliegan de forma natural.

Envuelta en la tranquilidad de la finca, con luz entrando por cada rincón y el Atlántico en la distancia, Casa Sofia te invita a desacelerar y vivir Tenerife con conciencia. El tiempo se siente más suave aquí, abriendo espacio para el descanso, la reflexión y la conexión genuina.

Más que una casa, Casa Sofia es parte de la experiencia Almaíso. Un lugar para reconectar con la naturaleza, con otros, y contigo mismo.

#Almaiso #tenerife #slowtravel #retreatcenter",,8,"06/16/2026 07:30",N/A,https://www.facebook.com/finca.el.drago/posts/pfbid02cybhKM9BscMrP1qZ5QDcxb8jgWVPjaMYVdrurT2mMfsid4bc3xNd4Jgfsti6xEMml,1,0,Photos,,,,,06/27/2026,0,0,0,0,0,0,0,0,0,0,0,0,0,0,0,0,0,0,,,,,,,,,
1523813982780714,100054563795107,"Almaíso at Finca El Drago","Casa Sofia.

One of the homes at Almaíso, thoughtfully designed for those seeking more than accommodation. A place where beauty, presence, and deeper connection unfold naturally.

Nestled within the tranquility of the finca, with sunlight pouring through every room and the Atlantic in the distance, Casa Sofia invites you to slow down and experience Tenerife with intention. Time feels gentler here, creating space for rest, reflection, and meaningful connection.

More than a house, Casa Sofia is part of the Almaíso experience. A place to reconnect with nature, others, and yourself.

—

Casa Sofia.

Una de las casas de Almaíso, diseñada con intención para quienes buscan algo más que alojamiento. Un lugar donde la belleza, la presencia y la conexión más profunda se despliegan de forma natural.

Envuelta en la tranquilidad de la finca, con luz entrando por cada rincón y el Atlántico en la distancia, Casa Sofia te invita a desacelerar y vivir Tenerife con conciencia. El tiempo se siente más suave aquí, abriendo espacio para el descanso, la reflexión y la conexión genuina.

Más que una casa, Casa Sofia es parte de la experiencia Almaíso. Un lugar para reconectar con la naturaleza, con otros, y contigo mismo.

#Almaiso #tenerife #slowtravel #retreatcenter",,8,"06/16/2026 07:30",N/A,https://www.facebook.com/finca.el.drago/posts/pfbid02cybhKM9BscMrP1qZ5QDcxb8jgWVPjaMYVdrurT2mMfsid4bc3xNd4Jgfsti6xEMml,1,0,Photos,,,,,06/28/2026,0,0,0,0,0,0,0,0,0,0,0,0,0,0,0,0,0,0,,,,,,,,,
1523813982780714,100054563795107,"Almaíso at Finca El Drago","Casa Sofia.

One of the homes at Almaíso, thoughtfully designed for those seeking more than accommodation. A place where beauty, presence, and deeper connection unfold naturally.

Nestled within the tranquility of the finca, with sunlight pouring through every room and the Atlantic in the distance, Casa Sofia invites you to slow down and experience Tenerife with intention. Time feels gentler here, creating space for rest, reflection, and meaningful connection.

More than a house, Casa Sofia is part of the Almaíso experience. A place to reconnect with nature, others, and yourself.

—

Casa Sofia.

Una de las casas de Almaíso, diseñada con intención para quienes buscan algo más que alojamiento. Un lugar donde la belleza, la presencia y la conexión más profunda se despliegan de forma natural.

Envuelta en la tranquilidad de la finca, con luz entrando por cada rincón y el Atlántico en la distancia, Casa Sofia te invita a desacelerar y vivir Tenerife con conciencia. El tiempo se siente más suave aquí, abriendo espacio para el descanso, la reflexión y la conexión genuina.

Más que una casa, Casa Sofia es parte de la experiencia Almaíso. Un lugar para reconectar con la naturaleza, con otros, y contigo mismo.

#Almaiso #tenerife #slowtravel #retreatcenter",,8,"06/16/2026 07:30",N/A,https://www.facebook.com/finca.el.drago/posts/pfbid02cybhKM9BscMrP1qZ5QDcxb8jgWVPjaMYVdrurT2mMfsid4bc3xNd4Jgfsti6xEMml,1,0,Photos,,,,,06/29/2026,0,0,0,0,0,0,0,0,0,0,0,0,0,0,0,0,0,0,,,,,,,,,
1523813982780714,100054563795107,"Almaíso at Finca El Drago","Casa Sofia.

One of the homes at Almaíso, thoughtfully designed for those seeking more than accommodation. A place where beauty, presence, and deeper connection unfold naturally.

Nestled within the tranquility of the finca, with sunlight pouring through every room and the Atlantic in the distance, Casa Sofia invites you to slow down and experience Tenerife with intention. Time feels gentler here, creating space for rest, reflection, and meaningful connection.

More than a house, Casa Sofia is part of the Almaíso experience. A place to reconnect with nature, others, and yourself.

—

Casa Sofia.

Una de las casas de Almaíso, diseñada con intención para quienes buscan algo más que alojamiento. Un lugar donde la belleza, la presencia y la conexión más profunda se despliegan de forma natural.

Envuelta en la tranquilidad de la finca, con luz entrando por cada rincón y el Atlántico en la distancia, Casa Sofia te invita a desacelerar y vivir Tenerife con conciencia. El tiempo se siente más suave aquí, abriendo espacio para el descanso, la reflexión y la conexión genuina.

Más que una casa, Casa Sofia es parte de la experiencia Almaíso. Un lugar para reconectar con la naturaleza, con otros, y contigo mismo.

#Almaiso #tenerife #slowtravel #retreatcenter",,8,"06/16/2026 07:30",N/A,https://www.facebook.com/finca.el.drago/posts/pfbid02cybhKM9BscMrP1qZ5QDcxb8jgWVPjaMYVdrurT2mMfsid4bc3xNd4Jgfsti6xEMml,1,0,Photos,,,,,06/30/2026,0,0,0,0,0,0,0,0,0,0,0,0,0,0,0,0,0,0,,,,,,,,,
1523810712781041,100054563795107,"Almaíso at Finca El Drago","Casa Sofia.

One of the homes at Almaíso, thoughtfully designed for those seeking more than accommodation but a place where beauty, presence, and deeper connection unfold naturally.

Nestled within the tranquility of the finca, with sunlight pouring through every room and the Atlantic in the distance, Casa Sofia invites you to slow down and experience Tenerife with intention. Time feels gentler here, creating space for rest, reflection, and meaningful connection.

More than a house, Casa Sofia is part of the Almaíso experience, a place to reconnect with nature, others, and yourself.

—

Casa Sofia.

Una de las casas de Almaíso, diseñada con intención para quienes buscan algo más que alojamiento pero un lugar donde la belleza, la presencia y la conexión más profunda se despliegan de forma natural.

Envuelta en la tranquilidad de la finca, con luz entrando por cada rincón y el Atlántico en la distancia, Casa Sofia te invita a desacelerar y vivir Tenerife con conciencia. El tiempo se siente más suave aquí, abriendo espacio para el descanso, la reflexión y la conexión genuina.

Más que una casa, Casa Sofia es parte de la experiencia Almaíso, un lugar para reconectar con la naturaleza, con otros, y contigo mismo.

#almaiso #retiro #retreat #retreatcenter",,8,"06/16/2026 07:25",N/A,https://www.facebook.com/finca.el.drago/posts/pfbid036RZ9tsZ2ZE6VvyK5KRt6FXGyrFHr4EazZ3CbioUxMKKp5dHu2yccSG4aTWfsGkjCl,1,0,Photos,,,,,06/01/2026,0,0,0,0,0,0,0,0,0,0,0,0,0,0,0,0,0,0,,,,,,,,,
1523810712781041,100054563795107,"Almaíso at Finca El Drago","Casa Sofia.

One of the homes at Almaíso, thoughtfully designed for those seeking more than accommodation but a place where beauty, presence, and deeper connection unfold naturally.

Nestled within the tranquility of the finca, with sunlight pouring through every room and the Atlantic in the distance, Casa Sofia invites you to slow down and experience Tenerife with intention. Time feels gentler here, creating space for rest, reflection, and meaningful connection.

More than a house, Casa Sofia is part of the Almaíso experience, a place to reconnect with nature, others, and yourself.

—

Casa Sofia.

Una de las casas de Almaíso, diseñada con intención para quienes buscan algo más que alojamiento pero un lugar donde la belleza, la presencia y la conexión más profunda se despliegan de forma natural.

Envuelta en la tranquilidad de la finca, con luz entrando por cada rincón y el Atlántico en la distancia, Casa Sofia te invita a desacelerar y vivir Tenerife con conciencia. El tiempo se siente más suave aquí, abriendo espacio para el descanso, la reflexión y la conexión genuina.

Más que una casa, Casa Sofia es parte de la experiencia Almaíso, un lugar para reconectar con la naturaleza, con otros, y contigo mismo.

#almaiso #retiro #retreat #retreatcenter",,8,"06/16/2026 07:25",N/A,https://www.facebook.com/finca.el.drago/posts/pfbid036RZ9tsZ2ZE6VvyK5KRt6FXGyrFHr4EazZ3CbioUxMKKp5dHu2yccSG4aTWfsGkjCl,1,0,Photos,,,,,06/02/2026,0,0,0,0,0,0,0,0,0,0,0,0,0,0,0,0,0,0,,,,,,,,,
1523810712781041,100054563795107,"Almaíso at Finca El Drago","Casa Sofia.

One of the homes at Almaíso, thoughtfully designed for those seeking more than accommodation but a place where beauty, presence, and deeper connection unfold naturally.

Nestled within the tranquility of the finca, with sunlight pouring through every room and the Atlantic in the distance, Casa Sofia invites you to slow down and experience Tenerife with intention. Time feels gentler here, creating space for rest, reflection, and meaningful connection.

More than a house, Casa Sofia is part of the Almaíso experience, a place to reconnect with nature, others, and yourself.

—

Casa Sofia.

Una de las casas de Almaíso, diseñada con intención para quienes buscan algo más que alojamiento pero un lugar donde la belleza, la presencia y la conexión más profunda se despliegan de forma natural.

Envuelta en la tranquilidad de la finca, con luz entrando por cada rincón y el Atlántico en la distancia, Casa Sofia te invita a desacelerar y vivir Tenerife con conciencia. El tiempo se siente más suave aquí, abriendo espacio para el descanso, la reflexión y la conexión genuina.

Más que una casa, Casa Sofia es parte de la experiencia Almaíso, un lugar para reconectar con la naturaleza, con otros, y contigo mismo.

#almaiso #retiro #retreat #retreatcenter",,8,"06/16/2026 07:25",N/A,https://www.facebook.com/finca.el.drago/posts/pfbid036RZ9tsZ2ZE6VvyK5KRt6FXGyrFHr4EazZ3CbioUxMKKp5dHu2yccSG4aTWfsGkjCl,1,0,Photos,,,,,06/03/2026,0,0,0,0,0,0,0,0,0,0,0,0,0,0,0,0,0,0,,,,,,,,,
1523810712781041,100054563795107,"Almaíso at Finca El Drago","Casa Sofia.

One of the homes at Almaíso, thoughtfully designed for those seeking more than accommodation but a place where beauty, presence, and deeper connection unfold naturally.

Nestled within the tranquility of the finca, with sunlight pouring through every room and the Atlantic in the distance, Casa Sofia invites you to slow down and experience Tenerife with intention. Time feels gentler here, creating space for rest, reflection, and meaningful connection.

More than a house, Casa Sofia is part of the Almaíso experience, a place to reconnect with nature, others, and yourself.

—

Casa Sofia.

Una de las casas de Almaíso, diseñada con intención para quienes buscan algo más que alojamiento pero un lugar donde la belleza, la presencia y la conexión más profunda se despliegan de forma natural.

Envuelta en la tranquilidad de la finca, con luz entrando por cada rincón y el Atlántico en la distancia, Casa Sofia te invita a desacelerar y vivir Tenerife con conciencia. El tiempo se siente más suave aquí, abriendo espacio para el descanso, la reflexión y la conexión genuina.

Más que una casa, Casa Sofia es parte de la experiencia Almaíso, un lugar para reconectar con la naturaleza, con otros, y contigo mismo.

#almaiso #retiro #retreat #retreatcenter",,8,"06/16/2026 07:25",N/A,https://www.facebook.com/finca.el.drago/posts/pfbid036RZ9tsZ2ZE6VvyK5KRt6FXGyrFHr4EazZ3CbioUxMKKp5dHu2yccSG4aTWfsGkjCl,1,0,Photos,,,,,06/04/2026,0,0,0,0,0,0,0,0,0,0,0,0,0,0,0,0,0,0,,,,,,,,,
1523810712781041,100054563795107,"Almaíso at Finca El Drago","Casa Sofia.

One of the homes at Almaíso, thoughtfully designed for those seeking more than accommodation but a place where beauty, presence, and deeper connection unfold naturally.

Nestled within the tranquility of the finca, with sunlight pouring through every room and the Atlantic in the distance, Casa Sofia invites you to slow down and experience Tenerife with intention. Time feels gentler here, creating space for rest, reflection, and meaningful connection.

More than a house, Casa Sofia is part of the Almaíso experience, a place to reconnect with nature, others, and yourself.

—

Casa Sofia.

Una de las casas de Almaíso, diseñada con intención para quienes buscan algo más que alojamiento pero un lugar donde la belleza, la presencia y la conexión más profunda se despliegan de forma natural.

Envuelta en la tranquilidad de la finca, con luz entrando por cada rincón y el Atlántico en la distancia, Casa Sofia te invita a desacelerar y vivir Tenerife con conciencia. El tiempo se siente más suave aquí, abriendo espacio para el descanso, la reflexión y la conexión genuina.

Más que una casa, Casa Sofia es parte de la experiencia Almaíso, un lugar para reconectar con la naturaleza, con otros, y contigo mismo.

#almaiso #retiro #retreat #retreatcenter",,8,"06/16/2026 07:25",N/A,https://www.facebook.com/finca.el.drago/posts/pfbid036RZ9tsZ2ZE6VvyK5KRt6FXGyrFHr4EazZ3CbioUxMKKp5dHu2yccSG4aTWfsGkjCl,1,0,Photos,,,,,06/05/2026,0,0,0,0,0,0,0,0,0,0,0,0,0,0,0,0,0,0,,,,,,,,,
1523810712781041,100054563795107,"Almaíso at Finca El Drago","Casa Sofia.

One of the homes at Almaíso, thoughtfully designed for those seeking more than accommodation but a place where beauty, presence, and deeper connection unfold naturally.

Nestled within the tranquility of the finca, with sunlight pouring through every room and the Atlantic in the distance, Casa Sofia invites you to slow down and experience Tenerife with intention. Time feels gentler here, creating space for rest, reflection, and meaningful connection.

More than a house, Casa Sofia is part of the Almaíso experience, a place to reconnect with nature, others, and yourself.

—

Casa Sofia.

Una de las casas de Almaíso, diseñada con intención para quienes buscan algo más que alojamiento pero un lugar donde la belleza, la presencia y la conexión más profunda se despliegan de forma natural.

Envuelta en la tranquilidad de la finca, con luz entrando por cada rincón y el Atlántico en la distancia, Casa Sofia te invita a desacelerar y vivir Tenerife con conciencia. El tiempo se siente más suave aquí, abriendo espacio para el descanso, la reflexión y la conexión genuina.

Más que una casa, Casa Sofia es parte de la experiencia Almaíso, un lugar para reconectar con la naturaleza, con otros, y contigo mismo.

#almaiso #retiro #retreat #retreatcenter",,8,"06/16/2026 07:25",N/A,https://www.facebook.com/finca.el.drago/posts/pfbid036RZ9tsZ2ZE6VvyK5KRt6FXGyrFHr4EazZ3CbioUxMKKp5dHu2yccSG4aTWfsGkjCl,1,0,Photos,,,,,06/06/2026,0,0,0,0,0,0,0,0,0,0,0,0,0,0,0,0,0,0,,,,,,,,,
1523810712781041,100054563795107,"Almaíso at Finca El Drago","Casa Sofia.

One of the homes at Almaíso, thoughtfully designed for those seeking more than accommodation but a place where beauty, presence, and deeper connection unfold naturally.

Nestled within the tranquility of the finca, with sunlight pouring through every room and the Atlantic in the distance, Casa Sofia invites you to slow down and experience Tenerife with intention. Time feels gentler here, creating space for rest, reflection, and meaningful connection.

More than a house, Casa Sofia is part of the Almaíso experience, a place to reconnect with nature, others, and yourself.

—

Casa Sofia.

Una de las casas de Almaíso, diseñada con intención para quienes buscan algo más que alojamiento pero un lugar donde la belleza, la presencia y la conexión más profunda se despliegan de forma natural.

Envuelta en la tranquilidad de la finca, con luz entrando por cada rincón y el Atlántico en la distancia, Casa Sofia te invita a desacelerar y vivir Tenerife con conciencia. El tiempo se siente más suave aquí, abriendo espacio para el descanso, la reflexión y la conexión genuina.

Más que una casa, Casa Sofia es parte de la experiencia Almaíso, un lugar para reconectar con la naturaleza, con otros, y contigo mismo.

#almaiso #retiro #retreat #retreatcenter",,8,"06/16/2026 07:25",N/A,https://www.facebook.com/finca.el.drago/posts/pfbid036RZ9tsZ2ZE6VvyK5KRt6FXGyrFHr4EazZ3CbioUxMKKp5dHu2yccSG4aTWfsGkjCl,1,0,Photos,,,,,06/07/2026,0,0,0,0,0,0,0,0,0,0,0,0,0,0,0,0,0,0,,,,,,,,,
1523810712781041,100054563795107,"Almaíso at Finca El Drago","Casa Sofia.

One of the homes at Almaíso, thoughtfully designed for those seeking more than accommodation but a place where beauty, presence, and deeper connection unfold naturally.

Nestled within the tranquility of the finca, with sunlight pouring through every room and the Atlantic in the distance, Casa Sofia invites you to slow down and experience Tenerife with intention. Time feels gentler here, creating space for rest, reflection, and meaningful connection.

More than a house, Casa Sofia is part of the Almaíso experience, a place to reconnect with nature, others, and yourself.

—

Casa Sofia.

Una de las casas de Almaíso, diseñada con intención para quienes buscan algo más que alojamiento pero un lugar donde la belleza, la presencia y la conexión más profunda se despliegan de forma natural.

Envuelta en la tranquilidad de la finca, con luz entrando por cada rincón y el Atlántico en la distancia, Casa Sofia te invita a desacelerar y vivir Tenerife con conciencia. El tiempo se siente más suave aquí, abriendo espacio para el descanso, la reflexión y la conexión genuina.

Más que una casa, Casa Sofia es parte de la experiencia Almaíso, un lugar para reconectar con la naturaleza, con otros, y contigo mismo.

#almaiso #retiro #retreat #retreatcenter",,8,"06/16/2026 07:25",N/A,https://www.facebook.com/finca.el.drago/posts/pfbid036RZ9tsZ2ZE6VvyK5KRt6FXGyrFHr4EazZ3CbioUxMKKp5dHu2yccSG4aTWfsGkjCl,1,0,Photos,,,,,06/08/2026,0,0,0,0,0,0,0,0,0,0,0,0,0,0,0,0,0,0,,,,,,,,,
1523810712781041,100054563795107,"Almaíso at Finca El Drago","Casa Sofia.

One of the homes at Almaíso, thoughtfully designed for those seeking more than accommodation but a place where beauty, presence, and deeper connection unfold naturally.

Nestled within the tranquility of the finca, with sunlight pouring through every room and the Atlantic in the distance, Casa Sofia invites you to slow down and experience Tenerife with intention. Time feels gentler here, creating space for rest, reflection, and meaningful connection.

More than a house, Casa Sofia is part of the Almaíso experience, a place to reconnect with nature, others, and yourself.

—

Casa Sofia.

Una de las casas de Almaíso, diseñada con intención para quienes buscan algo más que alojamiento pero un lugar donde la belleza, la presencia y la conexión más profunda se despliegan de forma natural.

Envuelta en la tranquilidad de la finca, con luz entrando por cada rincón y el Atlántico en la distancia, Casa Sofia te invita a desacelerar y vivir Tenerife con conciencia. El tiempo se siente más suave aquí, abriendo espacio para el descanso, la reflexión y la conexión genuina.

Más que una casa, Casa Sofia es parte de la experiencia Almaíso, un lugar para reconectar con la naturaleza, con otros, y contigo mismo.

#almaiso #retiro #retreat #retreatcenter",,8,"06/16/2026 07:25",N/A,https://www.facebook.com/finca.el.drago/posts/pfbid036RZ9tsZ2ZE6VvyK5KRt6FXGyrFHr4EazZ3CbioUxMKKp5dHu2yccSG4aTWfsGkjCl,1,0,Photos,,,,,06/09/2026,0,0,0,0,0,0,0,0,0,0,0,0,0,0,0,0,0,0,,,,,,,,,
1523810712781041,100054563795107,"Almaíso at Finca El Drago","Casa Sofia.

One of the homes at Almaíso, thoughtfully designed for those seeking more than accommodation but a place where beauty, presence, and deeper connection unfold naturally.

Nestled within the tranquility of the finca, with sunlight pouring through every room and the Atlantic in the distance, Casa Sofia invites you to slow down and experience Tenerife with intention. Time feels gentler here, creating space for rest, reflection, and meaningful connection.

More than a house, Casa Sofia is part of the Almaíso experience, a place to reconnect with nature, others, and yourself.

—

Casa Sofia.

Una de las casas de Almaíso, diseñada con intención para quienes buscan algo más que alojamiento pero un lugar donde la belleza, la presencia y la conexión más profunda se despliegan de forma natural.

Envuelta en la tranquilidad de la finca, con luz entrando por cada rincón y el Atlántico en la distancia, Casa Sofia te invita a desacelerar y vivir Tenerife con conciencia. El tiempo se siente más suave aquí, abriendo espacio para el descanso, la reflexión y la conexión genuina.

Más que una casa, Casa Sofia es parte de la experiencia Almaíso, un lugar para reconectar con la naturaleza, con otros, y contigo mismo.

#almaiso #retiro #retreat #retreatcenter",,8,"06/16/2026 07:25",N/A,https://www.facebook.com/finca.el.drago/posts/pfbid036RZ9tsZ2ZE6VvyK5KRt6FXGyrFHr4EazZ3CbioUxMKKp5dHu2yccSG4aTWfsGkjCl,1,0,Photos,,,,,06/10/2026,0,0,0,0,0,0,0,0,0,0,0,0,0,0,0,0,0,0,,,,,,,,,
1523810712781041,100054563795107,"Almaíso at Finca El Drago","Casa Sofia.

One of the homes at Almaíso, thoughtfully designed for those seeking more than accommodation but a place where beauty, presence, and deeper connection unfold naturally.

Nestled within the tranquility of the finca, with sunlight pouring through every room and the Atlantic in the distance, Casa Sofia invites you to slow down and experience Tenerife with intention. Time feels gentler here, creating space for rest, reflection, and meaningful connection.

More than a house, Casa Sofia is part of the Almaíso experience, a place to reconnect with nature, others, and yourself.

—

Casa Sofia.

Una de las casas de Almaíso, diseñada con intención para quienes buscan algo más que alojamiento pero un lugar donde la belleza, la presencia y la conexión más profunda se despliegan de forma natural.

Envuelta en la tranquilidad de la finca, con luz entrando por cada rincón y el Atlántico en la distancia, Casa Sofia te invita a desacelerar y vivir Tenerife con conciencia. El tiempo se siente más suave aquí, abriendo espacio para el descanso, la reflexión y la conexión genuina.

Más que una casa, Casa Sofia es parte de la experiencia Almaíso, un lugar para reconectar con la naturaleza, con otros, y contigo mismo.

#almaiso #retiro #retreat #retreatcenter",,8,"06/16/2026 07:25",N/A,https://www.facebook.com/finca.el.drago/posts/pfbid036RZ9tsZ2ZE6VvyK5KRt6FXGyrFHr4EazZ3CbioUxMKKp5dHu2yccSG4aTWfsGkjCl,1,0,Photos,,,,,06/11/2026,0,0,0,0,0,0,0,0,0,0,0,0,0,0,0,0,0,0,,,,,,,,,
1523810712781041,100054563795107,"Almaíso at Finca El Drago","Casa Sofia.

One of the homes at Almaíso, thoughtfully designed for those seeking more than accommodation but a place where beauty, presence, and deeper connection unfold naturally.

Nestled within the tranquility of the finca, with sunlight pouring through every room and the Atlantic in the distance, Casa Sofia invites you to slow down and experience Tenerife with intention. Time feels gentler here, creating space for rest, reflection, and meaningful connection.

More than a house, Casa Sofia is part of the Almaíso experience, a place to reconnect with nature, others, and yourself.

—

Casa Sofia.

Una de las casas de Almaíso, diseñada con intención para quienes buscan algo más que alojamiento pero un lugar donde la belleza, la presencia y la conexión más profunda se despliegan de forma natural.

Envuelta en la tranquilidad de la finca, con luz entrando por cada rincón y el Atlántico en la distancia, Casa Sofia te invita a desacelerar y vivir Tenerife con conciencia. El tiempo se siente más suave aquí, abriendo espacio para el descanso, la reflexión y la conexión genuina.

Más que una casa, Casa Sofia es parte de la experiencia Almaíso, un lugar para reconectar con la naturaleza, con otros, y contigo mismo.

#almaiso #retiro #retreat #retreatcenter",,8,"06/16/2026 07:25",N/A,https://www.facebook.com/finca.el.drago/posts/pfbid036RZ9tsZ2ZE6VvyK5KRt6FXGyrFHr4EazZ3CbioUxMKKp5dHu2yccSG4aTWfsGkjCl,1,0,Photos,,,,,06/12/2026,0,0,0,0,0,0,0,0,0,0,0,0,0,0,0,0,0,0,,,,,,,,,
1523810712781041,100054563795107,"Almaíso at Finca El Drago","Casa Sofia.

One of the homes at Almaíso, thoughtfully designed for those seeking more than accommodation but a place where beauty, presence, and deeper connection unfold naturally.

Nestled within the tranquility of the finca, with sunlight pouring through every room and the Atlantic in the distance, Casa Sofia invites you to slow down and experience Tenerife with intention. Time feels gentler here, creating space for rest, reflection, and meaningful connection.

More than a house, Casa Sofia is part of the Almaíso experience, a place to reconnect with nature, others, and yourself.

—

Casa Sofia.

Una de las casas de Almaíso, diseñada con intención para quienes buscan algo más que alojamiento pero un lugar donde la belleza, la presencia y la conexión más profunda se despliegan de forma natural.

Envuelta en la tranquilidad de la finca, con luz entrando por cada rincón y el Atlántico en la distancia, Casa Sofia te invita a desacelerar y vivir Tenerife con conciencia. El tiempo se siente más suave aquí, abriendo espacio para el descanso, la reflexión y la conexión genuina.

Más que una casa, Casa Sofia es parte de la experiencia Almaíso, un lugar para reconectar con la naturaleza, con otros, y contigo mismo.

#almaiso #retiro #retreat #retreatcenter",,8,"06/16/2026 07:25",N/A,https://www.facebook.com/finca.el.drago/posts/pfbid036RZ9tsZ2ZE6VvyK5KRt6FXGyrFHr4EazZ3CbioUxMKKp5dHu2yccSG4aTWfsGkjCl,1,0,Photos,,,,,06/13/2026,0,0,0,0,0,0,0,0,0,0,0,0,0,0,0,0,0,0,,,,,,,,,
1523810712781041,100054563795107,"Almaíso at Finca El Drago","Casa Sofia.

One of the homes at Almaíso, thoughtfully designed for those seeking more than accommodation but a place where beauty, presence, and deeper connection unfold naturally.

Nestled within the tranquility of the finca, with sunlight pouring through every room and the Atlantic in the distance, Casa Sofia invites you to slow down and experience Tenerife with intention. Time feels gentler here, creating space for rest, reflection, and meaningful connection.

More than a house, Casa Sofia is part of the Almaíso experience, a place to reconnect with nature, others, and yourself.

—

Casa Sofia.

Una de las casas de Almaíso, diseñada con intención para quienes buscan algo más que alojamiento pero un lugar donde la belleza, la presencia y la conexión más profunda se despliegan de forma natural.

Envuelta en la tranquilidad de la finca, con luz entrando por cada rincón y el Atlántico en la distancia, Casa Sofia te invita a desacelerar y vivir Tenerife con conciencia. El tiempo se siente más suave aquí, abriendo espacio para el descanso, la reflexión y la conexión genuina.

Más que una casa, Casa Sofia es parte de la experiencia Almaíso, un lugar para reconectar con la naturaleza, con otros, y contigo mismo.

#almaiso #retiro #retreat #retreatcenter",,8,"06/16/2026 07:25",N/A,https://www.facebook.com/finca.el.drago/posts/pfbid036RZ9tsZ2ZE6VvyK5KRt6FXGyrFHr4EazZ3CbioUxMKKp5dHu2yccSG4aTWfsGkjCl,1,0,Photos,,,,,06/14/2026,0,0,0,0,0,0,0,0,0,0,0,0,0,0,0,0,0,0,,,,,,,,,
1523810712781041,100054563795107,"Almaíso at Finca El Drago","Casa Sofia.

One of the homes at Almaíso, thoughtfully designed for those seeking more than accommodation but a place where beauty, presence, and deeper connection unfold naturally.

Nestled within the tranquility of the finca, with sunlight pouring through every room and the Atlantic in the distance, Casa Sofia invites you to slow down and experience Tenerife with intention. Time feels gentler here, creating space for rest, reflection, and meaningful connection.

More than a house, Casa Sofia is part of the Almaíso experience, a place to reconnect with nature, others, and yourself.

—

Casa Sofia.

Una de las casas de Almaíso, diseñada con intención para quienes buscan algo más que alojamiento pero un lugar donde la belleza, la presencia y la conexión más profunda se despliegan de forma natural.

Envuelta en la tranquilidad de la finca, con luz entrando por cada rincón y el Atlántico en la distancia, Casa Sofia te invita a desacelerar y vivir Tenerife con conciencia. El tiempo se siente más suave aquí, abriendo espacio para el descanso, la reflexión y la conexión genuina.

Más que una casa, Casa Sofia es parte de la experiencia Almaíso, un lugar para reconectar con la naturaleza, con otros, y contigo mismo.

#almaiso #retiro #retreat #retreatcenter",,8,"06/16/2026 07:25",N/A,https://www.facebook.com/finca.el.drago/posts/pfbid036RZ9tsZ2ZE6VvyK5KRt6FXGyrFHr4EazZ3CbioUxMKKp5dHu2yccSG4aTWfsGkjCl,1,0,Photos,,,,,06/15/2026,0,0,0,0,0,0,0,0,0,0,0,0,0,0,0,0,0,0,,,,,,,,,
1523810712781041,100054563795107,"Almaíso at Finca El Drago","Casa Sofia.

One of the homes at Almaíso, thoughtfully designed for those seeking more than accommodation but a place where beauty, presence, and deeper connection unfold naturally.

Nestled within the tranquility of the finca, with sunlight pouring through every room and the Atlantic in the distance, Casa Sofia invites you to slow down and experience Tenerife with intention. Time feels gentler here, creating space for rest, reflection, and meaningful connection.

More than a house, Casa Sofia is part of the Almaíso experience, a place to reconnect with nature, others, and yourself.

—

Casa Sofia.

Una de las casas de Almaíso, diseñada con intención para quienes buscan algo más que alojamiento pero un lugar donde la belleza, la presencia y la conexión más profunda se despliegan de forma natural.

Envuelta en la tranquilidad de la finca, con luz entrando por cada rincón y el Atlántico en la distancia, Casa Sofia te invita a desacelerar y vivir Tenerife con conciencia. El tiempo se siente más suave aquí, abriendo espacio para el descanso, la reflexión y la conexión genuina.

Más que una casa, Casa Sofia es parte de la experiencia Almaíso, un lugar para reconectar con la naturaleza, con otros, y contigo mismo.

#almaiso #retiro #retreat #retreatcenter",,8,"06/16/2026 07:25",N/A,https://www.facebook.com/finca.el.drago/posts/pfbid036RZ9tsZ2ZE6VvyK5KRt6FXGyrFHr4EazZ3CbioUxMKKp5dHu2yccSG4aTWfsGkjCl,1,0,Photos,,,,,06/16/2026,0,0,26,0,0,0,0,0,0,0,4.634,0,1387.194,0,4.634,0,10.923,0,,,,,,,,,
1523810712781041,100054563795107,"Almaíso at Finca El Drago","Casa Sofia.

One of the homes at Almaíso, thoughtfully designed for those seeking more than accommodation but a place where beauty, presence, and deeper connection unfold naturally.

Nestled within the tranquility of the finca, with sunlight pouring through every room and the Atlantic in the distance, Casa Sofia invites you to slow down and experience Tenerife with intention. Time feels gentler here, creating space for rest, reflection, and meaningful connection.

More than a house, Casa Sofia is part of the Almaíso experience, a place to reconnect with nature, others, and yourself.

—

Casa Sofia.

Una de las casas de Almaíso, diseñada con intención para quienes buscan algo más que alojamiento pero un lugar donde la belleza, la presencia y la conexión más profunda se despliegan de forma natural.

Envuelta en la tranquilidad de la finca, con luz entrando por cada rincón y el Atlántico en la distancia, Casa Sofia te invita a desacelerar y vivir Tenerife con conciencia. El tiempo se siente más suave aquí, abriendo espacio para el descanso, la reflexión y la conexión genuina.

Más que una casa, Casa Sofia es parte de la experiencia Almaíso, un lugar para reconectar con la naturaleza, con otros, y contigo mismo.

#almaiso #retiro #retreat #retreatcenter",,8,"06/16/2026 07:25",N/A,https://www.facebook.com/finca.el.drago/posts/pfbid036RZ9tsZ2ZE6VvyK5KRt6FXGyrFHr4EazZ3CbioUxMKKp5dHu2yccSG4aTWfsGkjCl,1,0,Photos,,,,,06/17/2026,0,0,13,0,0,0,0,0,0,0,2.001,0,223.399,0,2.001,0,5.879,0,,,,,,,,,
1523810712781041,100054563795107,"Almaíso at Finca El Drago","Casa Sofia.

One of the homes at Almaíso, thoughtfully designed for those seeking more than accommodation but a place where beauty, presence, and deeper connection unfold naturally.

Nestled within the tranquility of the finca, with sunlight pouring through every room and the Atlantic in the distance, Casa Sofia invites you to slow down and experience Tenerife with intention. Time feels gentler here, creating space for rest, reflection, and meaningful connection.

More than a house, Casa Sofia is part of the Almaíso experience, a place to reconnect with nature, others, and yourself.

—

Casa Sofia.

Una de las casas de Almaíso, diseñada con intención para quienes buscan algo más que alojamiento pero un lugar donde la belleza, la presencia y la conexión más profunda se despliegan de forma natural.

Envuelta en la tranquilidad de la finca, con luz entrando por cada rincón y el Atlántico en la distancia, Casa Sofia te invita a desacelerar y vivir Tenerife con conciencia. El tiempo se siente más suave aquí, abriendo espacio para el descanso, la reflexión y la conexión genuina.

Más que una casa, Casa Sofia es parte de la experiencia Almaíso, un lugar para reconectar con la naturaleza, con otros, y contigo mismo.

#almaiso #retiro #retreat #retreatcenter",,8,"06/16/2026 07:25",N/A,https://www.facebook.com/finca.el.drago/posts/pfbid036RZ9tsZ2ZE6VvyK5KRt6FXGyrFHr4EazZ3CbioUxMKKp5dHu2yccSG4aTWfsGkjCl,1,0,Photos,,,,,06/18/2026,0,0,1,0,0,0,0,0,0,0,0.803,0,7.925,0,0.803,0,1.585,0,,,,,,,,,
1523810712781041,100054563795107,"Almaíso at Finca El Drago","Casa Sofia.

One of the homes at Almaíso, thoughtfully designed for those seeking more than accommodation but a place where beauty, presence, and deeper connection unfold naturally.

Nestled within the tranquility of the finca, with sunlight pouring through every room and the Atlantic in the distance, Casa Sofia invites you to slow down and experience Tenerife with intention. Time feels gentler here, creating space for rest, reflection, and meaningful connection.

More than a house, Casa Sofia is part of the Almaíso experience, a place to reconnect with nature, others, and yourself.

—

Casa Sofia.

Una de las casas de Almaíso, diseñada con intención para quienes buscan algo más que alojamiento pero un lugar donde la belleza, la presencia y la conexión más profunda se despliegan de forma natural.

Envuelta en la tranquilidad de la finca, con luz entrando por cada rincón y el Atlántico en la distancia, Casa Sofia te invita a desacelerar y vivir Tenerife con conciencia. El tiempo se siente más suave aquí, abriendo espacio para el descanso, la reflexión y la conexión genuina.

Más que una casa, Casa Sofia es parte de la experiencia Almaíso, un lugar para reconectar con la naturaleza, con otros, y contigo mismo.

#almaiso #retiro #retreat #retreatcenter",,8,"06/16/2026 07:25",N/A,https://www.facebook.com/finca.el.drago/posts/pfbid036RZ9tsZ2ZE6VvyK5KRt6FXGyrFHr4EazZ3CbioUxMKKp5dHu2yccSG4aTWfsGkjCl,1,0,Photos,,,,,06/19/2026,0,0,1,0,0,0,0,0,0,0,0,0,7.231,0,0,0,1.447,0,,,,,,,,,
1523810712781041,100054563795107,"Almaíso at Finca El Drago","Casa Sofia.

One of the homes at Almaíso, thoughtfully designed for those seeking more than accommodation but a place where beauty, presence, and deeper connection unfold naturally.

Nestled within the tranquility of the finca, with sunlight pouring through every room and the Atlantic in the distance, Casa Sofia invites you to slow down and experience Tenerife with intention. Time feels gentler here, creating space for rest, reflection, and meaningful connection.

More than a house, Casa Sofia is part of the Almaíso experience, a place to reconnect with nature, others, and yourself.

—

Casa Sofia.

Una de las casas de Almaíso, diseñada con intención para quienes buscan algo más que alojamiento pero un lugar donde la belleza, la presencia y la conexión más profunda se despliegan de forma natural.

Envuelta en la tranquilidad de la finca, con luz entrando por cada rincón y el Atlántico en la distancia, Casa Sofia te invita a desacelerar y vivir Tenerife con conciencia. El tiempo se siente más suave aquí, abriendo espacio para el descanso, la reflexión y la conexión genuina.

Más que una casa, Casa Sofia es parte de la experiencia Almaíso, un lugar para reconectar con la naturaleza, con otros, y contigo mismo.

#almaiso #retiro #retreat #retreatcenter",,8,"06/16/2026 07:25",N/A,https://www.facebook.com/finca.el.drago/posts/pfbid036RZ9tsZ2ZE6VvyK5KRt6FXGyrFHr4EazZ3CbioUxMKKp5dHu2yccSG4aTWfsGkjCl,1,0,Photos,,,,,06/20/2026,0,0,0,0,0,0,0,0,0,0,3.725,0,0,0,1.863,0,0,0,,,,,,,,,
1523810712781041,100054563795107,"Almaíso at Finca El Drago","Casa Sofia.

One of the homes at Almaíso, thoughtfully designed for those seeking more than accommodation but a place where beauty, presence, and deeper connection unfold naturally.

Nestled within the tranquility of the finca, with sunlight pouring through every room and the Atlantic in the distance, Casa Sofia invites you to slow down and experience Tenerife with intention. Time feels gentler here, creating space for rest, reflection, and meaningful connection.

More than a house, Casa Sofia is part of the Almaíso experience, a place to reconnect with nature, others, and yourself.

—

Casa Sofia.

Una de las casas de Almaíso, diseñada con intención para quienes buscan algo más que alojamiento pero un lugar donde la belleza, la presencia y la conexión más profunda se despliegan de forma natural.

Envuelta en la tranquilidad de la finca, con luz entrando por cada rincón y el Atlántico en la distancia, Casa Sofia te invita a desacelerar y vivir Tenerife con conciencia. El tiempo se siente más suave aquí, abriendo espacio para el descanso, la reflexión y la conexión genuina.

Más que una casa, Casa Sofia es parte de la experiencia Almaíso, un lugar para reconectar con la naturaleza, con otros, y contigo mismo.

#almaiso #retiro #retreat #retreatcenter",,8,"06/16/2026 07:25",N/A,https://www.facebook.com/finca.el.drago/posts/pfbid036RZ9tsZ2ZE6VvyK5KRt6FXGyrFHr4EazZ3CbioUxMKKp5dHu2yccSG4aTWfsGkjCl,1,0,Photos,,,,,06/21/2026,0,0,1,0,0,0,0,0,0,0,0,0,15.861,0,0,0,15.861,0,,,,,,,,,
1523810712781041,100054563795107,"Almaíso at Finca El Drago","Casa Sofia.

One of the homes at Almaíso, thoughtfully designed for those seeking more than accommodation but a place where beauty, presence, and deeper connection unfold naturally.

Nestled within the tranquility of the finca, with sunlight pouring through every room and the Atlantic in the distance, Casa Sofia invites you to slow down and experience Tenerife with intention. Time feels gentler here, creating space for rest, reflection, and meaningful connection.

More than a house, Casa Sofia is part of the Almaíso experience, a place to reconnect with nature, others, and yourself.

—

Casa Sofia.

Una de las casas de Almaíso, diseñada con intención para quienes buscan algo más que alojamiento pero un lugar donde la belleza, la presencia y la conexión más profunda se despliegan de forma natural.

Envuelta en la tranquilidad de la finca, con luz entrando por cada rincón y el Atlántico en la distancia, Casa Sofia te invita a desacelerar y vivir Tenerife con conciencia. El tiempo se siente más suave aquí, abriendo espacio para el descanso, la reflexión y la conexión genuina.

Más que una casa, Casa Sofia es parte de la experiencia Almaíso, un lugar para reconectar con la naturaleza, con otros, y contigo mismo.

#almaiso #retiro #retreat #retreatcenter",,8,"06/16/2026 07:25",N/A,https://www.facebook.com/finca.el.drago/posts/pfbid036RZ9tsZ2ZE6VvyK5KRt6FXGyrFHr4EazZ3CbioUxMKKp5dHu2yccSG4aTWfsGkjCl,1,0,Photos,,,,,06/22/2026,0,0,0,0,0,0,0,0,0,0,4.646,0,0,0,2.323,0,0,0,,,,,,,,,
1523810712781041,100054563795107,"Almaíso at Finca El Drago","Casa Sofia.

One of the homes at Almaíso, thoughtfully designed for those seeking more than accommodation but a place where beauty, presence, and deeper connection unfold naturally.

Nestled within the tranquility of the finca, with sunlight pouring through every room and the Atlantic in the distance, Casa Sofia invites you to slow down and experience Tenerife with intention. Time feels gentler here, creating space for rest, reflection, and meaningful connection.

More than a house, Casa Sofia is part of the Almaíso experience, a place to reconnect with nature, others, and yourself.

—

Casa Sofia.

Una de las casas de Almaíso, diseñada con intención para quienes buscan algo más que alojamiento pero un lugar donde la belleza, la presencia y la conexión más profunda se despliegan de forma natural.

Envuelta en la tranquilidad de la finca, con luz entrando por cada rincón y el Atlántico en la distancia, Casa Sofia te invita a desacelerar y vivir Tenerife con conciencia. El tiempo se siente más suave aquí, abriendo espacio para el descanso, la reflexión y la conexión genuina.

Más que una casa, Casa Sofia es parte de la experiencia Almaíso, un lugar para reconectar con la naturaleza, con otros, y contigo mismo.

#almaiso #retiro #retreat #retreatcenter",,8,"06/16/2026 07:25",N/A,https://www.facebook.com/finca.el.drago/posts/pfbid036RZ9tsZ2ZE6VvyK5KRt6FXGyrFHr4EazZ3CbioUxMKKp5dHu2yccSG4aTWfsGkjCl,1,0,Photos,,,,,06/23/2026,0,0,0,0,0,0,0,0,0,0,0,0,0,0,0,0,0,0,,,,,,,,,
1523810712781041,100054563795107,"Almaíso at Finca El Drago","Casa Sofia.

One of the homes at Almaíso, thoughtfully designed for those seeking more than accommodation but a place where beauty, presence, and deeper connection unfold naturally.

Nestled within the tranquility of the finca, with sunlight pouring through every room and the Atlantic in the distance, Casa Sofia invites you to slow down and experience Tenerife with intention. Time feels gentler here, creating space for rest, reflection, and meaningful connection.

More than a house, Casa Sofia is part of the Almaíso experience, a place to reconnect with nature, others, and yourself.

—

Casa Sofia.

Una de las casas de Almaíso, diseñada con intención para quienes buscan algo más que alojamiento pero un lugar donde la belleza, la presencia y la conexión más profunda se despliegan de forma natural.

Envuelta en la tranquilidad de la finca, con luz entrando por cada rincón y el Atlántico en la distancia, Casa Sofia te invita a desacelerar y vivir Tenerife con conciencia. El tiempo se siente más suave aquí, abriendo espacio para el descanso, la reflexión y la conexión genuina.

Más que una casa, Casa Sofia es parte de la experiencia Almaíso, un lugar para reconectar con la naturaleza, con otros, y contigo mismo.

#almaiso #retiro #retreat #retreatcenter",,8,"06/16/2026 07:25",N/A,https://www.facebook.com/finca.el.drago/posts/pfbid036RZ9tsZ2ZE6VvyK5KRt6FXGyrFHr4EazZ3CbioUxMKKp5dHu2yccSG4aTWfsGkjCl,1,0,Photos,,,,,06/24/2026,0,0,0,0,0,0,0,0,0,0,0,0,1.581,0,0,0,1.581,0,,,,,,,,,
1523810712781041,100054563795107,"Almaíso at Finca El Drago","Casa Sofia.

One of the homes at Almaíso, thoughtfully designed for those seeking more than accommodation but a place where beauty, presence, and deeper connection unfold naturally.

Nestled within the tranquility of the finca, with sunlight pouring through every room and the Atlantic in the distance, Casa Sofia invites you to slow down and experience Tenerife with intention. Time feels gentler here, creating space for rest, reflection, and meaningful connection.

More than a house, Casa Sofia is part of the Almaíso experience, a place to reconnect with nature, others, and yourself.

—

Casa Sofia.

Una de las casas de Almaíso, diseñada con intención para quienes buscan algo más que alojamiento pero un lugar donde la belleza, la presencia y la conexión más profunda se despliegan de forma natural.

Envuelta en la tranquilidad de la finca, con luz entrando por cada rincón y el Atlántico en la distancia, Casa Sofia te invita a desacelerar y vivir Tenerife con conciencia. El tiempo se siente más suave aquí, abriendo espacio para el descanso, la reflexión y la conexión genuina.

Más que una casa, Casa Sofia es parte de la experiencia Almaíso, un lugar para reconectar con la naturaleza, con otros, y contigo mismo.

#almaiso #retiro #retreat #retreatcenter",,8,"06/16/2026 07:25",N/A,https://www.facebook.com/finca.el.drago/posts/pfbid036RZ9tsZ2ZE6VvyK5KRt6FXGyrFHr4EazZ3CbioUxMKKp5dHu2yccSG4aTWfsGkjCl,1,0,Photos,,,,,06/25/2026,0,0,0,0,0,0,0,0,0,0,0,0,0,0,0,0,0,0,,,,,,,,,
1523810712781041,100054563795107,"Almaíso at Finca El Drago","Casa Sofia.

One of the homes at Almaíso, thoughtfully designed for those seeking more than accommodation but a place where beauty, presence, and deeper connection unfold naturally.

Nestled within the tranquility of the finca, with sunlight pouring through every room and the Atlantic in the distance, Casa Sofia invites you to slow down and experience Tenerife with intention. Time feels gentler here, creating space for rest, reflection, and meaningful connection.

More than a house, Casa Sofia is part of the Almaíso experience, a place to reconnect with nature, others, and yourself.

—

Casa Sofia.

Una de las casas de Almaíso, diseñada con intención para quienes buscan algo más que alojamiento pero un lugar donde la belleza, la presencia y la conexión más profunda se despliegan de forma natural.

Envuelta en la tranquilidad de la finca, con luz entrando por cada rincón y el Atlántico en la distancia, Casa Sofia te invita a desacelerar y vivir Tenerife con conciencia. El tiempo se siente más suave aquí, abriendo espacio para el descanso, la reflexión y la conexión genuina.

Más que una casa, Casa Sofia es parte de la experiencia Almaíso, un lugar para reconectar con la naturaleza, con otros, y contigo mismo.

#almaiso #retiro #retreat #retreatcenter",,8,"06/16/2026 07:25",N/A,https://www.facebook.com/finca.el.drago/posts/pfbid036RZ9tsZ2ZE6VvyK5KRt6FXGyrFHr4EazZ3CbioUxMKKp5dHu2yccSG4aTWfsGkjCl,1,0,Photos,,,,,06/26/2026,0,0,0,0,0,0,0,0,0,0,1.033,0,0,0,1.033,0,0,0,,,,,,,,,
1523810712781041,100054563795107,"Almaíso at Finca El Drago","Casa Sofia.

One of the homes at Almaíso, thoughtfully designed for those seeking more than accommodation but a place where beauty, presence, and deeper connection unfold naturally.

Nestled within the tranquility of the finca, with sunlight pouring through every room and the Atlantic in the distance, Casa Sofia invites you to slow down and experience Tenerife with intention. Time feels gentler here, creating space for rest, reflection, and meaningful connection.

More than a house, Casa Sofia is part of the Almaíso experience, a place to reconnect with nature, others, and yourself.

—

Casa Sofia.

Una de las casas de Almaíso, diseñada con intención para quienes buscan algo más que alojamiento pero un lugar donde la belleza, la presencia y la conexión más profunda se despliegan de forma natural.

Envuelta en la tranquilidad de la finca, con luz entrando por cada rincón y el Atlántico en la distancia, Casa Sofia te invita a desacelerar y vivir Tenerife con conciencia. El tiempo se siente más suave aquí, abriendo espacio para el descanso, la reflexión y la conexión genuina.

Más que una casa, Casa Sofia es parte de la experiencia Almaíso, un lugar para reconectar con la naturaleza, con otros, y contigo mismo.

#almaiso #retiro #retreat #retreatcenter",,8,"06/16/2026 07:25",N/A,https://www.facebook.com/finca.el.drago/posts/pfbid036RZ9tsZ2ZE6VvyK5KRt6FXGyrFHr4EazZ3CbioUxMKKp5dHu2yccSG4aTWfsGkjCl,1,0,Photos,,,,,06/27/2026,0,0,0,0,0,0,0,0,0,0,0,0,0,0,0,0,0,0,,,,,,,,,
1523810712781041,100054563795107,"Almaíso at Finca El Drago","Casa Sofia.

One of the homes at Almaíso, thoughtfully designed for those seeking more than accommodation but a place where beauty, presence, and deeper connection unfold naturally.

Nestled within the tranquility of the finca, with sunlight pouring through every room and the Atlantic in the distance, Casa Sofia invites you to slow down and experience Tenerife with intention. Time feels gentler here, creating space for rest, reflection, and meaningful connection.

More than a house, Casa Sofia is part of the Almaíso experience, a place to reconnect with nature, others, and yourself.

—

Casa Sofia.

Una de las casas de Almaíso, diseñada con intención para quienes buscan algo más que alojamiento pero un lugar donde la belleza, la presencia y la conexión más profunda se despliegan de forma natural.

Envuelta en la tranquilidad de la finca, con luz entrando por cada rincón y el Atlántico en la distancia, Casa Sofia te invita a desacelerar y vivir Tenerife con conciencia. El tiempo se siente más suave aquí, abriendo espacio para el descanso, la reflexión y la conexión genuina.

Más que una casa, Casa Sofia es parte de la experiencia Almaíso, un lugar para reconectar con la naturaleza, con otros, y contigo mismo.

#almaiso #retiro #retreat #retreatcenter",,8,"06/16/2026 07:25",N/A,https://www.facebook.com/finca.el.drago/posts/pfbid036RZ9tsZ2ZE6VvyK5KRt6FXGyrFHr4EazZ3CbioUxMKKp5dHu2yccSG4aTWfsGkjCl,1,0,Photos,,,,,06/28/2026,0,0,0,0,0,0,0,0,0,0,0,0,0,0,0,0,0,0,,,,,,,,,
1523810712781041,100054563795107,"Almaíso at Finca El Drago","Casa Sofia.

One of the homes at Almaíso, thoughtfully designed for those seeking more than accommodation but a place where beauty, presence, and deeper connection unfold naturally.

Nestled within the tranquility of the finca, with sunlight pouring through every room and the Atlantic in the distance, Casa Sofia invites you to slow down and experience Tenerife with intention. Time feels gentler here, creating space for rest, reflection, and meaningful connection.

More than a house, Casa Sofia is part of the Almaíso experience, a place to reconnect with nature, others, and yourself.

—

Casa Sofia.

Una de las casas de Almaíso, diseñada con intención para quienes buscan algo más que alojamiento pero un lugar donde la belleza, la presencia y la conexión más profunda se despliegan de forma natural.

Envuelta en la tranquilidad de la finca, con luz entrando por cada rincón y el Atlántico en la distancia, Casa Sofia te invita a desacelerar y vivir Tenerife con conciencia. El tiempo se siente más suave aquí, abriendo espacio para el descanso, la reflexión y la conexión genuina.

Más que una casa, Casa Sofia es parte de la experiencia Almaíso, un lugar para reconectar con la naturaleza, con otros, y contigo mismo.

#almaiso #retiro #retreat #retreatcenter",,8,"06/16/2026 07:25",N/A,https://www.facebook.com/finca.el.drago/posts/pfbid036RZ9tsZ2ZE6VvyK5KRt6FXGyrFHr4EazZ3CbioUxMKKp5dHu2yccSG4aTWfsGkjCl,1,0,Photos,,,,,06/29/2026,0,0,0,0,0,0,0,0,0,0,0,0,0,0,0,0,0,0,,,,,,,,,
1523810712781041,100054563795107,"Almaíso at Finca El Drago","Casa Sofia.

One of the homes at Almaíso, thoughtfully designed for those seeking more than accommodation but a place where beauty, presence, and deeper connection unfold naturally.

Nestled within the tranquility of the finca, with sunlight pouring through every room and the Atlantic in the distance, Casa Sofia invites you to slow down and experience Tenerife with intention. Time feels gentler here, creating space for rest, reflection, and meaningful connection.

More than a house, Casa Sofia is part of the Almaíso experience, a place to reconnect with nature, others, and yourself.

—

Casa Sofia.

Una de las casas de Almaíso, diseñada con intención para quienes buscan algo más que alojamiento pero un lugar donde la belleza, la presencia y la conexión más profunda se despliegan de forma natural.

Envuelta en la tranquilidad de la finca, con luz entrando por cada rincón y el Atlántico en la distancia, Casa Sofia te invita a desacelerar y vivir Tenerife con conciencia. El tiempo se siente más suave aquí, abriendo espacio para el descanso, la reflexión y la conexión genuina.

Más que una casa, Casa Sofia es parte de la experiencia Almaíso, un lugar para reconectar con la naturaleza, con otros, y contigo mismo.

#almaiso #retiro #retreat #retreatcenter",,8,"06/16/2026 07:25",N/A,https://www.facebook.com/finca.el.drago/posts/pfbid036RZ9tsZ2ZE6VvyK5KRt6FXGyrFHr4EazZ3CbioUxMKKp5dHu2yccSG4aTWfsGkjCl,1,0,Photos,,,,,06/30/2026,0,0,0,0,0,0,0,0,0,0,0,0,0,0,0,0,0,0,,,,,,,,,
1520249619803817,100054563795107,"Almaíso at Finca El Drago","Some places stay with us long after we leave.
⠀⠀⠀⠀⠀⠀⠀⠀⠀
Not because of what we did there,
but because of how we felt.
⠀⠀⠀⠀⠀⠀⠀⠀⠀
The light through the trees.
The people around the table.
The quiet moments in between.
⠀⠀⠀⠀⠀⠀⠀⠀⠀
During her time here, @salomes.way became part of the story of this land, and this film carries a few of those memories.
⠀⠀⠀⠀⠀⠀⠀⠀⠀
Perhaps this is the kind of experience your soul has been looking for.
⠀⠀⠀⠀⠀⠀⠀⠀⠀
—
⠀⠀⠀⠀⠀⠀⠀⠀⠀
Hay lugares que permanecen con nosotros mucho después de habernos ido.
⠀⠀⠀⠀⠀⠀⠀⠀⠀
No por lo que hicimos allí,
sino por cómo nos hicieron sentir.
⠀⠀⠀⠀⠀⠀⠀⠀⠀
La luz entre los árboles.
Las personas alrededor de la mesa.
Los momentos de calma entre una cosa y otra.
⠀⠀⠀⠀⠀⠀⠀⠀⠀
Durante su tiempo aquí, @salomes.way pasó a formar parte de la historia de esta tierra, y este pequeño filme guarda algunos de esos recuerdos.
⠀⠀⠀⠀⠀⠀⠀⠀⠀
Quizás esta sea la clase de experiencia que tu alma ha estado buscando.
⠀⠀⠀⠀⠀⠀⠀⠀⠀
#retreatcenter #counciousliving #slowtravel","Some places stay with us long after we leave.
⠀⠀⠀⠀⠀⠀⠀⠀⠀
Not because of what we did there,
but because of how we felt.
⠀⠀⠀⠀⠀⠀⠀⠀⠀
The light through the trees.
The people around the table.
The quiet moments in between.
⠀⠀⠀⠀⠀⠀⠀⠀⠀
During her time here, @salomes.way became part of the story of this land, and this film carries a few of those memories.
⠀⠀⠀⠀⠀⠀⠀⠀⠀
Perhaps this is the kind of experience your soul has been looking for.
⠀⠀⠀⠀⠀⠀⠀⠀⠀
—
⠀⠀⠀⠀⠀⠀⠀⠀⠀
Hay lugares que permanecen con nosotros mucho después de habernos ido.
⠀⠀⠀⠀⠀⠀⠀⠀⠀
No por lo que hicimos allí,
sino por cómo nos hicieron sentir.
⠀⠀⠀⠀⠀⠀⠀⠀⠀
La luz entre los árboles.
Las personas alrededor de la mesa.
Los momentos de calma entre una cosa y otra.
⠀⠀⠀⠀⠀⠀⠀⠀⠀
Durante su tiempo aquí, @salomes.way pasó a formar parte de la historia de esta tierra, y este pequeño filme guarda algunos de esos recuerdos.
⠀⠀⠀⠀⠀⠀⠀⠀⠀
Quizás esta sea la clase de experiencia que tu alma ha estado buscando.
⠀⠀⠀⠀⠀⠀⠀⠀⠀
#retreatcenter #counciousliving #slowtravel",11,"06/12/2026 02:45",N/A,https://www.facebook.com/reel/1752963345722810/,1,0,Videos,,,,,06/01/2026,0,0,0,0,0,0,0,0,0,0,0,0,0,0,0,0,0,0,0,0,0,0,0,0,0,0,0
1520249619803817,100054563795107,"Almaíso at Finca El Drago","Some places stay with us long after we leave.
⠀⠀⠀⠀⠀⠀⠀⠀⠀
Not because of what we did there,
but because of how we felt.
⠀⠀⠀⠀⠀⠀⠀⠀⠀
The light through the trees.
The people around the table.
The quiet moments in between.
⠀⠀⠀⠀⠀⠀⠀⠀⠀
During her time here, @salomes.way became part of the story of this land, and this film carries a few of those memories.
⠀⠀⠀⠀⠀⠀⠀⠀⠀
Perhaps this is the kind of experience your soul has been looking for.
⠀⠀⠀⠀⠀⠀⠀⠀⠀
—
⠀⠀⠀⠀⠀⠀⠀⠀⠀
Hay lugares que permanecen con nosotros mucho después de habernos ido.
⠀⠀⠀⠀⠀⠀⠀⠀⠀
No por lo que hicimos allí,
sino por cómo nos hicieron sentir.
⠀⠀⠀⠀⠀⠀⠀⠀⠀
La luz entre los árboles.
Las personas alrededor de la mesa.
Los momentos de calma entre una cosa y otra.
⠀⠀⠀⠀⠀⠀⠀⠀⠀
Durante su tiempo aquí, @salomes.way pasó a formar parte de la historia de esta tierra, y este pequeño filme guarda algunos de esos recuerdos.
⠀⠀⠀⠀⠀⠀⠀⠀⠀
Quizás esta sea la clase de experiencia que tu alma ha estado buscando.
⠀⠀⠀⠀⠀⠀⠀⠀⠀
#retreatcenter #counciousliving #slowtravel","Some places stay with us long after we leave.
⠀⠀⠀⠀⠀⠀⠀⠀⠀
Not because of what we did there,
but because of how we felt.
⠀⠀⠀⠀⠀⠀⠀⠀⠀
The light through the trees.
The people around the table.
The quiet moments in between.
⠀⠀⠀⠀⠀⠀⠀⠀⠀
During her time here, @salomes.way became part of the story of this land, and this film carries a few of those memories.
⠀⠀⠀⠀⠀⠀⠀⠀⠀
Perhaps this is the kind of experience your soul has been looking for.
⠀⠀⠀⠀⠀⠀⠀⠀⠀
—
⠀⠀⠀⠀⠀⠀⠀⠀⠀
Hay lugares que permanecen con nosotros mucho después de habernos ido.
⠀⠀⠀⠀⠀⠀⠀⠀⠀
No por lo que hicimos allí,
sino por cómo nos hicieron sentir.
⠀⠀⠀⠀⠀⠀⠀⠀⠀
La luz entre los árboles.
Las personas alrededor de la mesa.
Los momentos de calma entre una cosa y otra.
⠀⠀⠀⠀⠀⠀⠀⠀⠀
Durante su tiempo aquí, @salomes.way pasó a formar parte de la historia de esta tierra, y este pequeño filme guarda algunos de esos recuerdos.
⠀⠀⠀⠀⠀⠀⠀⠀⠀
Quizás esta sea la clase de experiencia que tu alma ha estado buscando.
⠀⠀⠀⠀⠀⠀⠀⠀⠀
#retreatcenter #counciousliving #slowtravel",11,"06/12/2026 02:45",N/A,https://www.facebook.com/reel/1752963345722810/,1,0,Videos,,,,,06/02/2026,0,0,0,0,0,0,0,0,0,0,0,0,0,0,0,0,0,0,0,0,0,0,0,0,0,0,0
1520249619803817,100054563795107,"Almaíso at Finca El Drago","Some places stay with us long after we leave.
⠀⠀⠀⠀⠀⠀⠀⠀⠀
Not because of what we did there,
but because of how we felt.
⠀⠀⠀⠀⠀⠀⠀⠀⠀
The light through the trees.
The people around the table.
The quiet moments in between.
⠀⠀⠀⠀⠀⠀⠀⠀⠀
During her time here, @salomes.way became part of the story of this land, and this film carries a few of those memories.
⠀⠀⠀⠀⠀⠀⠀⠀⠀
Perhaps this is the kind of experience your soul has been looking for.
⠀⠀⠀⠀⠀⠀⠀⠀⠀
—
⠀⠀⠀⠀⠀⠀⠀⠀⠀
Hay lugares que permanecen con nosotros mucho después de habernos ido.
⠀⠀⠀⠀⠀⠀⠀⠀⠀
No por lo que hicimos allí,
sino por cómo nos hicieron sentir.
⠀⠀⠀⠀⠀⠀⠀⠀⠀
La luz entre los árboles.
Las personas alrededor de la mesa.
Los momentos de calma entre una cosa y otra.
⠀⠀⠀⠀⠀⠀⠀⠀⠀
Durante su tiempo aquí, @salomes.way pasó a formar parte de la historia de esta tierra, y este pequeño filme guarda algunos de esos recuerdos.
⠀⠀⠀⠀⠀⠀⠀⠀⠀
Quizás esta sea la clase de experiencia que tu alma ha estado buscando.
⠀⠀⠀⠀⠀⠀⠀⠀⠀
#retreatcenter #counciousliving #slowtravel","Some places stay with us long after we leave.
⠀⠀⠀⠀⠀⠀⠀⠀⠀
Not because of what we did there,
but because of how we felt.
⠀⠀⠀⠀⠀⠀⠀⠀⠀
The light through the trees.
The people around the table.
The quiet moments in between.
⠀⠀⠀⠀⠀⠀⠀⠀⠀
During her time here, @salomes.way became part of the story of this land, and this film carries a few of those memories.
⠀⠀⠀⠀⠀⠀⠀⠀⠀
Perhaps this is the kind of experience your soul has been looking for.
⠀⠀⠀⠀⠀⠀⠀⠀⠀
—
⠀⠀⠀⠀⠀⠀⠀⠀⠀
Hay lugares que permanecen con nosotros mucho después de habernos ido.
⠀⠀⠀⠀⠀⠀⠀⠀⠀
No por lo que hicimos allí,
sino por cómo nos hicieron sentir.
⠀⠀⠀⠀⠀⠀⠀⠀⠀
La luz entre los árboles.
Las personas alrededor de la mesa.
Los momentos de calma entre una cosa y otra.
⠀⠀⠀⠀⠀⠀⠀⠀⠀
Durante su tiempo aquí, @salomes.way pasó a formar parte de la historia de esta tierra, y este pequeño filme guarda algunos de esos recuerdos.
⠀⠀⠀⠀⠀⠀⠀⠀⠀
Quizás esta sea la clase de experiencia que tu alma ha estado buscando.
⠀⠀⠀⠀⠀⠀⠀⠀⠀
#retreatcenter #counciousliving #slowtravel",11,"06/12/2026 02:45",N/A,https://www.facebook.com/reel/1752963345722810/,1,0,Videos,,,,,06/03/2026,0,0,0,0,0,0,0,0,0,0,0,0,0,0,0,0,0,0,0,0,0,0,0,0,0,0,0
1520249619803817,100054563795107,"Almaíso at Finca El Drago","Some places stay with us long after we leave.
⠀⠀⠀⠀⠀⠀⠀⠀⠀
Not because of what we did there,
but because of how we felt.
⠀⠀⠀⠀⠀⠀⠀⠀⠀
The light through the trees.
The people around the table.
The quiet moments in between.
⠀⠀⠀⠀⠀⠀⠀⠀⠀
During her time here, @salomes.way became part of the story of this land, and this film carries a few of those memories.
⠀⠀⠀⠀⠀⠀⠀⠀⠀
Perhaps this is the kind of experience your soul has been looking for.
⠀⠀⠀⠀⠀⠀⠀⠀⠀
—
⠀⠀⠀⠀⠀⠀⠀⠀⠀
Hay lugares que permanecen con nosotros mucho después de habernos ido.
⠀⠀⠀⠀⠀⠀⠀⠀⠀
No por lo que hicimos allí,
sino por cómo nos hicieron sentir.
⠀⠀⠀⠀⠀⠀⠀⠀⠀
La luz entre los árboles.
Las personas alrededor de la mesa.
Los momentos de calma entre una cosa y otra.
⠀⠀⠀⠀⠀⠀⠀⠀⠀
Durante su tiempo aquí, @salomes.way pasó a formar parte de la historia de esta tierra, y este pequeño filme guarda algunos de esos recuerdos.
⠀⠀⠀⠀⠀⠀⠀⠀⠀
Quizás esta sea la clase de experiencia que tu alma ha estado buscando.
⠀⠀⠀⠀⠀⠀⠀⠀⠀
#retreatcenter #counciousliving #slowtravel","Some places stay with us long after we leave.
⠀⠀⠀⠀⠀⠀⠀⠀⠀
Not because of what we did there,
but because of how we felt.
⠀⠀⠀⠀⠀⠀⠀⠀⠀
The light through the trees.
The people around the table.
The quiet moments in between.
⠀⠀⠀⠀⠀⠀⠀⠀⠀
During her time here, @salomes.way became part of the story of this land, and this film carries a few of those memories.
⠀⠀⠀⠀⠀⠀⠀⠀⠀
Perhaps this is the kind of experience your soul has been looking for.
⠀⠀⠀⠀⠀⠀⠀⠀⠀
—
⠀⠀⠀⠀⠀⠀⠀⠀⠀
Hay lugares que permanecen con nosotros mucho después de habernos ido.
⠀⠀⠀⠀⠀⠀⠀⠀⠀
No por lo que hicimos allí,
sino por cómo nos hicieron sentir.
⠀⠀⠀⠀⠀⠀⠀⠀⠀
La luz entre los árboles.
Las personas alrededor de la mesa.
Los momentos de calma entre una cosa y otra.
⠀⠀⠀⠀⠀⠀⠀⠀⠀
Durante su tiempo aquí, @salomes.way pasó a formar parte de la historia de esta tierra, y este pequeño filme guarda algunos de esos recuerdos.
⠀⠀⠀⠀⠀⠀⠀⠀⠀
Quizás esta sea la clase de experiencia que tu alma ha estado buscando.
⠀⠀⠀⠀⠀⠀⠀⠀⠀
#retreatcenter #counciousliving #slowtravel",11,"06/12/2026 02:45",N/A,https://www.facebook.com/reel/1752963345722810/,1,0,Videos,,,,,06/04/2026,0,0,0,0,0,0,0,0,0,0,0,0,0,0,0,0,0,0,0,0,0,0,0,0,0,0,0
1520249619803817,100054563795107,"Almaíso at Finca El Drago","Some places stay with us long after we leave.
⠀⠀⠀⠀⠀⠀⠀⠀⠀
Not because of what we did there,
but because of how we felt.
⠀⠀⠀⠀⠀⠀⠀⠀⠀
The light through the trees.
The people around the table.
The quiet moments in between.
⠀⠀⠀⠀⠀⠀⠀⠀⠀
During her time here, @salomes.way became part of the story of this land, and this film carries a few of those memories.
⠀⠀⠀⠀⠀⠀⠀⠀⠀
Perhaps this is the kind of experience your soul has been looking for.
⠀⠀⠀⠀⠀⠀⠀⠀⠀
—
⠀⠀⠀⠀⠀⠀⠀⠀⠀
Hay lugares que permanecen con nosotros mucho después de habernos ido.
⠀⠀⠀⠀⠀⠀⠀⠀⠀
No por lo que hicimos allí,
sino por cómo nos hicieron sentir.
⠀⠀⠀⠀⠀⠀⠀⠀⠀
La luz entre los árboles.
Las personas alrededor de la mesa.
Los momentos de calma entre una cosa y otra.
⠀⠀⠀⠀⠀⠀⠀⠀⠀
Durante su tiempo aquí, @salomes.way pasó a formar parte de la historia de esta tierra, y este pequeño filme guarda algunos de esos recuerdos.
⠀⠀⠀⠀⠀⠀⠀⠀⠀
Quizás esta sea la clase de experiencia que tu alma ha estado buscando.
⠀⠀⠀⠀⠀⠀⠀⠀⠀
#retreatcenter #counciousliving #slowtravel","Some places stay with us long after we leave.
⠀⠀⠀⠀⠀⠀⠀⠀⠀
Not because of what we did there,
but because of how we felt.
⠀⠀⠀⠀⠀⠀⠀⠀⠀
The light through the trees.
The people around the table.
The quiet moments in between.
⠀⠀⠀⠀⠀⠀⠀⠀⠀
During her time here, @salomes.way became part of the story of this land, and this film carries a few of those memories.
⠀⠀⠀⠀⠀⠀⠀⠀⠀
Perhaps this is the kind of experience your soul has been looking for.
⠀⠀⠀⠀⠀⠀⠀⠀⠀
—
⠀⠀⠀⠀⠀⠀⠀⠀⠀
Hay lugares que permanecen con nosotros mucho después de habernos ido.
⠀⠀⠀⠀⠀⠀⠀⠀⠀
No por lo que hicimos allí,
sino por cómo nos hicieron sentir.
⠀⠀⠀⠀⠀⠀⠀⠀⠀
La luz entre los árboles.
Las personas alrededor de la mesa.
Los momentos de calma entre una cosa y otra.
⠀⠀⠀⠀⠀⠀⠀⠀⠀
Durante su tiempo aquí, @salomes.way pasó a formar parte de la historia de esta tierra, y este pequeño filme guarda algunos de esos recuerdos.
⠀⠀⠀⠀⠀⠀⠀⠀⠀
Quizás esta sea la clase de experiencia que tu alma ha estado buscando.
⠀⠀⠀⠀⠀⠀⠀⠀⠀
#retreatcenter #counciousliving #slowtravel",11,"06/12/2026 02:45",N/A,https://www.facebook.com/reel/1752963345722810/,1,0,Videos,,,,,06/05/2026,0,0,0,0,0,0,0,0,0,0,0,0,0,0,0,0,0,0,0,0,0,0,0,0,0,0,0
1520249619803817,100054563795107,"Almaíso at Finca El Drago","Some places stay with us long after we leave.
⠀⠀⠀⠀⠀⠀⠀⠀⠀
Not because of what we did there,
but because of how we felt.
⠀⠀⠀⠀⠀⠀⠀⠀⠀
The light through the trees.
The people around the table.
The quiet moments in between.
⠀⠀⠀⠀⠀⠀⠀⠀⠀
During her time here, @salomes.way became part of the story of this land, and this film carries a few of those memories.
⠀⠀⠀⠀⠀⠀⠀⠀⠀
Perhaps this is the kind of experience your soul has been looking for.
⠀⠀⠀⠀⠀⠀⠀⠀⠀
—
⠀⠀⠀⠀⠀⠀⠀⠀⠀
Hay lugares que permanecen con nosotros mucho después de habernos ido.
⠀⠀⠀⠀⠀⠀⠀⠀⠀
No por lo que hicimos allí,
sino por cómo nos hicieron sentir.
⠀⠀⠀⠀⠀⠀⠀⠀⠀
La luz entre los árboles.
Las personas alrededor de la mesa.
Los momentos de calma entre una cosa y otra.
⠀⠀⠀⠀⠀⠀⠀⠀⠀
Durante su tiempo aquí, @salomes.way pasó a formar parte de la historia de esta tierra, y este pequeño filme guarda algunos de esos recuerdos.
⠀⠀⠀⠀⠀⠀⠀⠀⠀
Quizás esta sea la clase de experiencia que tu alma ha estado buscando.
⠀⠀⠀⠀⠀⠀⠀⠀⠀
#retreatcenter #counciousliving #slowtravel","Some places stay with us long after we leave.
⠀⠀⠀⠀⠀⠀⠀⠀⠀
Not because of what we did there,
but because of how we felt.
⠀⠀⠀⠀⠀⠀⠀⠀⠀
The light through the trees.
The people around the table.
The quiet moments in between.
⠀⠀⠀⠀⠀⠀⠀⠀⠀
During her time here, @salomes.way became part of the story of this land, and this film carries a few of those memories.
⠀⠀⠀⠀⠀⠀⠀⠀⠀
Perhaps this is the kind of experience your soul has been looking for.
⠀⠀⠀⠀⠀⠀⠀⠀⠀
—
⠀⠀⠀⠀⠀⠀⠀⠀⠀
Hay lugares que permanecen con nosotros mucho después de habernos ido.
⠀⠀⠀⠀⠀⠀⠀⠀⠀
No por lo que hicimos allí,
sino por cómo nos hicieron sentir.
⠀⠀⠀⠀⠀⠀⠀⠀⠀
La luz entre los árboles.
Las personas alrededor de la mesa.
Los momentos de calma entre una cosa y otra.
⠀⠀⠀⠀⠀⠀⠀⠀⠀
Durante su tiempo aquí, @salomes.way pasó a formar parte de la historia de esta tierra, y este pequeño filme guarda algunos de esos recuerdos.
⠀⠀⠀⠀⠀⠀⠀⠀⠀
Quizás esta sea la clase de experiencia que tu alma ha estado buscando.
⠀⠀⠀⠀⠀⠀⠀⠀⠀
#retreatcenter #counciousliving #slowtravel",11,"06/12/2026 02:45",N/A,https://www.facebook.com/reel/1752963345722810/,1,0,Videos,,,,,06/06/2026,0,0,0,0,0,0,0,0,0,0,0,0,0,0,0,0,0,0,0,0,0,0,0,0,0,0,0
1520249619803817,100054563795107,"Almaíso at Finca El Drago","Some places stay with us long after we leave.
⠀⠀⠀⠀⠀⠀⠀⠀⠀
Not because of what we did there,
but because of how we felt.
⠀⠀⠀⠀⠀⠀⠀⠀⠀
The light through the trees.
The people around the table.
The quiet moments in between.
⠀⠀⠀⠀⠀⠀⠀⠀⠀
During her time here, @salomes.way became part of the story of this land, and this film carries a few of those memories.
⠀⠀⠀⠀⠀⠀⠀⠀⠀
Perhaps this is the kind of experience your soul has been looking for.
⠀⠀⠀⠀⠀⠀⠀⠀⠀
—
⠀⠀⠀⠀⠀⠀⠀⠀⠀
Hay lugares que permanecen con nosotros mucho después de habernos ido.
⠀⠀⠀⠀⠀⠀⠀⠀⠀
No por lo que hicimos allí,
sino por cómo nos hicieron sentir.
⠀⠀⠀⠀⠀⠀⠀⠀⠀
La luz entre los árboles.
Las personas alrededor de la mesa.
Los momentos de calma entre una cosa y otra.
⠀⠀⠀⠀⠀⠀⠀⠀⠀
Durante su tiempo aquí, @salomes.way pasó a formar parte de la historia de esta tierra, y este pequeño filme guarda algunos de esos recuerdos.
⠀⠀⠀⠀⠀⠀⠀⠀⠀
Quizás esta sea la clase de experiencia que tu alma ha estado buscando.
⠀⠀⠀⠀⠀⠀⠀⠀⠀
#retreatcenter #counciousliving #slowtravel","Some places stay with us long after we leave.
⠀⠀⠀⠀⠀⠀⠀⠀⠀
Not because of what we did there,
but because of how we felt.
⠀⠀⠀⠀⠀⠀⠀⠀⠀
The light through the trees.
The people around the table.
The quiet moments in between.
⠀⠀⠀⠀⠀⠀⠀⠀⠀
During her time here, @salomes.way became part of the story of this land, and this film carries a few of those memories.
⠀⠀⠀⠀⠀⠀⠀⠀⠀
Perhaps this is the kind of experience your soul has been looking for.
⠀⠀⠀⠀⠀⠀⠀⠀⠀
—
⠀⠀⠀⠀⠀⠀⠀⠀⠀
Hay lugares que permanecen con nosotros mucho después de habernos ido.
⠀⠀⠀⠀⠀⠀⠀⠀⠀
No por lo que hicimos allí,
sino por cómo nos hicieron sentir.
⠀⠀⠀⠀⠀⠀⠀⠀⠀
La luz entre los árboles.
Las personas alrededor de la mesa.
Los momentos de calma entre una cosa y otra.
⠀⠀⠀⠀⠀⠀⠀⠀⠀
Durante su tiempo aquí, @salomes.way pasó a formar parte de la historia de esta tierra, y este pequeño filme guarda algunos de esos recuerdos.
⠀⠀⠀⠀⠀⠀⠀⠀⠀
Quizás esta sea la clase de experiencia que tu alma ha estado buscando.
⠀⠀⠀⠀⠀⠀⠀⠀⠀
#retreatcenter #counciousliving #slowtravel",11,"06/12/2026 02:45",N/A,https://www.facebook.com/reel/1752963345722810/,1,0,Videos,,,,,06/07/2026,0,0,0,0,0,0,0,0,0,0,0,0,0,0,0,0,0,0,0,0,0,0,0,0,0,0,0
1520249619803817,100054563795107,"Almaíso at Finca El Drago","Some places stay with us long after we leave.
⠀⠀⠀⠀⠀⠀⠀⠀⠀
Not because of what we did there,
but because of how we felt.
⠀⠀⠀⠀⠀⠀⠀⠀⠀
The light through the trees.
The people around the table.
The quiet moments in between.
⠀⠀⠀⠀⠀⠀⠀⠀⠀
During her time here, @salomes.way became part of the story of this land, and this film carries a few of those memories.
⠀⠀⠀⠀⠀⠀⠀⠀⠀
Perhaps this is the kind of experience your soul has been looking for.
⠀⠀⠀⠀⠀⠀⠀⠀⠀
—
⠀⠀⠀⠀⠀⠀⠀⠀⠀
Hay lugares que permanecen con nosotros mucho después de habernos ido.
⠀⠀⠀⠀⠀⠀⠀⠀⠀
No por lo que hicimos allí,
sino por cómo nos hicieron sentir.
⠀⠀⠀⠀⠀⠀⠀⠀⠀
La luz entre los árboles.
Las personas alrededor de la mesa.
Los momentos de calma entre una cosa y otra.
⠀⠀⠀⠀⠀⠀⠀⠀⠀
Durante su tiempo aquí, @salomes.way pasó a formar parte de la historia de esta tierra, y este pequeño filme guarda algunos de esos recuerdos.
⠀⠀⠀⠀⠀⠀⠀⠀⠀
Quizás esta sea la clase de experiencia que tu alma ha estado buscando.
⠀⠀⠀⠀⠀⠀⠀⠀⠀
#retreatcenter #counciousliving #slowtravel","Some places stay with us long after we leave.
⠀⠀⠀⠀⠀⠀⠀⠀⠀
Not because of what we did there,
but because of how we felt.
⠀⠀⠀⠀⠀⠀⠀⠀⠀
The light through the trees.
The people around the table.
The quiet moments in between.
⠀⠀⠀⠀⠀⠀⠀⠀⠀
During her time here, @salomes.way became part of the story of this land, and this film carries a few of those memories.
⠀⠀⠀⠀⠀⠀⠀⠀⠀
Perhaps this is the kind of experience your soul has been looking for.
⠀⠀⠀⠀⠀⠀⠀⠀⠀
—
⠀⠀⠀⠀⠀⠀⠀⠀⠀
Hay lugares que permanecen con nosotros mucho después de habernos ido.
⠀⠀⠀⠀⠀⠀⠀⠀⠀
No por lo que hicimos allí,
sino por cómo nos hicieron sentir.
⠀⠀⠀⠀⠀⠀⠀⠀⠀
La luz entre los árboles.
Las personas alrededor de la mesa.
Los momentos de calma entre una cosa y otra.
⠀⠀⠀⠀⠀⠀⠀⠀⠀
Durante su tiempo aquí, @salomes.way pasó a formar parte de la historia de esta tierra, y este pequeño filme guarda algunos de esos recuerdos.
⠀⠀⠀⠀⠀⠀⠀⠀⠀
Quizás esta sea la clase de experiencia que tu alma ha estado buscando.
⠀⠀⠀⠀⠀⠀⠀⠀⠀
#retreatcenter #counciousliving #slowtravel",11,"06/12/2026 02:45",N/A,https://www.facebook.com/reel/1752963345722810/,1,0,Videos,,,,,06/08/2026,0,0,0,0,0,0,0,0,0,0,0,0,0,0,0,0,0,0,0,0,0,0,0,0,0,0,0
1520249619803817,100054563795107,"Almaíso at Finca El Drago","Some places stay with us long after we leave.
⠀⠀⠀⠀⠀⠀⠀⠀⠀
Not because of what we did there,
but because of how we felt.
⠀⠀⠀⠀⠀⠀⠀⠀⠀
The light through the trees.
The people around the table.
The quiet moments in between.
⠀⠀⠀⠀⠀⠀⠀⠀⠀
During her time here, @salomes.way became part of the story of this land, and this film carries a few of those memories.
⠀⠀⠀⠀⠀⠀⠀⠀⠀
Perhaps this is the kind of experience your soul has been looking for.
⠀⠀⠀⠀⠀⠀⠀⠀⠀
—
⠀⠀⠀⠀⠀⠀⠀⠀⠀
Hay lugares que permanecen con nosotros mucho después de habernos ido.
⠀⠀⠀⠀⠀⠀⠀⠀⠀
No por lo que hicimos allí,
sino por cómo nos hicieron sentir.
⠀⠀⠀⠀⠀⠀⠀⠀⠀
La luz entre los árboles.
Las personas alrededor de la mesa.
Los momentos de calma entre una cosa y otra.
⠀⠀⠀⠀⠀⠀⠀⠀⠀
Durante su tiempo aquí, @salomes.way pasó a formar parte de la historia de esta tierra, y este pequeño filme guarda algunos de esos recuerdos.
⠀⠀⠀⠀⠀⠀⠀⠀⠀
Quizás esta sea la clase de experiencia que tu alma ha estado buscando.
⠀⠀⠀⠀⠀⠀⠀⠀⠀
#retreatcenter #counciousliving #slowtravel","Some places stay with us long after we leave.
⠀⠀⠀⠀⠀⠀⠀⠀⠀
Not because of what we did there,
but because of how we felt.
⠀⠀⠀⠀⠀⠀⠀⠀⠀
The light through the trees.
The people around the table.
The quiet moments in between.
⠀⠀⠀⠀⠀⠀⠀⠀⠀
During her time here, @salomes.way became part of the story of this land, and this film carries a few of those memories.
⠀⠀⠀⠀⠀⠀⠀⠀⠀
Perhaps this is the kind of experience your soul has been looking for.
⠀⠀⠀⠀⠀⠀⠀⠀⠀
—
⠀⠀⠀⠀⠀⠀⠀⠀⠀
Hay lugares que permanecen con nosotros mucho después de habernos ido.
⠀⠀⠀⠀⠀⠀⠀⠀⠀
No por lo que hicimos allí,
sino por cómo nos hicieron sentir.
⠀⠀⠀⠀⠀⠀⠀⠀⠀
La luz entre los árboles.
Las personas alrededor de la mesa.
Los momentos de calma entre una cosa y otra.
⠀⠀⠀⠀⠀⠀⠀⠀⠀
Durante su tiempo aquí, @salomes.way pasó a formar parte de la historia de esta tierra, y este pequeño filme guarda algunos de esos recuerdos.
⠀⠀⠀⠀⠀⠀⠀⠀⠀
Quizás esta sea la clase de experiencia que tu alma ha estado buscando.
⠀⠀⠀⠀⠀⠀⠀⠀⠀
#retreatcenter #counciousliving #slowtravel",11,"06/12/2026 02:45",N/A,https://www.facebook.com/reel/1752963345722810/,1,0,Videos,,,,,06/09/2026,0,0,0,0,0,0,0,0,0,0,0,0,0,0,0,0,0,0,0,0,0,0,0,0,0,0,0
1520249619803817,100054563795107,"Almaíso at Finca El Drago","Some places stay with us long after we leave.
⠀⠀⠀⠀⠀⠀⠀⠀⠀
Not because of what we did there,
but because of how we felt.
⠀⠀⠀⠀⠀⠀⠀⠀⠀
The light through the trees.
The people around the table.
The quiet moments in between.
⠀⠀⠀⠀⠀⠀⠀⠀⠀
During her time here, @salomes.way became part of the story of this land, and this film carries a few of those memories.
⠀⠀⠀⠀⠀⠀⠀⠀⠀
Perhaps this is the kind of experience your soul has been looking for.
⠀⠀⠀⠀⠀⠀⠀⠀⠀
—
⠀⠀⠀⠀⠀⠀⠀⠀⠀
Hay lugares que permanecen con nosotros mucho después de habernos ido.
⠀⠀⠀⠀⠀⠀⠀⠀⠀
No por lo que hicimos allí,
sino por cómo nos hicieron sentir.
⠀⠀⠀⠀⠀⠀⠀⠀⠀
La luz entre los árboles.
Las personas alrededor de la mesa.
Los momentos de calma entre una cosa y otra.
⠀⠀⠀⠀⠀⠀⠀⠀⠀
Durante su tiempo aquí, @salomes.way pasó a formar parte de la historia de esta tierra, y este pequeño filme guarda algunos de esos recuerdos.
⠀⠀⠀⠀⠀⠀⠀⠀⠀
Quizás esta sea la clase de experiencia que tu alma ha estado buscando.
⠀⠀⠀⠀⠀⠀⠀⠀⠀
#retreatcenter #counciousliving #slowtravel","Some places stay with us long after we leave.
⠀⠀⠀⠀⠀⠀⠀⠀⠀
Not because of what we did there,
but because of how we felt.
⠀⠀⠀⠀⠀⠀⠀⠀⠀
The light through the trees.
The people around the table.
The quiet moments in between.
⠀⠀⠀⠀⠀⠀⠀⠀⠀
During her time here, @salomes.way became part of the story of this land, and this film carries a few of those memories.
⠀⠀⠀⠀⠀⠀⠀⠀⠀
Perhaps this is the kind of experience your soul has been looking for.
⠀⠀⠀⠀⠀⠀⠀⠀⠀
—
⠀⠀⠀⠀⠀⠀⠀⠀⠀
Hay lugares que permanecen con nosotros mucho después de habernos ido.
⠀⠀⠀⠀⠀⠀⠀⠀⠀
No por lo que hicimos allí,
sino por cómo nos hicieron sentir.
⠀⠀⠀⠀⠀⠀⠀⠀⠀
La luz entre los árboles.
Las personas alrededor de la mesa.
Los momentos de calma entre una cosa y otra.
⠀⠀⠀⠀⠀⠀⠀⠀⠀
Durante su tiempo aquí, @salomes.way pasó a formar parte de la historia de esta tierra, y este pequeño filme guarda algunos de esos recuerdos.
⠀⠀⠀⠀⠀⠀⠀⠀⠀
Quizás esta sea la clase de experiencia que tu alma ha estado buscando.
⠀⠀⠀⠀⠀⠀⠀⠀⠀
#retreatcenter #counciousliving #slowtravel",11,"06/12/2026 02:45",N/A,https://www.facebook.com/reel/1752963345722810/,1,0,Videos,,,,,06/10/2026,0,0,0,0,0,0,0,0,0,0,0,0,0,0,0,0,0,0,0,0,0,0,0,0,0,0,0
1520249619803817,100054563795107,"Almaíso at Finca El Drago","Some places stay with us long after we leave.
⠀⠀⠀⠀⠀⠀⠀⠀⠀
Not because of what we did there,
but because of how we felt.
⠀⠀⠀⠀⠀⠀⠀⠀⠀
The light through the trees.
The people around the table.
The quiet moments in between.
⠀⠀⠀⠀⠀⠀⠀⠀⠀
During her time here, @salomes.way became part of the story of this land, and this film carries a few of those memories.
⠀⠀⠀⠀⠀⠀⠀⠀⠀
Perhaps this is the kind of experience your soul has been looking for.
⠀⠀⠀⠀⠀⠀⠀⠀⠀
—
⠀⠀⠀⠀⠀⠀⠀⠀⠀
Hay lugares que permanecen con nosotros mucho después de habernos ido.
⠀⠀⠀⠀⠀⠀⠀⠀⠀
No por lo que hicimos allí,
sino por cómo nos hicieron sentir.
⠀⠀⠀⠀⠀⠀⠀⠀⠀
La luz entre los árboles.
Las personas alrededor de la mesa.
Los momentos de calma entre una cosa y otra.
⠀⠀⠀⠀⠀⠀⠀⠀⠀
Durante su tiempo aquí, @salomes.way pasó a formar parte de la historia de esta tierra, y este pequeño filme guarda algunos de esos recuerdos.
⠀⠀⠀⠀⠀⠀⠀⠀⠀
Quizás esta sea la clase de experiencia que tu alma ha estado buscando.
⠀⠀⠀⠀⠀⠀⠀⠀⠀
#retreatcenter #counciousliving #slowtravel","Some places stay with us long after we leave.
⠀⠀⠀⠀⠀⠀⠀⠀⠀
Not because of what we did there,
but because of how we felt.
⠀⠀⠀⠀⠀⠀⠀⠀⠀
The light through the trees.
The people around the table.
The quiet moments in between.
⠀⠀⠀⠀⠀⠀⠀⠀⠀
During her time here, @salomes.way became part of the story of this land, and this film carries a few of those memories.
⠀⠀⠀⠀⠀⠀⠀⠀⠀
Perhaps this is the kind of experience your soul has been looking for.
⠀⠀⠀⠀⠀⠀⠀⠀⠀
—
⠀⠀⠀⠀⠀⠀⠀⠀⠀
Hay lugares que permanecen con nosotros mucho después de habernos ido.
⠀⠀⠀⠀⠀⠀⠀⠀⠀
No por lo que hicimos allí,
sino por cómo nos hicieron sentir.
⠀⠀⠀⠀⠀⠀⠀⠀⠀
La luz entre los árboles.
Las personas alrededor de la mesa.
Los momentos de calma entre una cosa y otra.
⠀⠀⠀⠀⠀⠀⠀⠀⠀
Durante su tiempo aquí, @salomes.way pasó a formar parte de la historia de esta tierra, y este pequeño filme guarda algunos de esos recuerdos.
⠀⠀⠀⠀⠀⠀⠀⠀⠀
Quizás esta sea la clase de experiencia que tu alma ha estado buscando.
⠀⠀⠀⠀⠀⠀⠀⠀⠀
#retreatcenter #counciousliving #slowtravel",11,"06/12/2026 02:45",N/A,https://www.facebook.com/reel/1752963345722810/,1,0,Videos,,,,,06/11/2026,0,0,0,0,0,0,0,0,0,0,0,0,0,0,0,0,0,0,0,0,0,0,0,0,0,0,0
1520249619803817,100054563795107,"Almaíso at Finca El Drago","Some places stay with us long after we leave.
⠀⠀⠀⠀⠀⠀⠀⠀⠀
Not because of what we did there,
but because of how we felt.
⠀⠀⠀⠀⠀⠀⠀⠀⠀
The light through the trees.
The people around the table.
The quiet moments in between.
⠀⠀⠀⠀⠀⠀⠀⠀⠀
During her time here, @salomes.way became part of the story of this land, and this film carries a few of those memories.
⠀⠀⠀⠀⠀⠀⠀⠀⠀
Perhaps this is the kind of experience your soul has been looking for.
⠀⠀⠀⠀⠀⠀⠀⠀⠀
—
⠀⠀⠀⠀⠀⠀⠀⠀⠀
Hay lugares que permanecen con nosotros mucho después de habernos ido.
⠀⠀⠀⠀⠀⠀⠀⠀⠀
No por lo que hicimos allí,
sino por cómo nos hicieron sentir.
⠀⠀⠀⠀⠀⠀⠀⠀⠀
La luz entre los árboles.
Las personas alrededor de la mesa.
Los momentos de calma entre una cosa y otra.
⠀⠀⠀⠀⠀⠀⠀⠀⠀
Durante su tiempo aquí, @salomes.way pasó a formar parte de la historia de esta tierra, y este pequeño filme guarda algunos de esos recuerdos.
⠀⠀⠀⠀⠀⠀⠀⠀⠀
Quizás esta sea la clase de experiencia que tu alma ha estado buscando.
⠀⠀⠀⠀⠀⠀⠀⠀⠀
#retreatcenter #counciousliving #slowtravel","Some places stay with us long after we leave.
⠀⠀⠀⠀⠀⠀⠀⠀⠀
Not because of what we did there,
but because of how we felt.
⠀⠀⠀⠀⠀⠀⠀⠀⠀
The light through the trees.
The people around the table.
The quiet moments in between.
⠀⠀⠀⠀⠀⠀⠀⠀⠀
During her time here, @salomes.way became part of the story of this land, and this film carries a few of those memories.
⠀⠀⠀⠀⠀⠀⠀⠀⠀
Perhaps this is the kind of experience your soul has been looking for.
⠀⠀⠀⠀⠀⠀⠀⠀⠀
—
⠀⠀⠀⠀⠀⠀⠀⠀⠀
Hay lugares que permanecen con nosotros mucho después de habernos ido.
⠀⠀⠀⠀⠀⠀⠀⠀⠀
No por lo que hicimos allí,
sino por cómo nos hicieron sentir.
⠀⠀⠀⠀⠀⠀⠀⠀⠀
La luz entre los árboles.
Las personas alrededor de la mesa.
Los momentos de calma entre una cosa y otra.
⠀⠀⠀⠀⠀⠀⠀⠀⠀
Durante su tiempo aquí, @salomes.way pasó a formar parte de la historia de esta tierra, y este pequeño filme guarda algunos de esos recuerdos.
⠀⠀⠀⠀⠀⠀⠀⠀⠀
Quizás esta sea la clase de experiencia que tu alma ha estado buscando.
⠀⠀⠀⠀⠀⠀⠀⠀⠀
#retreatcenter #counciousliving #slowtravel",11,"06/12/2026 02:45",N/A,https://www.facebook.com/reel/1752963345722810/,1,0,Videos,,,,,06/12/2026,91,0,70,0,0,91,0,0,0,0,368.941,0,981.377,0,2.184,0,8.922,0,0,0,0,0,1350.318,4.839,0,0,0
1520249619803817,100054563795107,"Almaíso at Finca El Drago","Some places stay with us long after we leave.
⠀⠀⠀⠀⠀⠀⠀⠀⠀
Not because of what we did there,
but because of how we felt.
⠀⠀⠀⠀⠀⠀⠀⠀⠀
The light through the trees.
The people around the table.
The quiet moments in between.
⠀⠀⠀⠀⠀⠀⠀⠀⠀
During her time here, @salomes.way became part of the story of this land, and this film carries a few of those memories.
⠀⠀⠀⠀⠀⠀⠀⠀⠀
Perhaps this is the kind of experience your soul has been looking for.
⠀⠀⠀⠀⠀⠀⠀⠀⠀
—
⠀⠀⠀⠀⠀⠀⠀⠀⠀
Hay lugares que permanecen con nosotros mucho después de habernos ido.
⠀⠀⠀⠀⠀⠀⠀⠀⠀
No por lo que hicimos allí,
sino por cómo nos hicieron sentir.
⠀⠀⠀⠀⠀⠀⠀⠀⠀
La luz entre los árboles.
Las personas alrededor de la mesa.
Los momentos de calma entre una cosa y otra.
⠀⠀⠀⠀⠀⠀⠀⠀⠀
Durante su tiempo aquí, @salomes.way pasó a formar parte de la historia de esta tierra, y este pequeño filme guarda algunos de esos recuerdos.
⠀⠀⠀⠀⠀⠀⠀⠀⠀
Quizás esta sea la clase de experiencia que tu alma ha estado buscando.
⠀⠀⠀⠀⠀⠀⠀⠀⠀
#retreatcenter #counciousliving #slowtravel","Some places stay with us long after we leave.
⠀⠀⠀⠀⠀⠀⠀⠀⠀
Not because of what we did there,
but because of how we felt.
⠀⠀⠀⠀⠀⠀⠀⠀⠀
The light through the trees.
The people around the table.
The quiet moments in between.
⠀⠀⠀⠀⠀⠀⠀⠀⠀
During her time here, @salomes.way became part of the story of this land, and this film carries a few of those memories.
⠀⠀⠀⠀⠀⠀⠀⠀⠀
Perhaps this is the kind of experience your soul has been looking for.
⠀⠀⠀⠀⠀⠀⠀⠀⠀
—
⠀⠀⠀⠀⠀⠀⠀⠀⠀
Hay lugares que permanecen con nosotros mucho después de habernos ido.
⠀⠀⠀⠀⠀⠀⠀⠀⠀
No por lo que hicimos allí,
sino por cómo nos hicieron sentir.
⠀⠀⠀⠀⠀⠀⠀⠀⠀
La luz entre los árboles.
Las personas alrededor de la mesa.
Los momentos de calma entre una cosa y otra.
⠀⠀⠀⠀⠀⠀⠀⠀⠀
Durante su tiempo aquí, @salomes.way pasó a formar parte de la historia de esta tierra, y este pequeño filme guarda algunos de esos recuerdos.
⠀⠀⠀⠀⠀⠀⠀⠀⠀
Quizás esta sea la clase de experiencia que tu alma ha estado buscando.
⠀⠀⠀⠀⠀⠀⠀⠀⠀
#retreatcenter #counciousliving #slowtravel",11,"06/12/2026 02:45",N/A,https://www.facebook.com/reel/1752963345722810/,1,0,Videos,,,,,06/13/2026,6,0,4,0,0,6,0,0,0,0,10.613,0,49.874,0,5.307,0,2.267,0,0,0,0,0,60.487,2.52,0,0,0
1520249619803817,100054563795107,"Almaíso at Finca El Drago","Some places stay with us long after we leave.
⠀⠀⠀⠀⠀⠀⠀⠀⠀
Not because of what we did there,
but because of how we felt.
⠀⠀⠀⠀⠀⠀⠀⠀⠀
The light through the trees.
The people around the table.
The quiet moments in between.
⠀⠀⠀⠀⠀⠀⠀⠀⠀
During her time here, @salomes.way became part of the story of this land, and this film carries a few of those memories.
⠀⠀⠀⠀⠀⠀⠀⠀⠀
Perhaps this is the kind of experience your soul has been looking for.
⠀⠀⠀⠀⠀⠀⠀⠀⠀
—
⠀⠀⠀⠀⠀⠀⠀⠀⠀
Hay lugares que permanecen con nosotros mucho después de habernos ido.
⠀⠀⠀⠀⠀⠀⠀⠀⠀
No por lo que hicimos allí,
sino por cómo nos hicieron sentir.
⠀⠀⠀⠀⠀⠀⠀⠀⠀
La luz entre los árboles.
Las personas alrededor de la mesa.
Los momentos de calma entre una cosa y otra.
⠀⠀⠀⠀⠀⠀⠀⠀⠀
Durante su tiempo aquí, @salomes.way pasó a formar parte de la historia de esta tierra, y este pequeño filme guarda algunos de esos recuerdos.
⠀⠀⠀⠀⠀⠀⠀⠀⠀
Quizás esta sea la clase de experiencia que tu alma ha estado buscando.
⠀⠀⠀⠀⠀⠀⠀⠀⠀
#retreatcenter #counciousliving #slowtravel","Some places stay with us long after we leave.
⠀⠀⠀⠀⠀⠀⠀⠀⠀
Not because of what we did there,
but because of how we felt.
⠀⠀⠀⠀⠀⠀⠀⠀⠀
The light through the trees.
The people around the table.
The quiet moments in between.
⠀⠀⠀⠀⠀⠀⠀⠀⠀
During her time here, @salomes.way became part of the story of this land, and this film carries a few of those memories.
⠀⠀⠀⠀⠀⠀⠀⠀⠀
Perhaps this is the kind of experience your soul has been looking for.
⠀⠀⠀⠀⠀⠀⠀⠀⠀
—
⠀⠀⠀⠀⠀⠀⠀⠀⠀
Hay lugares que permanecen con nosotros mucho después de habernos ido.
⠀⠀⠀⠀⠀⠀⠀⠀⠀
No por lo que hicimos allí,
sino por cómo nos hicieron sentir.
⠀⠀⠀⠀⠀⠀⠀⠀⠀
La luz entre los árboles.
Las personas alrededor de la mesa.
Los momentos de calma entre una cosa y otra.
⠀⠀⠀⠀⠀⠀⠀⠀⠀
Durante su tiempo aquí, @salomes.way pasó a formar parte de la historia de esta tierra, y este pequeño filme guarda algunos de esos recuerdos.
⠀⠀⠀⠀⠀⠀⠀⠀⠀
Quizás esta sea la clase de experiencia que tu alma ha estado buscando.
⠀⠀⠀⠀⠀⠀⠀⠀⠀
#retreatcenter #counciousliving #slowtravel",11,"06/12/2026 02:45",N/A,https://www.facebook.com/reel/1752963345722810/,1,0,Videos,,,,,06/14/2026,2,0,2,0,0,2,0,0,0,0,8.413,0,5.509,0,4.207,0,1.102,0,0,0,0,0,13.922,1.988,0,0,0
1520249619803817,100054563795107,"Almaíso at Finca El Drago","Some places stay with us long after we leave.
⠀⠀⠀⠀⠀⠀⠀⠀⠀
Not because of what we did there,
but because of how we felt.
⠀⠀⠀⠀⠀⠀⠀⠀⠀
The light through the trees.
The people around the table.
The quiet moments in between.
⠀⠀⠀⠀⠀⠀⠀⠀⠀
During her time here, @salomes.way became part of the story of this land, and this film carries a few of those memories.
⠀⠀⠀⠀⠀⠀⠀⠀⠀
Perhaps this is the kind of experience your soul has been looking for.
⠀⠀⠀⠀⠀⠀⠀⠀⠀
—
⠀⠀⠀⠀⠀⠀⠀⠀⠀
Hay lugares que permanecen con nosotros mucho después de habernos ido.
⠀⠀⠀⠀⠀⠀⠀⠀⠀
No por lo que hicimos allí,
sino por cómo nos hicieron sentir.
⠀⠀⠀⠀⠀⠀⠀⠀⠀
La luz entre los árboles.
Las personas alrededor de la mesa.
Los momentos de calma entre una cosa y otra.
⠀⠀⠀⠀⠀⠀⠀⠀⠀
Durante su tiempo aquí, @salomes.way pasó a formar parte de la historia de esta tierra, y este pequeño filme guarda algunos de esos recuerdos.
⠀⠀⠀⠀⠀⠀⠀⠀⠀
Quizás esta sea la clase de experiencia que tu alma ha estado buscando.
⠀⠀⠀⠀⠀⠀⠀⠀⠀
#retreatcenter #counciousliving #slowtravel","Some places stay with us long after we leave.
⠀⠀⠀⠀⠀⠀⠀⠀⠀
Not because of what we did there,
but because of how we felt.
⠀⠀⠀⠀⠀⠀⠀⠀⠀
The light through the trees.
The people around the table.
The quiet moments in between.
⠀⠀⠀⠀⠀⠀⠀⠀⠀
During her time here, @salomes.way became part of the story of this land, and this film carries a few of those memories.
⠀⠀⠀⠀⠀⠀⠀⠀⠀
Perhaps this is the kind of experience your soul has been looking for.
⠀⠀⠀⠀⠀⠀⠀⠀⠀
—
⠀⠀⠀⠀⠀⠀⠀⠀⠀
Hay lugares que permanecen con nosotros mucho después de habernos ido.
⠀⠀⠀⠀⠀⠀⠀⠀⠀
No por lo que hicimos allí,
sino por cómo nos hicieron sentir.
⠀⠀⠀⠀⠀⠀⠀⠀⠀
La luz entre los árboles.
Las personas alrededor de la mesa.
Los momentos de calma entre una cosa y otra.
⠀⠀⠀⠀⠀⠀⠀⠀⠀
Durante su tiempo aquí, @salomes.way pasó a formar parte de la historia de esta tierra, y este pequeño filme guarda algunos de esos recuerdos.
⠀⠀⠀⠀⠀⠀⠀⠀⠀
Quizás esta sea la clase de experiencia que tu alma ha estado buscando.
⠀⠀⠀⠀⠀⠀⠀⠀⠀
#retreatcenter #counciousliving #slowtravel",11,"06/12/2026 02:45",N/A,https://www.facebook.com/reel/1752963345722810/,1,0,Videos,,,,,06/15/2026,2,0,2,0,0,2,0,0,0,0,7.365,0,4.445,0,7.365,0,2.223,0,0,0,0,0,11.81,3.936,0,0,0
1520249619803817,100054563795107,"Almaíso at Finca El Drago","Some places stay with us long after we leave.
⠀⠀⠀⠀⠀⠀⠀⠀⠀
Not because of what we did there,
but because of how we felt.
⠀⠀⠀⠀⠀⠀⠀⠀⠀
The light through the trees.
The people around the table.
The quiet moments in between.
⠀⠀⠀⠀⠀⠀⠀⠀⠀
During her time here, @salomes.way became part of the story of this land, and this film carries a few of those memories.
⠀⠀⠀⠀⠀⠀⠀⠀⠀
Perhaps this is the kind of experience your soul has been looking for.
⠀⠀⠀⠀⠀⠀⠀⠀⠀
—
⠀⠀⠀⠀⠀⠀⠀⠀⠀
Hay lugares que permanecen con nosotros mucho después de habernos ido.
⠀⠀⠀⠀⠀⠀⠀⠀⠀
No por lo que hicimos allí,
sino por cómo nos hicieron sentir.
⠀⠀⠀⠀⠀⠀⠀⠀⠀
La luz entre los árboles.
Las personas alrededor de la mesa.
Los momentos de calma entre una cosa y otra.
⠀⠀⠀⠀⠀⠀⠀⠀⠀
Durante su tiempo aquí, @salomes.way pasó a formar parte de la historia de esta tierra, y este pequeño filme guarda algunos de esos recuerdos.
⠀⠀⠀⠀⠀⠀⠀⠀⠀
Quizás esta sea la clase de experiencia que tu alma ha estado buscando.
⠀⠀⠀⠀⠀⠀⠀⠀⠀
#retreatcenter #counciousliving #slowtravel","Some places stay with us long after we leave.
⠀⠀⠀⠀⠀⠀⠀⠀⠀
Not because of what we did there,
but because of how we felt.
⠀⠀⠀⠀⠀⠀⠀⠀⠀
The light through the trees.
The people around the table.
The quiet moments in between.
⠀⠀⠀⠀⠀⠀⠀⠀⠀
During her time here, @salomes.way became part of the story of this land, and this film carries a few of those memories.
⠀⠀⠀⠀⠀⠀⠀⠀⠀
Perhaps this is the kind of experience your soul has been looking for.
⠀⠀⠀⠀⠀⠀⠀⠀⠀
—
⠀⠀⠀⠀⠀⠀⠀⠀⠀
Hay lugares que permanecen con nosotros mucho después de habernos ido.
⠀⠀⠀⠀⠀⠀⠀⠀⠀
No por lo que hicimos allí,
sino por cómo nos hicieron sentir.
⠀⠀⠀⠀⠀⠀⠀⠀⠀
La luz entre los árboles.
Las personas alrededor de la mesa.
Los momentos de calma entre una cosa y otra.
⠀⠀⠀⠀⠀⠀⠀⠀⠀
Durante su tiempo aquí, @salomes.way pasó a formar parte de la historia de esta tierra, y este pequeño filme guarda algunos de esos recuerdos.
⠀⠀⠀⠀⠀⠀⠀⠀⠀
Quizás esta sea la clase de experiencia que tu alma ha estado buscando.
⠀⠀⠀⠀⠀⠀⠀⠀⠀
#retreatcenter #counciousliving #slowtravel",11,"06/12/2026 02:45",N/A,https://www.facebook.com/reel/1752963345722810/,1,0,Videos,,,,,06/16/2026,1,0,1,0,0,1,0,0,0,0,1.034,0,11.965,0,1.034,0,11.965,0,0,0,0,0,12.999,6.499,0,0,0
1520249619803817,100054563795107,"Almaíso at Finca El Drago","Some places stay with us long after we leave.
⠀⠀⠀⠀⠀⠀⠀⠀⠀
Not because of what we did there,
but because of how we felt.
⠀⠀⠀⠀⠀⠀⠀⠀⠀
The light through the trees.
The people around the table.
The quiet moments in between.
⠀⠀⠀⠀⠀⠀⠀⠀⠀
During her time here, @salomes.way became part of the story of this land, and this film carries a few of those memories.
⠀⠀⠀⠀⠀⠀⠀⠀⠀
Perhaps this is the kind of experience your soul has been looking for.
⠀⠀⠀⠀⠀⠀⠀⠀⠀
—
⠀⠀⠀⠀⠀⠀⠀⠀⠀
Hay lugares que permanecen con nosotros mucho después de habernos ido.
⠀⠀⠀⠀⠀⠀⠀⠀⠀
No por lo que hicimos allí,
sino por cómo nos hicieron sentir.
⠀⠀⠀⠀⠀⠀⠀⠀⠀
La luz entre los árboles.
Las personas alrededor de la mesa.
Los momentos de calma entre una cosa y otra.
⠀⠀⠀⠀⠀⠀⠀⠀⠀
Durante su tiempo aquí, @salomes.way pasó a formar parte de la historia de esta tierra, y este pequeño filme guarda algunos de esos recuerdos.
⠀⠀⠀⠀⠀⠀⠀⠀⠀
Quizás esta sea la clase de experiencia que tu alma ha estado buscando.
⠀⠀⠀⠀⠀⠀⠀⠀⠀
#retreatcenter #counciousliving #slowtravel","Some places stay with us long after we leave.
⠀⠀⠀⠀⠀⠀⠀⠀⠀
Not because of what we did there,
but because of how we felt.
⠀⠀⠀⠀⠀⠀⠀⠀⠀
The light through the trees.
The people around the table.
The quiet moments in between.
⠀⠀⠀⠀⠀⠀⠀⠀⠀
During her time here, @salomes.way became part of the story of this land, and this film carries a few of those memories.
⠀⠀⠀⠀⠀⠀⠀⠀⠀
Perhaps this is the kind of experience your soul has been looking for.
⠀⠀⠀⠀⠀⠀⠀⠀⠀
—
⠀⠀⠀⠀⠀⠀⠀⠀⠀
Hay lugares que permanecen con nosotros mucho después de habernos ido.
⠀⠀⠀⠀⠀⠀⠀⠀⠀
No por lo que hicimos allí,
sino por cómo nos hicieron sentir.
⠀⠀⠀⠀⠀⠀⠀⠀⠀
La luz entre los árboles.
Las personas alrededor de la mesa.
Los momentos de calma entre una cosa y otra.
⠀⠀⠀⠀⠀⠀⠀⠀⠀
Durante su tiempo aquí, @salomes.way pasó a formar parte de la historia de esta tierra, y este pequeño filme guarda algunos de esos recuerdos.
⠀⠀⠀⠀⠀⠀⠀⠀⠀
Quizás esta sea la clase de experiencia que tu alma ha estado buscando.
⠀⠀⠀⠀⠀⠀⠀⠀⠀
#retreatcenter #counciousliving #slowtravel",11,"06/12/2026 02:45",N/A,https://www.facebook.com/reel/1752963345722810/,1,0,Videos,,,,,06/17/2026,0,0,0,0,0,0,0,0,0,0,0,0,0,0,0,0,0,0,0,0,0,0,0,0,0,0,0
1520249619803817,100054563795107,"Almaíso at Finca El Drago","Some places stay with us long after we leave.
⠀⠀⠀⠀⠀⠀⠀⠀⠀
Not because of what we did there,
but because of how we felt.
⠀⠀⠀⠀⠀⠀⠀⠀⠀
The light through the trees.
The people around the table.
The quiet moments in between.
⠀⠀⠀⠀⠀⠀⠀⠀⠀
During her time here, @salomes.way became part of the story of this land, and this film carries a few of those memories.
⠀⠀⠀⠀⠀⠀⠀⠀⠀
Perhaps this is the kind of experience your soul has been looking for.
⠀⠀⠀⠀⠀⠀⠀⠀⠀
—
⠀⠀⠀⠀⠀⠀⠀⠀⠀
Hay lugares que permanecen con nosotros mucho después de habernos ido.
⠀⠀⠀⠀⠀⠀⠀⠀⠀
No por lo que hicimos allí,
sino por cómo nos hicieron sentir.
⠀⠀⠀⠀⠀⠀⠀⠀⠀
La luz entre los árboles.
Las personas alrededor de la mesa.
Los momentos de calma entre una cosa y otra.
⠀⠀⠀⠀⠀⠀⠀⠀⠀
Durante su tiempo aquí, @salomes.way pasó a formar parte de la historia de esta tierra, y este pequeño filme guarda algunos de esos recuerdos.
⠀⠀⠀⠀⠀⠀⠀⠀⠀
Quizás esta sea la clase de experiencia que tu alma ha estado buscando.
⠀⠀⠀⠀⠀⠀⠀⠀⠀
#retreatcenter #counciousliving #slowtravel","Some places stay with us long after we leave.
⠀⠀⠀⠀⠀⠀⠀⠀⠀
Not because of what we did there,
but because of how we felt.
⠀⠀⠀⠀⠀⠀⠀⠀⠀
The light through the trees.
The people around the table.
The quiet moments in between.
⠀⠀⠀⠀⠀⠀⠀⠀⠀
During her time here, @salomes.way became part of the story of this land, and this film carries a few of those memories.
⠀⠀⠀⠀⠀⠀⠀⠀⠀
Perhaps this is the kind of experience your soul has been looking for.
⠀⠀⠀⠀⠀⠀⠀⠀⠀
—
⠀⠀⠀⠀⠀⠀⠀⠀⠀
Hay lugares que permanecen con nosotros mucho después de habernos ido.
⠀⠀⠀⠀⠀⠀⠀⠀⠀
No por lo que hicimos allí,
sino por cómo nos hicieron sentir.
⠀⠀⠀⠀⠀⠀⠀⠀⠀
La luz entre los árboles.
Las personas alrededor de la mesa.
Los momentos de calma entre una cosa y otra.
⠀⠀⠀⠀⠀⠀⠀⠀⠀
Durante su tiempo aquí, @salomes.way pasó a formar parte de la historia de esta tierra, y este pequeño filme guarda algunos de esos recuerdos.
⠀⠀⠀⠀⠀⠀⠀⠀⠀
Quizás esta sea la clase de experiencia que tu alma ha estado buscando.
⠀⠀⠀⠀⠀⠀⠀⠀⠀
#retreatcenter #counciousliving #slowtravel",11,"06/12/2026 02:45",N/A,https://www.facebook.com/reel/1752963345722810/,1,0,Videos,,,,,06/18/2026,1,0,1,0,0,1,0,0,0,0,12.161,0,0,0,12.161,0,0,0,0,0,0,0,12.161,12.161,0,0,0
1520249619803817,100054563795107,"Almaíso at Finca El Drago","Some places stay with us long after we leave.
⠀⠀⠀⠀⠀⠀⠀⠀⠀
Not because of what we did there,
but because of how we felt.
⠀⠀⠀⠀⠀⠀⠀⠀⠀
The light through the trees.
The people around the table.
The quiet moments in between.
⠀⠀⠀⠀⠀⠀⠀⠀⠀
During her time here, @salomes.way became part of the story of this land, and this film carries a few of those memories.
⠀⠀⠀⠀⠀⠀⠀⠀⠀
Perhaps this is the kind of experience your soul has been looking for.
⠀⠀⠀⠀⠀⠀⠀⠀⠀
—
⠀⠀⠀⠀⠀⠀⠀⠀⠀
Hay lugares que permanecen con nosotros mucho después de habernos ido.
⠀⠀⠀⠀⠀⠀⠀⠀⠀
No por lo que hicimos allí,
sino por cómo nos hicieron sentir.
⠀⠀⠀⠀⠀⠀⠀⠀⠀
La luz entre los árboles.
Las personas alrededor de la mesa.
Los momentos de calma entre una cosa y otra.
⠀⠀⠀⠀⠀⠀⠀⠀⠀
Durante su tiempo aquí, @salomes.way pasó a formar parte de la historia de esta tierra, y este pequeño filme guarda algunos de esos recuerdos.
⠀⠀⠀⠀⠀⠀⠀⠀⠀
Quizás esta sea la clase de experiencia que tu alma ha estado buscando.
⠀⠀⠀⠀⠀⠀⠀⠀⠀
#retreatcenter #counciousliving #slowtravel","Some places stay with us long after we leave.
⠀⠀⠀⠀⠀⠀⠀⠀⠀
Not because of what we did there,
but because of how we felt.
⠀⠀⠀⠀⠀⠀⠀⠀⠀
The light through the trees.
The people around the table.
The quiet moments in between.
⠀⠀⠀⠀⠀⠀⠀⠀⠀
During her time here, @salomes.way became part of the story of this land, and this film carries a few of those memories.
⠀⠀⠀⠀⠀⠀⠀⠀⠀
Perhaps this is the kind of experience your soul has been looking for.
⠀⠀⠀⠀⠀⠀⠀⠀⠀
—
⠀⠀⠀⠀⠀⠀⠀⠀⠀
Hay lugares que permanecen con nosotros mucho después de habernos ido.
⠀⠀⠀⠀⠀⠀⠀⠀⠀
No por lo que hicimos allí,
sino por cómo nos hicieron sentir.
⠀⠀⠀⠀⠀⠀⠀⠀⠀
La luz entre los árboles.
Las personas alrededor de la mesa.
Los momentos de calma entre una cosa y otra.
⠀⠀⠀⠀⠀⠀⠀⠀⠀
Durante su tiempo aquí, @salomes.way pasó a formar parte de la historia de esta tierra, y este pequeño filme guarda algunos de esos recuerdos.
⠀⠀⠀⠀⠀⠀⠀⠀⠀
Quizás esta sea la clase de experiencia que tu alma ha estado buscando.
⠀⠀⠀⠀⠀⠀⠀⠀⠀
#retreatcenter #counciousliving #slowtravel",11,"06/12/2026 02:45",N/A,https://www.facebook.com/reel/1752963345722810/,1,0,Videos,,,,,06/19/2026,2,0,1,0,0,2,0,0,0,0,0,0,25.736,0,0,0,12.868,0,0,0,0,0,25.736,12.868,0,0,0
1520249619803817,100054563795107,"Almaíso at Finca El Drago","Some places stay with us long after we leave.
⠀⠀⠀⠀⠀⠀⠀⠀⠀
Not because of what we did there,
but because of how we felt.
⠀⠀⠀⠀⠀⠀⠀⠀⠀
The light through the trees.
The people around the table.
The quiet moments in between.
⠀⠀⠀⠀⠀⠀⠀⠀⠀
During her time here, @salomes.way became part of the story of this land, and this film carries a few of those memories.
⠀⠀⠀⠀⠀⠀⠀⠀⠀
Perhaps this is the kind of experience your soul has been looking for.
⠀⠀⠀⠀⠀⠀⠀⠀⠀
—
⠀⠀⠀⠀⠀⠀⠀⠀⠀
Hay lugares que permanecen con nosotros mucho después de habernos ido.
⠀⠀⠀⠀⠀⠀⠀⠀⠀
No por lo que hicimos allí,
sino por cómo nos hicieron sentir.
⠀⠀⠀⠀⠀⠀⠀⠀⠀
La luz entre los árboles.
Las personas alrededor de la mesa.
Los momentos de calma entre una cosa y otra.
⠀⠀⠀⠀⠀⠀⠀⠀⠀
Durante su tiempo aquí, @salomes.way pasó a formar parte de la historia de esta tierra, y este pequeño filme guarda algunos de esos recuerdos.
⠀⠀⠀⠀⠀⠀⠀⠀⠀
Quizás esta sea la clase de experiencia que tu alma ha estado buscando.
⠀⠀⠀⠀⠀⠀⠀⠀⠀
#retreatcenter #counciousliving #slowtravel","Some places stay with us long after we leave.
⠀⠀⠀⠀⠀⠀⠀⠀⠀
Not because of what we did there,
but because of how we felt.
⠀⠀⠀⠀⠀⠀⠀⠀⠀
The light through the trees.
The people around the table.
The quiet moments in between.
⠀⠀⠀⠀⠀⠀⠀⠀⠀
During her time here, @salomes.way became part of the story of this land, and this film carries a few of those memories.
⠀⠀⠀⠀⠀⠀⠀⠀⠀
Perhaps this is the kind of experience your soul has been looking for.
⠀⠀⠀⠀⠀⠀⠀⠀⠀
—
⠀⠀⠀⠀⠀⠀⠀⠀⠀
Hay lugares que permanecen con nosotros mucho después de habernos ido.
⠀⠀⠀⠀⠀⠀⠀⠀⠀
No por lo que hicimos allí,
sino por cómo nos hicieron sentir.
⠀⠀⠀⠀⠀⠀⠀⠀⠀
La luz entre los árboles.
Las personas alrededor de la mesa.
Los momentos de calma entre una cosa y otra.
⠀⠀⠀⠀⠀⠀⠀⠀⠀
Durante su tiempo aquí, @salomes.way pasó a formar parte de la historia de esta tierra, y este pequeño filme guarda algunos de esos recuerdos.
⠀⠀⠀⠀⠀⠀⠀⠀⠀
Quizás esta sea la clase de experiencia que tu alma ha estado buscando.
⠀⠀⠀⠀⠀⠀⠀⠀⠀
#retreatcenter #counciousliving #slowtravel",11,"06/12/2026 02:45",N/A,https://www.facebook.com/reel/1752963345722810/,1,0,Videos,,,,,06/20/2026,1,0,1,0,0,1,0,0,0,0,6.123,0,0,0,3.062,0,0,0,0,0,0,0,6.123,3.061,0,0,0
1520249619803817,100054563795107,"Almaíso at Finca El Drago","Some places stay with us long after we leave.
⠀⠀⠀⠀⠀⠀⠀⠀⠀
Not because of what we did there,
but because of how we felt.
⠀⠀⠀⠀⠀⠀⠀⠀⠀
The light through the trees.
The people around the table.
The quiet moments in between.
⠀⠀⠀⠀⠀⠀⠀⠀⠀
During her time here, @salomes.way became part of the story of this land, and this film carries a few of those memories.
⠀⠀⠀⠀⠀⠀⠀⠀⠀
Perhaps this is the kind of experience your soul has been looking for.
⠀⠀⠀⠀⠀⠀⠀⠀⠀
—
⠀⠀⠀⠀⠀⠀⠀⠀⠀
Hay lugares que permanecen con nosotros mucho después de habernos ido.
⠀⠀⠀⠀⠀⠀⠀⠀⠀
No por lo que hicimos allí,
sino por cómo nos hicieron sentir.
⠀⠀⠀⠀⠀⠀⠀⠀⠀
La luz entre los árboles.
Las personas alrededor de la mesa.
Los momentos de calma entre una cosa y otra.
⠀⠀⠀⠀⠀⠀⠀⠀⠀
Durante su tiempo aquí, @salomes.way pasó a formar parte de la historia de esta tierra, y este pequeño filme guarda algunos de esos recuerdos.
⠀⠀⠀⠀⠀⠀⠀⠀⠀
Quizás esta sea la clase de experiencia que tu alma ha estado buscando.
⠀⠀⠀⠀⠀⠀⠀⠀⠀
#retreatcenter #counciousliving #slowtravel","Some places stay with us long after we leave.
⠀⠀⠀⠀⠀⠀⠀⠀⠀
Not because of what we did there,
but because of how we felt.
⠀⠀⠀⠀⠀⠀⠀⠀⠀
The light through the trees.
The people around the table.
The quiet moments in between.
⠀⠀⠀⠀⠀⠀⠀⠀⠀
During her time here, @salomes.way became part of the story of this land, and this film carries a few of those memories.
⠀⠀⠀⠀⠀⠀⠀⠀⠀
Perhaps this is the kind of experience your soul has been looking for.
⠀⠀⠀⠀⠀⠀⠀⠀⠀
—
⠀⠀⠀⠀⠀⠀⠀⠀⠀
Hay lugares que permanecen con nosotros mucho después de habernos ido.
⠀⠀⠀⠀⠀⠀⠀⠀⠀
No por lo que hicimos allí,
sino por cómo nos hicieron sentir.
⠀⠀⠀⠀⠀⠀⠀⠀⠀
La luz entre los árboles.
Las personas alrededor de la mesa.
Los momentos de calma entre una cosa y otra.
⠀⠀⠀⠀⠀⠀⠀⠀⠀
Durante su tiempo aquí, @salomes.way pasó a formar parte de la historia de esta tierra, y este pequeño filme guarda algunos de esos recuerdos.
⠀⠀⠀⠀⠀⠀⠀⠀⠀
Quizás esta sea la clase de experiencia que tu alma ha estado buscando.
⠀⠀⠀⠀⠀⠀⠀⠀⠀
#retreatcenter #counciousliving #slowtravel",11,"06/12/2026 02:45",N/A,https://www.facebook.com/reel/1752963345722810/,1,0,Videos,,,,,06/21/2026,0,0,0,0,0,0,0,0,0,0,0,0,0,0,0,0,0,0,0,0,0,0,0,0,0,0,0
1520249619803817,100054563795107,"Almaíso at Finca El Drago","Some places stay with us long after we leave.
⠀⠀⠀⠀⠀⠀⠀⠀⠀
Not because of what we did there,
but because of how we felt.
⠀⠀⠀⠀⠀⠀⠀⠀⠀
The light through the trees.
The people around the table.
The quiet moments in between.
⠀⠀⠀⠀⠀⠀⠀⠀⠀
During her time here, @salomes.way became part of the story of this land, and this film carries a few of those memories.
⠀⠀⠀⠀⠀⠀⠀⠀⠀
Perhaps this is the kind of experience your soul has been looking for.
⠀⠀⠀⠀⠀⠀⠀⠀⠀
—
⠀⠀⠀⠀⠀⠀⠀⠀⠀
Hay lugares que permanecen con nosotros mucho después de habernos ido.
⠀⠀⠀⠀⠀⠀⠀⠀⠀
No por lo que hicimos allí,
sino por cómo nos hicieron sentir.
⠀⠀⠀⠀⠀⠀⠀⠀⠀
La luz entre los árboles.
Las personas alrededor de la mesa.
Los momentos de calma entre una cosa y otra.
⠀⠀⠀⠀⠀⠀⠀⠀⠀
Durante su tiempo aquí, @salomes.way pasó a formar parte de la historia de esta tierra, y este pequeño filme guarda algunos de esos recuerdos.
⠀⠀⠀⠀⠀⠀⠀⠀⠀
Quizás esta sea la clase de experiencia que tu alma ha estado buscando.
⠀⠀⠀⠀⠀⠀⠀⠀⠀
#retreatcenter #counciousliving #slowtravel","Some places stay with us long after we leave.
⠀⠀⠀⠀⠀⠀⠀⠀⠀
Not because of what we did there,
but because of how we felt.
⠀⠀⠀⠀⠀⠀⠀⠀⠀
The light through the trees.
The people around the table.
The quiet moments in between.
⠀⠀⠀⠀⠀⠀⠀⠀⠀
During her time here, @salomes.way became part of the story of this land, and this film carries a few of those memories.
⠀⠀⠀⠀⠀⠀⠀⠀⠀
Perhaps this is the kind of experience your soul has been looking for.
⠀⠀⠀⠀⠀⠀⠀⠀⠀
—
⠀⠀⠀⠀⠀⠀⠀⠀⠀
Hay lugares que permanecen con nosotros mucho después de habernos ido.
⠀⠀⠀⠀⠀⠀⠀⠀⠀
No por lo que hicimos allí,
sino por cómo nos hicieron sentir.
⠀⠀⠀⠀⠀⠀⠀⠀⠀
La luz entre los árboles.
Las personas alrededor de la mesa.
Los momentos de calma entre una cosa y otra.
⠀⠀⠀⠀⠀⠀⠀⠀⠀
Durante su tiempo aquí, @salomes.way pasó a formar parte de la historia de esta tierra, y este pequeño filme guarda algunos de esos recuerdos.
⠀⠀⠀⠀⠀⠀⠀⠀⠀
Quizás esta sea la clase de experiencia que tu alma ha estado buscando.
⠀⠀⠀⠀⠀⠀⠀⠀⠀
#retreatcenter #counciousliving #slowtravel",11,"06/12/2026 02:45",N/A,https://www.facebook.com/reel/1752963345722810/,1,0,Videos,,,,,06/22/2026,0,0,0,0,0,0,0,0,0,0,0.957,0,0,0,0.957,0,0,0,0,0,0,0,0.957,0.957,0,0,0
1520249619803817,100054563795107,"Almaíso at Finca El Drago","Some places stay with us long after we leave.
⠀⠀⠀⠀⠀⠀⠀⠀⠀
Not because of what we did there,
but because of how we felt.
⠀⠀⠀⠀⠀⠀⠀⠀⠀
The light through the trees.
The people around the table.
The quiet moments in between.
⠀⠀⠀⠀⠀⠀⠀⠀⠀
During her time here, @salomes.way became part of the story of this land, and this film carries a few of those memories.
⠀⠀⠀⠀⠀⠀⠀⠀⠀
Perhaps this is the kind of experience your soul has been looking for.
⠀⠀⠀⠀⠀⠀⠀⠀⠀
—
⠀⠀⠀⠀⠀⠀⠀⠀⠀
Hay lugares que permanecen con nosotros mucho después de habernos ido.
⠀⠀⠀⠀⠀⠀⠀⠀⠀
No por lo que hicimos allí,
sino por cómo nos hicieron sentir.
⠀⠀⠀⠀⠀⠀⠀⠀⠀
La luz entre los árboles.
Las personas alrededor de la mesa.
Los momentos de calma entre una cosa y otra.
⠀⠀⠀⠀⠀⠀⠀⠀⠀
Durante su tiempo aquí, @salomes.way pasó a formar parte de la historia de esta tierra, y este pequeño filme guarda algunos de esos recuerdos.
⠀⠀⠀⠀⠀⠀⠀⠀⠀
Quizás esta sea la clase de experiencia que tu alma ha estado buscando.
⠀⠀⠀⠀⠀⠀⠀⠀⠀
#retreatcenter #counciousliving #slowtravel","Some places stay with us long after we leave.
⠀⠀⠀⠀⠀⠀⠀⠀⠀
Not because of what we did there,
but because of how we felt.
⠀⠀⠀⠀⠀⠀⠀⠀⠀
The light through the trees.
The people around the table.
The quiet moments in between.
⠀⠀⠀⠀⠀⠀⠀⠀⠀
During her time here, @salomes.way became part of the story of this land, and this film carries a few of those memories.
⠀⠀⠀⠀⠀⠀⠀⠀⠀
Perhaps this is the kind of experience your soul has been looking for.
⠀⠀⠀⠀⠀⠀⠀⠀⠀
—
⠀⠀⠀⠀⠀⠀⠀⠀⠀
Hay lugares que permanecen con nosotros mucho después de habernos ido.
⠀⠀⠀⠀⠀⠀⠀⠀⠀
No por lo que hicimos allí,
sino por cómo nos hicieron sentir.
⠀⠀⠀⠀⠀⠀⠀⠀⠀
La luz entre los árboles.
Las personas alrededor de la mesa.
Los momentos de calma entre una cosa y otra.
⠀⠀⠀⠀⠀⠀⠀⠀⠀
Durante su tiempo aquí, @salomes.way pasó a formar parte de la historia de esta tierra, y este pequeño filme guarda algunos de esos recuerdos.
⠀⠀⠀⠀⠀⠀⠀⠀⠀
Quizás esta sea la clase de experiencia que tu alma ha estado buscando.
⠀⠀⠀⠀⠀⠀⠀⠀⠀
#retreatcenter #counciousliving #slowtravel",11,"06/12/2026 02:45",N/A,https://www.facebook.com/reel/1752963345722810/,1,0,Videos,,,,,06/23/2026,0,0,0,0,0,0,0,0,0,0,0,0,0,0,0,0,0,0,0,0,0,0,0,0,0,0,0
1520249619803817,100054563795107,"Almaíso at Finca El Drago","Some places stay with us long after we leave.
⠀⠀⠀⠀⠀⠀⠀⠀⠀
Not because of what we did there,
but because of how we felt.
⠀⠀⠀⠀⠀⠀⠀⠀⠀
The light through the trees.
The people around the table.
The quiet moments in between.
⠀⠀⠀⠀⠀⠀⠀⠀⠀
During her time here, @salomes.way became part of the story of this land, and this film carries a few of those memories.
⠀⠀⠀⠀⠀⠀⠀⠀⠀
Perhaps this is the kind of experience your soul has been looking for.
⠀⠀⠀⠀⠀⠀⠀⠀⠀
—
⠀⠀⠀⠀⠀⠀⠀⠀⠀
Hay lugares que permanecen con nosotros mucho después de habernos ido.
⠀⠀⠀⠀⠀⠀⠀⠀⠀
No por lo que hicimos allí,
sino por cómo nos hicieron sentir.
⠀⠀⠀⠀⠀⠀⠀⠀⠀
La luz entre los árboles.
Las personas alrededor de la mesa.
Los momentos de calma entre una cosa y otra.
⠀⠀⠀⠀⠀⠀⠀⠀⠀
Durante su tiempo aquí, @salomes.way pasó a formar parte de la historia de esta tierra, y este pequeño filme guarda algunos de esos recuerdos.
⠀⠀⠀⠀⠀⠀⠀⠀⠀
Quizás esta sea la clase de experiencia que tu alma ha estado buscando.
⠀⠀⠀⠀⠀⠀⠀⠀⠀
#retreatcenter #counciousliving #slowtravel","Some places stay with us long after we leave.
⠀⠀⠀⠀⠀⠀⠀⠀⠀
Not because of what we did there,
but because of how we felt.
⠀⠀⠀⠀⠀⠀⠀⠀⠀
The light through the trees.
The people around the table.
The quiet moments in between.
⠀⠀⠀⠀⠀⠀⠀⠀⠀
During her time here, @salomes.way became part of the story of this land, and this film carries a few of those memories.
⠀⠀⠀⠀⠀⠀⠀⠀⠀
Perhaps this is the kind of experience your soul has been looking for.
⠀⠀⠀⠀⠀⠀⠀⠀⠀
—
⠀⠀⠀⠀⠀⠀⠀⠀⠀
Hay lugares que permanecen con nosotros mucho después de habernos ido.
⠀⠀⠀⠀⠀⠀⠀⠀⠀
No por lo que hicimos allí,
sino por cómo nos hicieron sentir.
⠀⠀⠀⠀⠀⠀⠀⠀⠀
La luz entre los árboles.
Las personas alrededor de la mesa.
Los momentos de calma entre una cosa y otra.
⠀⠀⠀⠀⠀⠀⠀⠀⠀
Durante su tiempo aquí, @salomes.way pasó a formar parte de la historia de esta tierra, y este pequeño filme guarda algunos de esos recuerdos.
⠀⠀⠀⠀⠀⠀⠀⠀⠀
Quizás esta sea la clase de experiencia que tu alma ha estado buscando.
⠀⠀⠀⠀⠀⠀⠀⠀⠀
#retreatcenter #counciousliving #slowtravel",11,"06/12/2026 02:45",N/A,https://www.facebook.com/reel/1752963345722810/,1,0,Videos,,,,,06/24/2026,0,0,0,0,0,0,0,0,0,0,0,0,0,0,0,0,0,0,0,0,0,0,0,0,0,0,0
1520249619803817,100054563795107,"Almaíso at Finca El Drago","Some places stay with us long after we leave.
⠀⠀⠀⠀⠀⠀⠀⠀⠀
Not because of what we did there,
but because of how we felt.
⠀⠀⠀⠀⠀⠀⠀⠀⠀
The light through the trees.
The people around the table.
The quiet moments in between.
⠀⠀⠀⠀⠀⠀⠀⠀⠀
During her time here, @salomes.way became part of the story of this land, and this film carries a few of those memories.
⠀⠀⠀⠀⠀⠀⠀⠀⠀
Perhaps this is the kind of experience your soul has been looking for.
⠀⠀⠀⠀⠀⠀⠀⠀⠀
—
⠀⠀⠀⠀⠀⠀⠀⠀⠀
Hay lugares que permanecen con nosotros mucho después de habernos ido.
⠀⠀⠀⠀⠀⠀⠀⠀⠀
No por lo que hicimos allí,
sino por cómo nos hicieron sentir.
⠀⠀⠀⠀⠀⠀⠀⠀⠀
La luz entre los árboles.
Las personas alrededor de la mesa.
Los momentos de calma entre una cosa y otra.
⠀⠀⠀⠀⠀⠀⠀⠀⠀
Durante su tiempo aquí, @salomes.way pasó a formar parte de la historia de esta tierra, y este pequeño filme guarda algunos de esos recuerdos.
⠀⠀⠀⠀⠀⠀⠀⠀⠀
Quizás esta sea la clase de experiencia que tu alma ha estado buscando.
⠀⠀⠀⠀⠀⠀⠀⠀⠀
#retreatcenter #counciousliving #slowtravel","Some places stay with us long after we leave.
⠀⠀⠀⠀⠀⠀⠀⠀⠀
Not because of what we did there,
but because of how we felt.
⠀⠀⠀⠀⠀⠀⠀⠀⠀
The light through the trees.
The people around the table.
The quiet moments in between.
⠀⠀⠀⠀⠀⠀⠀⠀⠀
During her time here, @salomes.way became part of the story of this land, and this film carries a few of those memories.
⠀⠀⠀⠀⠀⠀⠀⠀⠀
Perhaps this is the kind of experience your soul has been looking for.
⠀⠀⠀⠀⠀⠀⠀⠀⠀
—
⠀⠀⠀⠀⠀⠀⠀⠀⠀
Hay lugares que permanecen con nosotros mucho después de habernos ido.
⠀⠀⠀⠀⠀⠀⠀⠀⠀
No por lo que hicimos allí,
sino por cómo nos hicieron sentir.
⠀⠀⠀⠀⠀⠀⠀⠀⠀
La luz entre los árboles.
Las personas alrededor de la mesa.
Los momentos de calma entre una cosa y otra.
⠀⠀⠀⠀⠀⠀⠀⠀⠀
Durante su tiempo aquí, @salomes.way pasó a formar parte de la historia de esta tierra, y este pequeño filme guarda algunos de esos recuerdos.
⠀⠀⠀⠀⠀⠀⠀⠀⠀
Quizás esta sea la clase de experiencia que tu alma ha estado buscando.
⠀⠀⠀⠀⠀⠀⠀⠀⠀
#retreatcenter #counciousliving #slowtravel",11,"06/12/2026 02:45",N/A,https://www.facebook.com/reel/1752963345722810/,1,0,Videos,,,,,06/25/2026,0,0,0,0,0,0,0,0,0,0,0,0,0,0,0,0,0,0,0,0,0,0,0,0,0,0,0
1520249619803817,100054563795107,"Almaíso at Finca El Drago","Some places stay with us long after we leave.
⠀⠀⠀⠀⠀⠀⠀⠀⠀
Not because of what we did there,
but because of how we felt.
⠀⠀⠀⠀⠀⠀⠀⠀⠀
The light through the trees.
The people around the table.
The quiet moments in between.
⠀⠀⠀⠀⠀⠀⠀⠀⠀
During her time here, @salomes.way became part of the story of this land, and this film carries a few of those memories.
⠀⠀⠀⠀⠀⠀⠀⠀⠀
Perhaps this is the kind of experience your soul has been looking for.
⠀⠀⠀⠀⠀⠀⠀⠀⠀
—
⠀⠀⠀⠀⠀⠀⠀⠀⠀
Hay lugares que permanecen con nosotros mucho después de habernos ido.
⠀⠀⠀⠀⠀⠀⠀⠀⠀
No por lo que hicimos allí,
sino por cómo nos hicieron sentir.
⠀⠀⠀⠀⠀⠀⠀⠀⠀
La luz entre los árboles.
Las personas alrededor de la mesa.
Los momentos de calma entre una cosa y otra.
⠀⠀⠀⠀⠀⠀⠀⠀⠀
Durante su tiempo aquí, @salomes.way pasó a formar parte de la historia de esta tierra, y este pequeño filme guarda algunos de esos recuerdos.
⠀⠀⠀⠀⠀⠀⠀⠀⠀
Quizás esta sea la clase de experiencia que tu alma ha estado buscando.
⠀⠀⠀⠀⠀⠀⠀⠀⠀
#retreatcenter #counciousliving #slowtravel","Some places stay with us long after we leave.
⠀⠀⠀⠀⠀⠀⠀⠀⠀
Not because of what we did there,
but because of how we felt.
⠀⠀⠀⠀⠀⠀⠀⠀⠀
The light through the trees.
The people around the table.
The quiet moments in between.
⠀⠀⠀⠀⠀⠀⠀⠀⠀
During her time here, @salomes.way became part of the story of this land, and this film carries a few of those memories.
⠀⠀⠀⠀⠀⠀⠀⠀⠀
Perhaps this is the kind of experience your soul has been looking for.
⠀⠀⠀⠀⠀⠀⠀⠀⠀
—
⠀⠀⠀⠀⠀⠀⠀⠀⠀
Hay lugares que permanecen con nosotros mucho después de habernos ido.
⠀⠀⠀⠀⠀⠀⠀⠀⠀
No por lo que hicimos allí,
sino por cómo nos hicieron sentir.
⠀⠀⠀⠀⠀⠀⠀⠀⠀
La luz entre los árboles.
Las personas alrededor de la mesa.
Los momentos de calma entre una cosa y otra.
⠀⠀⠀⠀⠀⠀⠀⠀⠀
Durante su tiempo aquí, @salomes.way pasó a formar parte de la historia de esta tierra, y este pequeño filme guarda algunos de esos recuerdos.
⠀⠀⠀⠀⠀⠀⠀⠀⠀
Quizás esta sea la clase de experiencia que tu alma ha estado buscando.
⠀⠀⠀⠀⠀⠀⠀⠀⠀
#retreatcenter #counciousliving #slowtravel",11,"06/12/2026 02:45",N/A,https://www.facebook.com/reel/1752963345722810/,1,0,Videos,,,,,06/26/2026,2,0,2,0,0,2,0,0,0,0,17.373,0,0,0,5.791,0,0,0,0,0,0,0,17.373,5.791,0,0,0
1520249619803817,100054563795107,"Almaíso at Finca El Drago","Some places stay with us long after we leave.
⠀⠀⠀⠀⠀⠀⠀⠀⠀
Not because of what we did there,
but because of how we felt.
⠀⠀⠀⠀⠀⠀⠀⠀⠀
The light through the trees.
The people around the table.
The quiet moments in between.
⠀⠀⠀⠀⠀⠀⠀⠀⠀
During her time here, @salomes.way became part of the story of this land, and this film carries a few of those memories.
⠀⠀⠀⠀⠀⠀⠀⠀⠀
Perhaps this is the kind of experience your soul has been looking for.
⠀⠀⠀⠀⠀⠀⠀⠀⠀
—
⠀⠀⠀⠀⠀⠀⠀⠀⠀
Hay lugares que permanecen con nosotros mucho después de habernos ido.
⠀⠀⠀⠀⠀⠀⠀⠀⠀
No por lo que hicimos allí,
sino por cómo nos hicieron sentir.
⠀⠀⠀⠀⠀⠀⠀⠀⠀
La luz entre los árboles.
Las personas alrededor de la mesa.
Los momentos de calma entre una cosa y otra.
⠀⠀⠀⠀⠀⠀⠀⠀⠀
Durante su tiempo aquí, @salomes.way pasó a formar parte de la historia de esta tierra, y este pequeño filme guarda algunos de esos recuerdos.
⠀⠀⠀⠀⠀⠀⠀⠀⠀
Quizás esta sea la clase de experiencia que tu alma ha estado buscando.
⠀⠀⠀⠀⠀⠀⠀⠀⠀
#retreatcenter #counciousliving #slowtravel","Some places stay with us long after we leave.
⠀⠀⠀⠀⠀⠀⠀⠀⠀
Not because of what we did there,
but because of how we felt.
⠀⠀⠀⠀⠀⠀⠀⠀⠀
The light through the trees.
The people around the table.
The quiet moments in between.
⠀⠀⠀⠀⠀⠀⠀⠀⠀
During her time here, @salomes.way became part of the story of this land, and this film carries a few of those memories.
⠀⠀⠀⠀⠀⠀⠀⠀⠀
Perhaps this is the kind of experience your soul has been looking for.
⠀⠀⠀⠀⠀⠀⠀⠀⠀
—
⠀⠀⠀⠀⠀⠀⠀⠀⠀
Hay lugares que permanecen con nosotros mucho después de habernos ido.
⠀⠀⠀⠀⠀⠀⠀⠀⠀
No por lo que hicimos allí,
sino por cómo nos hicieron sentir.
⠀⠀⠀⠀⠀⠀⠀⠀⠀
La luz entre los árboles.
Las personas alrededor de la mesa.
Los momentos de calma entre una cosa y otra.
⠀⠀⠀⠀⠀⠀⠀⠀⠀
Durante su tiempo aquí, @salomes.way pasó a formar parte de la historia de esta tierra, y este pequeño filme guarda algunos de esos recuerdos.
⠀⠀⠀⠀⠀⠀⠀⠀⠀
Quizás esta sea la clase de experiencia que tu alma ha estado buscando.
⠀⠀⠀⠀⠀⠀⠀⠀⠀
#retreatcenter #counciousliving #slowtravel",11,"06/12/2026 02:45",N/A,https://www.facebook.com/reel/1752963345722810/,1,0,Videos,,,,,06/27/2026,1,0,1,0,0,1,0,0,0,0,3.796,0,0,0,3.796,0,0,0,0,0,0,0,3.796,3.796,0,0,0
1520249619803817,100054563795107,"Almaíso at Finca El Drago","Some places stay with us long after we leave.
⠀⠀⠀⠀⠀⠀⠀⠀⠀
Not because of what we did there,
but because of how we felt.
⠀⠀⠀⠀⠀⠀⠀⠀⠀
The light through the trees.
The people around the table.
The quiet moments in between.
⠀⠀⠀⠀⠀⠀⠀⠀⠀
During her time here, @salomes.way became part of the story of this land, and this film carries a few of those memories.
⠀⠀⠀⠀⠀⠀⠀⠀⠀
Perhaps this is the kind of experience your soul has been looking for.
⠀⠀⠀⠀⠀⠀⠀⠀⠀
—
⠀⠀⠀⠀⠀⠀⠀⠀⠀
Hay lugares que permanecen con nosotros mucho después de habernos ido.
⠀⠀⠀⠀⠀⠀⠀⠀⠀
No por lo que hicimos allí,
sino por cómo nos hicieron sentir.
⠀⠀⠀⠀⠀⠀⠀⠀⠀
La luz entre los árboles.
Las personas alrededor de la mesa.
Los momentos de calma entre una cosa y otra.
⠀⠀⠀⠀⠀⠀⠀⠀⠀
Durante su tiempo aquí, @salomes.way pasó a formar parte de la historia de esta tierra, y este pequeño filme guarda algunos de esos recuerdos.
⠀⠀⠀⠀⠀⠀⠀⠀⠀
Quizás esta sea la clase de experiencia que tu alma ha estado buscando.
⠀⠀⠀⠀⠀⠀⠀⠀⠀
#retreatcenter #counciousliving #slowtravel","Some places stay with us long after we leave.
⠀⠀⠀⠀⠀⠀⠀⠀⠀
Not because of what we did there,
but because of how we felt.
⠀⠀⠀⠀⠀⠀⠀⠀⠀
The light through the trees.
The people around the table.
The quiet moments in between.
⠀⠀⠀⠀⠀⠀⠀⠀⠀
During her time here, @salomes.way became part of the story of this land, and this film carries a few of those memories.
⠀⠀⠀⠀⠀⠀⠀⠀⠀
Perhaps this is the kind of experience your soul has been looking for.
⠀⠀⠀⠀⠀⠀⠀⠀⠀
—
⠀⠀⠀⠀⠀⠀⠀⠀⠀
Hay lugares que permanecen con nosotros mucho después de habernos ido.
⠀⠀⠀⠀⠀⠀⠀⠀⠀
No por lo que hicimos allí,
sino por cómo nos hicieron sentir.
⠀⠀⠀⠀⠀⠀⠀⠀⠀
La luz entre los árboles.
Las personas alrededor de la mesa.
Los momentos de calma entre una cosa y otra.
⠀⠀⠀⠀⠀⠀⠀⠀⠀
Durante su tiempo aquí, @salomes.way pasó a formar parte de la historia de esta tierra, y este pequeño filme guarda algunos de esos recuerdos.
⠀⠀⠀⠀⠀⠀⠀⠀⠀
Quizás esta sea la clase de experiencia que tu alma ha estado buscando.
⠀⠀⠀⠀⠀⠀⠀⠀⠀
#retreatcenter #counciousliving #slowtravel",11,"06/12/2026 02:45",N/A,https://www.facebook.com/reel/1752963345722810/,1,0,Videos,,,,,06/28/2026,0,0,0,0,0,0,0,0,0,0,0,0,0,0,0,0,0,0,0,0,0,0,0,0,0,0,0
1520249619803817,100054563795107,"Almaíso at Finca El Drago","Some places stay with us long after we leave.
⠀⠀⠀⠀⠀⠀⠀⠀⠀
Not because of what we did there,
but because of how we felt.
⠀⠀⠀⠀⠀⠀⠀⠀⠀
The light through the trees.
The people around the table.
The quiet moments in between.
⠀⠀⠀⠀⠀⠀⠀⠀⠀
During her time here, @salomes.way became part of the story of this land, and this film carries a few of those memories.
⠀⠀⠀⠀⠀⠀⠀⠀⠀
Perhaps this is the kind of experience your soul has been looking for.
⠀⠀⠀⠀⠀⠀⠀⠀⠀
—
⠀⠀⠀⠀⠀⠀⠀⠀⠀
Hay lugares que permanecen con nosotros mucho después de habernos ido.
⠀⠀⠀⠀⠀⠀⠀⠀⠀
No por lo que hicimos allí,
sino por cómo nos hicieron sentir.
⠀⠀⠀⠀⠀⠀⠀⠀⠀
La luz entre los árboles.
Las personas alrededor de la mesa.
Los momentos de calma entre una cosa y otra.
⠀⠀⠀⠀⠀⠀⠀⠀⠀
Durante su tiempo aquí, @salomes.way pasó a formar parte de la historia de esta tierra, y este pequeño filme guarda algunos de esos recuerdos.
⠀⠀⠀⠀⠀⠀⠀⠀⠀
Quizás esta sea la clase de experiencia que tu alma ha estado buscando.
⠀⠀⠀⠀⠀⠀⠀⠀⠀
#retreatcenter #counciousliving #slowtravel","Some places stay with us long after we leave.
⠀⠀⠀⠀⠀⠀⠀⠀⠀
Not because of what we did there,
but because of how we felt.
⠀⠀⠀⠀⠀⠀⠀⠀⠀
The light through the trees.
The people around the table.
The quiet moments in between.
⠀⠀⠀⠀⠀⠀⠀⠀⠀
During her time here, @salomes.way became part of the story of this land, and this film carries a few of those memories.
⠀⠀⠀⠀⠀⠀⠀⠀⠀
Perhaps this is the kind of experience your soul has been looking for.
⠀⠀⠀⠀⠀⠀⠀⠀⠀
—
⠀⠀⠀⠀⠀⠀⠀⠀⠀
Hay lugares que permanecen con nosotros mucho después de habernos ido.
⠀⠀⠀⠀⠀⠀⠀⠀⠀
No por lo que hicimos allí,
sino por cómo nos hicieron sentir.
⠀⠀⠀⠀⠀⠀⠀⠀⠀
La luz entre los árboles.
Las personas alrededor de la mesa.
Los momentos de calma entre una cosa y otra.
⠀⠀⠀⠀⠀⠀⠀⠀⠀
Durante su tiempo aquí, @salomes.way pasó a formar parte de la historia de esta tierra, y este pequeño filme guarda algunos de esos recuerdos.
⠀⠀⠀⠀⠀⠀⠀⠀⠀
Quizás esta sea la clase de experiencia que tu alma ha estado buscando.
⠀⠀⠀⠀⠀⠀⠀⠀⠀
#retreatcenter #counciousliving #slowtravel",11,"06/12/2026 02:45",N/A,https://www.facebook.com/reel/1752963345722810/,1,0,Videos,,,,,06/29/2026,0,0,0,0,0,0,0,0,0,0,1.494,0,0,0,1.494,0,0,0,0,0,0,0,1.494,1.494,0,0,0
1520249619803817,100054563795107,"Almaíso at Finca El Drago","Some places stay with us long after we leave.
⠀⠀⠀⠀⠀⠀⠀⠀⠀
Not because of what we did there,
but because of how we felt.
⠀⠀⠀⠀⠀⠀⠀⠀⠀
The light through the trees.
The people around the table.
The quiet moments in between.
⠀⠀⠀⠀⠀⠀⠀⠀⠀
During her time here, @salomes.way became part of the story of this land, and this film carries a few of those memories.
⠀⠀⠀⠀⠀⠀⠀⠀⠀
Perhaps this is the kind of experience your soul has been looking for.
⠀⠀⠀⠀⠀⠀⠀⠀⠀
—
⠀⠀⠀⠀⠀⠀⠀⠀⠀
Hay lugares que permanecen con nosotros mucho después de habernos ido.
⠀⠀⠀⠀⠀⠀⠀⠀⠀
No por lo que hicimos allí,
sino por cómo nos hicieron sentir.
⠀⠀⠀⠀⠀⠀⠀⠀⠀
La luz entre los árboles.
Las personas alrededor de la mesa.
Los momentos de calma entre una cosa y otra.
⠀⠀⠀⠀⠀⠀⠀⠀⠀
Durante su tiempo aquí, @salomes.way pasó a formar parte de la historia de esta tierra, y este pequeño filme guarda algunos de esos recuerdos.
⠀⠀⠀⠀⠀⠀⠀⠀⠀
Quizás esta sea la clase de experiencia que tu alma ha estado buscando.
⠀⠀⠀⠀⠀⠀⠀⠀⠀
#retreatcenter #counciousliving #slowtravel","Some places stay with us long after we leave.
⠀⠀⠀⠀⠀⠀⠀⠀⠀
Not because of what we did there,
but because of how we felt.
⠀⠀⠀⠀⠀⠀⠀⠀⠀
The light through the trees.
The people around the table.
The quiet moments in between.
⠀⠀⠀⠀⠀⠀⠀⠀⠀
During her time here, @salomes.way became part of the story of this land, and this film carries a few of those memories.
⠀⠀⠀⠀⠀⠀⠀⠀⠀
Perhaps this is the kind of experience your soul has been looking for.
⠀⠀⠀⠀⠀⠀⠀⠀⠀
—
⠀⠀⠀⠀⠀⠀⠀⠀⠀
Hay lugares que permanecen con nosotros mucho después de habernos ido.
⠀⠀⠀⠀⠀⠀⠀⠀⠀
No por lo que hicimos allí,
sino por cómo nos hicieron sentir.
⠀⠀⠀⠀⠀⠀⠀⠀⠀
La luz entre los árboles.
Las personas alrededor de la mesa.
Los momentos de calma entre una cosa y otra.
⠀⠀⠀⠀⠀⠀⠀⠀⠀
Durante su tiempo aquí, @salomes.way pasó a formar parte de la historia de esta tierra, y este pequeño filme guarda algunos de esos recuerdos.
⠀⠀⠀⠀⠀⠀⠀⠀⠀
Quizás esta sea la clase de experiencia que tu alma ha estado buscando.
⠀⠀⠀⠀⠀⠀⠀⠀⠀
#retreatcenter #counciousliving #slowtravel",11,"06/12/2026 02:45",N/A,https://www.facebook.com/reel/1752963345722810/,1,0,Videos,,,,,06/30/2026,0,0,0,0,0,0,0,0,0,0,0,0,0,0,0,0,0,0,0,0,0,0,0,0,0,0,0
1518493716646074,100054563795107,"Almaíso at Finca El Drago","Some places are built with walls.
Others are built with people.
⠀⠀⠀⠀⠀⠀⠀⠀⠀
Almaíso has always been a collective creation.
⠀⠀⠀⠀⠀⠀⠀⠀⠀
A place shaped by many hands, many ideas, and a shared desire to care for the land and for one another.
⠀⠀⠀⠀⠀⠀⠀⠀⠀
As the gardens grow and the vision expands, we are reminded that what sustains this project is not only the soil beneath our feet, but the community that gathers around it.
⠀⠀⠀⠀⠀⠀⠀⠀⠀
We are grateful to everyone who contributes their presence to this unfolding story.
⠀⠀⠀⠀⠀⠀⠀⠀⠀
Because Almaíso is not something one person creates.
It is something we grow together 🏠💚
⠀⠀⠀⠀⠀⠀⠀⠀⠀
—
⠀⠀⠀⠀⠀⠀⠀⠀⠀
Hay lugares construidos con paredes.
Otros se construyen con personas.
⠀⠀⠀⠀⠀⠀⠀⠀⠀
Almaíso siempre ha sido una creación colectiva.
⠀⠀⠀⠀⠀⠀⠀⠀⠀
Un lugar moldeado por muchas manos, muchas ideas y un deseo compartido de cuidar la tierra y los unos a los otros.
⠀⠀⠀⠀⠀⠀⠀⠀⠀
A medida que los jardines crecen y la visión se expande, recordamos que lo que sostiene este proyecto no es solo el suelo bajo nuestros pies, sino la comunidad que se reúne a su alrededor.
⠀⠀⠀⠀⠀⠀⠀⠀⠀
Estamos agradecidos a todos los que contribuyen con su presencia a esta historia que continúa desplegándose.
⠀⠀⠀⠀⠀⠀⠀⠀⠀
Porque Almaíso no es algo que una sola persona crea.
Es algo que crecemos juntos 🏠💚
⠀⠀⠀⠀⠀⠀⠀⠀⠀
#almaisotenerife #retreatcenter #cousciousliving #tenerife","Some places are built with walls.
Others are built with people.
⠀⠀⠀⠀⠀⠀⠀⠀⠀
Almaíso has always been a collective creation.
⠀⠀⠀⠀⠀⠀⠀⠀⠀
A place shaped by many hands, many ideas, and a shared desire to care for the land and for one another.
⠀⠀⠀⠀⠀⠀⠀⠀⠀
As the gardens grow and the vision expands, we are reminded that what sustains this project is not only the soil beneath our feet, but the community that gathers around it.
⠀⠀⠀⠀⠀⠀⠀⠀⠀
We are grateful to everyone who contributes their presence to this unfolding story.
⠀⠀⠀⠀⠀⠀⠀⠀⠀
Because Almaíso is not something one person creates.
It is something we grow together 🏠💚
⠀⠀⠀⠀⠀⠀⠀⠀⠀
—
⠀⠀⠀⠀⠀⠀⠀⠀⠀
Hay lugares construidos con paredes.
Otros se construyen con personas.
⠀⠀⠀⠀⠀⠀⠀⠀⠀
Almaíso siempre ha sido una creación colectiva.
⠀⠀⠀⠀⠀⠀⠀⠀⠀
Un lugar moldeado por muchas manos, muchas ideas y un deseo compartido de cuidar la tierra y los unos a los otros.
⠀⠀⠀⠀⠀⠀⠀⠀⠀
A medida que los jardines crecen y la visión se expande, recordamos que lo que sostiene este proyecto no es solo el suelo bajo nuestros pies, sino la comunidad que se reúne a su alrededor.
⠀⠀⠀⠀⠀⠀⠀⠀⠀
Estamos agradecidos a todos los que contribuyen con su presencia a esta historia que continúa desplegándose.
⠀⠀⠀⠀⠀⠀⠀⠀⠀
Porque Almaíso no es algo que una sola persona crea.
Es algo que crecemos juntos 🏠💚
⠀⠀⠀⠀⠀⠀⠀⠀⠀
#almaisotenerife #retreatcenter #cousciousliving #tenerife",23,"06/10/2026 01:29",N/A,https://www.facebook.com/reel/2745936072456546/,1,0,Videos,,,,,06/01/2026,0,0,0,0,0,0,0,0,0,0,0,0,0,0,0,0,0,0,0,0,0,0,0,0,0,0,0
1518493716646074,100054563795107,"Almaíso at Finca El Drago","Some places are built with walls.
Others are built with people.
⠀⠀⠀⠀⠀⠀⠀⠀⠀
Almaíso has always been a collective creation.
⠀⠀⠀⠀⠀⠀⠀⠀⠀
A place shaped by many hands, many ideas, and a shared desire to care for the land and for one another.
⠀⠀⠀⠀⠀⠀⠀⠀⠀
As the gardens grow and the vision expands, we are reminded that what sustains this project is not only the soil beneath our feet, but the community that gathers around it.
⠀⠀⠀⠀⠀⠀⠀⠀⠀
We are grateful to everyone who contributes their presence to this unfolding story.
⠀⠀⠀⠀⠀⠀⠀⠀⠀
Because Almaíso is not something one person creates.
It is something we grow together 🏠💚
⠀⠀⠀⠀⠀⠀⠀⠀⠀
—
⠀⠀⠀⠀⠀⠀⠀⠀⠀
Hay lugares construidos con paredes.
Otros se construyen con personas.
⠀⠀⠀⠀⠀⠀⠀⠀⠀
Almaíso siempre ha sido una creación colectiva.
⠀⠀⠀⠀⠀⠀⠀⠀⠀
Un lugar moldeado por muchas manos, muchas ideas y un deseo compartido de cuidar la tierra y los unos a los otros.
⠀⠀⠀⠀⠀⠀⠀⠀⠀
A medida que los jardines crecen y la visión se expande, recordamos que lo que sostiene este proyecto no es solo el suelo bajo nuestros pies, sino la comunidad que se reúne a su alrededor.
⠀⠀⠀⠀⠀⠀⠀⠀⠀
Estamos agradecidos a todos los que contribuyen con su presencia a esta historia que continúa desplegándose.
⠀⠀⠀⠀⠀⠀⠀⠀⠀
Porque Almaíso no es algo que una sola persona crea.
Es algo que crecemos juntos 🏠💚
⠀⠀⠀⠀⠀⠀⠀⠀⠀
#almaisotenerife #retreatcenter #cousciousliving #tenerife","Some places are built with walls.
Others are built with people.
⠀⠀⠀⠀⠀⠀⠀⠀⠀
Almaíso has always been a collective creation.
⠀⠀⠀⠀⠀⠀⠀⠀⠀
A place shaped by many hands, many ideas, and a shared desire to care for the land and for one another.
⠀⠀⠀⠀⠀⠀⠀⠀⠀
As the gardens grow and the vision expands, we are reminded that what sustains this project is not only the soil beneath our feet, but the community that gathers around it.
⠀⠀⠀⠀⠀⠀⠀⠀⠀
We are grateful to everyone who contributes their presence to this unfolding story.
⠀⠀⠀⠀⠀⠀⠀⠀⠀
Because Almaíso is not something one person creates.
It is something we grow together 🏠💚
⠀⠀⠀⠀⠀⠀⠀⠀⠀
—
⠀⠀⠀⠀⠀⠀⠀⠀⠀
Hay lugares construidos con paredes.
Otros se construyen con personas.
⠀⠀⠀⠀⠀⠀⠀⠀⠀
Almaíso siempre ha sido una creación colectiva.
⠀⠀⠀⠀⠀⠀⠀⠀⠀
Un lugar moldeado por muchas manos, muchas ideas y un deseo compartido de cuidar la tierra y los unos a los otros.
⠀⠀⠀⠀⠀⠀⠀⠀⠀
A medida que los jardines crecen y la visión se expande, recordamos que lo que sostiene este proyecto no es solo el suelo bajo nuestros pies, sino la comunidad que se reúne a su alrededor.
⠀⠀⠀⠀⠀⠀⠀⠀⠀
Estamos agradecidos a todos los que contribuyen con su presencia a esta historia que continúa desplegándose.
⠀⠀⠀⠀⠀⠀⠀⠀⠀
Porque Almaíso no es algo que una sola persona crea.
Es algo que crecemos juntos 🏠💚
⠀⠀⠀⠀⠀⠀⠀⠀⠀
#almaisotenerife #retreatcenter #cousciousliving #tenerife",23,"06/10/2026 01:29",N/A,https://www.facebook.com/reel/2745936072456546/,1,0,Videos,,,,,06/02/2026,0,0,0,0,0,0,0,0,0,0,0,0,0,0,0,0,0,0,0,0,0,0,0,0,0,0,0
1518493716646074,100054563795107,"Almaíso at Finca El Drago","Some places are built with walls.
Others are built with people.
⠀⠀⠀⠀⠀⠀⠀⠀⠀
Almaíso has always been a collective creation.
⠀⠀⠀⠀⠀⠀⠀⠀⠀
A place shaped by many hands, many ideas, and a shared desire to care for the land and for one another.
⠀⠀⠀⠀⠀⠀⠀⠀⠀
As the gardens grow and the vision expands, we are reminded that what sustains this project is not only the soil beneath our feet, but the community that gathers around it.
⠀⠀⠀⠀⠀⠀⠀⠀⠀
We are grateful to everyone who contributes their presence to this unfolding story.
⠀⠀⠀⠀⠀⠀⠀⠀⠀
Because Almaíso is not something one person creates.
It is something we grow together 🏠💚
⠀⠀⠀⠀⠀⠀⠀⠀⠀
—
⠀⠀⠀⠀⠀⠀⠀⠀⠀
Hay lugares construidos con paredes.
Otros se construyen con personas.
⠀⠀⠀⠀⠀⠀⠀⠀⠀
Almaíso siempre ha sido una creación colectiva.
⠀⠀⠀⠀⠀⠀⠀⠀⠀
Un lugar moldeado por muchas manos, muchas ideas y un deseo compartido de cuidar la tierra y los unos a los otros.
⠀⠀⠀⠀⠀⠀⠀⠀⠀
A medida que los jardines crecen y la visión se expande, recordamos que lo que sostiene este proyecto no es solo el suelo bajo nuestros pies, sino la comunidad que se reúne a su alrededor.
⠀⠀⠀⠀⠀⠀⠀⠀⠀
Estamos agradecidos a todos los que contribuyen con su presencia a esta historia que continúa desplegándose.
⠀⠀⠀⠀⠀⠀⠀⠀⠀
Porque Almaíso no es algo que una sola persona crea.
Es algo que crecemos juntos 🏠💚
⠀⠀⠀⠀⠀⠀⠀⠀⠀
#almaisotenerife #retreatcenter #cousciousliving #tenerife","Some places are built with walls.
Others are built with people.
⠀⠀⠀⠀⠀⠀⠀⠀⠀
Almaíso has always been a collective creation.
⠀⠀⠀⠀⠀⠀⠀⠀⠀
A place shaped by many hands, many ideas, and a shared desire to care for the land and for one another.
⠀⠀⠀⠀⠀⠀⠀⠀⠀
As the gardens grow and the vision expands, we are reminded that what sustains this project is not only the soil beneath our feet, but the community that gathers around it.
⠀⠀⠀⠀⠀⠀⠀⠀⠀
We are grateful to everyone who contributes their presence to this unfolding story.
⠀⠀⠀⠀⠀⠀⠀⠀⠀
Because Almaíso is not something one person creates.
It is something we grow together 🏠💚
⠀⠀⠀⠀⠀⠀⠀⠀⠀
—
⠀⠀⠀⠀⠀⠀⠀⠀⠀
Hay lugares construidos con paredes.
Otros se construyen con personas.
⠀⠀⠀⠀⠀⠀⠀⠀⠀
Almaíso siempre ha sido una creación colectiva.
⠀⠀⠀⠀⠀⠀⠀⠀⠀
Un lugar moldeado por muchas manos, muchas ideas y un deseo compartido de cuidar la tierra y los unos a los otros.
⠀⠀⠀⠀⠀⠀⠀⠀⠀
A medida que los jardines crecen y la visión se expande, recordamos que lo que sostiene este proyecto no es solo el suelo bajo nuestros pies, sino la comunidad que se reúne a su alrededor.
⠀⠀⠀⠀⠀⠀⠀⠀⠀
Estamos agradecidos a todos los que contribuyen con su presencia a esta historia que continúa desplegándose.
⠀⠀⠀⠀⠀⠀⠀⠀⠀
Porque Almaíso no es algo que una sola persona crea.
Es algo que crecemos juntos 🏠💚
⠀⠀⠀⠀⠀⠀⠀⠀⠀
#almaisotenerife #retreatcenter #cousciousliving #tenerife",23,"06/10/2026 01:29",N/A,https://www.facebook.com/reel/2745936072456546/,1,0,Videos,,,,,06/03/2026,0,0,0,0,0,0,0,0,0,0,0,0,0,0,0,0,0,0,0,0,0,0,0,0,0,0,0
1518493716646074,100054563795107,"Almaíso at Finca El Drago","Some places are built with walls.
Others are built with people.
⠀⠀⠀⠀⠀⠀⠀⠀⠀
Almaíso has always been a collective creation.
⠀⠀⠀⠀⠀⠀⠀⠀⠀
A place shaped by many hands, many ideas, and a shared desire to care for the land and for one another.
⠀⠀⠀⠀⠀⠀⠀⠀⠀
As the gardens grow and the vision expands, we are reminded that what sustains this project is not only the soil beneath our feet, but the community that gathers around it.
⠀⠀⠀⠀⠀⠀⠀⠀⠀
We are grateful to everyone who contributes their presence to this unfolding story.
⠀⠀⠀⠀⠀⠀⠀⠀⠀
Because Almaíso is not something one person creates.
It is something we grow together 🏠💚
⠀⠀⠀⠀⠀⠀⠀⠀⠀
—
⠀⠀⠀⠀⠀⠀⠀⠀⠀
Hay lugares construidos con paredes.
Otros se construyen con personas.
⠀⠀⠀⠀⠀⠀⠀⠀⠀
Almaíso siempre ha sido una creación colectiva.
⠀⠀⠀⠀⠀⠀⠀⠀⠀
Un lugar moldeado por muchas manos, muchas ideas y un deseo compartido de cuidar la tierra y los unos a los otros.
⠀⠀⠀⠀⠀⠀⠀⠀⠀
A medida que los jardines crecen y la visión se expande, recordamos que lo que sostiene este proyecto no es solo el suelo bajo nuestros pies, sino la comunidad que se reúne a su alrededor.
⠀⠀⠀⠀⠀⠀⠀⠀⠀
Estamos agradecidos a todos los que contribuyen con su presencia a esta historia que continúa desplegándose.
⠀⠀⠀⠀⠀⠀⠀⠀⠀
Porque Almaíso no es algo que una sola persona crea.
Es algo que crecemos juntos 🏠💚
⠀⠀⠀⠀⠀⠀⠀⠀⠀
#almaisotenerife #retreatcenter #cousciousliving #tenerife","Some places are built with walls.
Others are built with people.
⠀⠀⠀⠀⠀⠀⠀⠀⠀
Almaíso has always been a collective creation.
⠀⠀⠀⠀⠀⠀⠀⠀⠀
A place shaped by many hands, many ideas, and a shared desire to care for the land and for one another.
⠀⠀⠀⠀⠀⠀⠀⠀⠀
As the gardens grow and the vision expands, we are reminded that what sustains this project is not only the soil beneath our feet, but the community that gathers around it.
⠀⠀⠀⠀⠀⠀⠀⠀⠀
We are grateful to everyone who contributes their presence to this unfolding story.
⠀⠀⠀⠀⠀⠀⠀⠀⠀
Because Almaíso is not something one person creates.
It is something we grow together 🏠💚
⠀⠀⠀⠀⠀⠀⠀⠀⠀
—
⠀⠀⠀⠀⠀⠀⠀⠀⠀
Hay lugares construidos con paredes.
Otros se construyen con personas.
⠀⠀⠀⠀⠀⠀⠀⠀⠀
Almaíso siempre ha sido una creación colectiva.
⠀⠀⠀⠀⠀⠀⠀⠀⠀
Un lugar moldeado por muchas manos, muchas ideas y un deseo compartido de cuidar la tierra y los unos a los otros.
⠀⠀⠀⠀⠀⠀⠀⠀⠀
A medida que los jardines crecen y la visión se expande, recordamos que lo que sostiene este proyecto no es solo el suelo bajo nuestros pies, sino la comunidad que se reúne a su alrededor.
⠀⠀⠀⠀⠀⠀⠀⠀⠀
Estamos agradecidos a todos los que contribuyen con su presencia a esta historia que continúa desplegándose.
⠀⠀⠀⠀⠀⠀⠀⠀⠀
Porque Almaíso no es algo que una sola persona crea.
Es algo que crecemos juntos 🏠💚
⠀⠀⠀⠀⠀⠀⠀⠀⠀
#almaisotenerife #retreatcenter #cousciousliving #tenerife",23,"06/10/2026 01:29",N/A,https://www.facebook.com/reel/2745936072456546/,1,0,Videos,,,,,06/04/2026,0,0,0,0,0,0,0,0,0,0,0,0,0,0,0,0,0,0,0,0,0,0,0,0,0,0,0
1518493716646074,100054563795107,"Almaíso at Finca El Drago","Some places are built with walls.
Others are built with people.
⠀⠀⠀⠀⠀⠀⠀⠀⠀
Almaíso has always been a collective creation.
⠀⠀⠀⠀⠀⠀⠀⠀⠀
A place shaped by many hands, many ideas, and a shared desire to care for the land and for one another.
⠀⠀⠀⠀⠀⠀⠀⠀⠀
As the gardens grow and the vision expands, we are reminded that what sustains this project is not only the soil beneath our feet, but the community that gathers around it.
⠀⠀⠀⠀⠀⠀⠀⠀⠀
We are grateful to everyone who contributes their presence to this unfolding story.
⠀⠀⠀⠀⠀⠀⠀⠀⠀
Because Almaíso is not something one person creates.
It is something we grow together 🏠💚
⠀⠀⠀⠀⠀⠀⠀⠀⠀
—
⠀⠀⠀⠀⠀⠀⠀⠀⠀
Hay lugares construidos con paredes.
Otros se construyen con personas.
⠀⠀⠀⠀⠀⠀⠀⠀⠀
Almaíso siempre ha sido una creación colectiva.
⠀⠀⠀⠀⠀⠀⠀⠀⠀
Un lugar moldeado por muchas manos, muchas ideas y un deseo compartido de cuidar la tierra y los unos a los otros.
⠀⠀⠀⠀⠀⠀⠀⠀⠀
A medida que los jardines crecen y la visión se expande, recordamos que lo que sostiene este proyecto no es solo el suelo bajo nuestros pies, sino la comunidad que se reúne a su alrededor.
⠀⠀⠀⠀⠀⠀⠀⠀⠀
Estamos agradecidos a todos los que contribuyen con su presencia a esta historia que continúa desplegándose.
⠀⠀⠀⠀⠀⠀⠀⠀⠀
Porque Almaíso no es algo que una sola persona crea.
Es algo que crecemos juntos 🏠💚
⠀⠀⠀⠀⠀⠀⠀⠀⠀
#almaisotenerife #retreatcenter #cousciousliving #tenerife","Some places are built with walls.
Others are built with people.
⠀⠀⠀⠀⠀⠀⠀⠀⠀
Almaíso has always been a collective creation.
⠀⠀⠀⠀⠀⠀⠀⠀⠀
A place shaped by many hands, many ideas, and a shared desire to care for the land and for one another.
⠀⠀⠀⠀⠀⠀⠀⠀⠀
As the gardens grow and the vision expands, we are reminded that what sustains this project is not only the soil beneath our feet, but the community that gathers around it.
⠀⠀⠀⠀⠀⠀⠀⠀⠀
We are grateful to everyone who contributes their presence to this unfolding story.
⠀⠀⠀⠀⠀⠀⠀⠀⠀
Because Almaíso is not something one person creates.
It is something we grow together 🏠💚
⠀⠀⠀⠀⠀⠀⠀⠀⠀
—
⠀⠀⠀⠀⠀⠀⠀⠀⠀
Hay lugares construidos con paredes.
Otros se construyen con personas.
⠀⠀⠀⠀⠀⠀⠀⠀⠀
Almaíso siempre ha sido una creación colectiva.
⠀⠀⠀⠀⠀⠀⠀⠀⠀
Un lugar moldeado por muchas manos, muchas ideas y un deseo compartido de cuidar la tierra y los unos a los otros.
⠀⠀⠀⠀⠀⠀⠀⠀⠀
A medida que los jardines crecen y la visión se expande, recordamos que lo que sostiene este proyecto no es solo el suelo bajo nuestros pies, sino la comunidad que se reúne a su alrededor.
⠀⠀⠀⠀⠀⠀⠀⠀⠀
Estamos agradecidos a todos los que contribuyen con su presencia a esta historia que continúa desplegándose.
⠀⠀⠀⠀⠀⠀⠀⠀⠀
Porque Almaíso no es algo que una sola persona crea.
Es algo que crecemos juntos 🏠💚
⠀⠀⠀⠀⠀⠀⠀⠀⠀
#almaisotenerife #retreatcenter #cousciousliving #tenerife",23,"06/10/2026 01:29",N/A,https://www.facebook.com/reel/2745936072456546/,1,0,Videos,,,,,06/05/2026,0,0,0,0,0,0,0,0,0,0,0,0,0,0,0,0,0,0,0,0,0,0,0,0,0,0,0
1518493716646074,100054563795107,"Almaíso at Finca El Drago","Some places are built with walls.
Others are built with people.
⠀⠀⠀⠀⠀⠀⠀⠀⠀
Almaíso has always been a collective creation.
⠀⠀⠀⠀⠀⠀⠀⠀⠀
A place shaped by many hands, many ideas, and a shared desire to care for the land and for one another.
⠀⠀⠀⠀⠀⠀⠀⠀⠀
As the gardens grow and the vision expands, we are reminded that what sustains this project is not only the soil beneath our feet, but the community that gathers around it.
⠀⠀⠀⠀⠀⠀⠀⠀⠀
We are grateful to everyone who contributes their presence to this unfolding story.
⠀⠀⠀⠀⠀⠀⠀⠀⠀
Because Almaíso is not something one person creates.
It is something we grow together 🏠💚
⠀⠀⠀⠀⠀⠀⠀⠀⠀
—
⠀⠀⠀⠀⠀⠀⠀⠀⠀
Hay lugares construidos con paredes.
Otros se construyen con personas.
⠀⠀⠀⠀⠀⠀⠀⠀⠀
Almaíso siempre ha sido una creación colectiva.
⠀⠀⠀⠀⠀⠀⠀⠀⠀
Un lugar moldeado por muchas manos, muchas ideas y un deseo compartido de cuidar la tierra y los unos a los otros.
⠀⠀⠀⠀⠀⠀⠀⠀⠀
A medida que los jardines crecen y la visión se expande, recordamos que lo que sostiene este proyecto no es solo el suelo bajo nuestros pies, sino la comunidad que se reúne a su alrededor.
⠀⠀⠀⠀⠀⠀⠀⠀⠀
Estamos agradecidos a todos los que contribuyen con su presencia a esta historia que continúa desplegándose.
⠀⠀⠀⠀⠀⠀⠀⠀⠀
Porque Almaíso no es algo que una sola persona crea.
Es algo que crecemos juntos 🏠💚
⠀⠀⠀⠀⠀⠀⠀⠀⠀
#almaisotenerife #retreatcenter #cousciousliving #tenerife","Some places are built with walls.
Others are built with people.
⠀⠀⠀⠀⠀⠀⠀⠀⠀
Almaíso has always been a collective creation.
⠀⠀⠀⠀⠀⠀⠀⠀⠀
A place shaped by many hands, many ideas, and a shared desire to care for the land and for one another.
⠀⠀⠀⠀⠀⠀⠀⠀⠀
As the gardens grow and the vision expands, we are reminded that what sustains this project is not only the soil beneath our feet, but the community that gathers around it.
⠀⠀⠀⠀⠀⠀⠀⠀⠀
We are grateful to everyone who contributes their presence to this unfolding story.
⠀⠀⠀⠀⠀⠀⠀⠀⠀
Because Almaíso is not something one person creates.
It is something we grow together 🏠💚
⠀⠀⠀⠀⠀⠀⠀⠀⠀
—
⠀⠀⠀⠀⠀⠀⠀⠀⠀
Hay lugares construidos con paredes.
Otros se construyen con personas.
⠀⠀⠀⠀⠀⠀⠀⠀⠀
Almaíso siempre ha sido una creación colectiva.
⠀⠀⠀⠀⠀⠀⠀⠀⠀
Un lugar moldeado por muchas manos, muchas ideas y un deseo compartido de cuidar la tierra y los unos a los otros.
⠀⠀⠀⠀⠀⠀⠀⠀⠀
A medida que los jardines crecen y la visión se expande, recordamos que lo que sostiene este proyecto no es solo el suelo bajo nuestros pies, sino la comunidad que se reúne a su alrededor.
⠀⠀⠀⠀⠀⠀⠀⠀⠀
Estamos agradecidos a todos los que contribuyen con su presencia a esta historia que continúa desplegándose.
⠀⠀⠀⠀⠀⠀⠀⠀⠀
Porque Almaíso no es algo que una sola persona crea.
Es algo que crecemos juntos 🏠💚
⠀⠀⠀⠀⠀⠀⠀⠀⠀
#almaisotenerife #retreatcenter #cousciousliving #tenerife",23,"06/10/2026 01:29",N/A,https://www.facebook.com/reel/2745936072456546/,1,0,Videos,,,,,06/06/2026,0,0,0,0,0,0,0,0,0,0,0,0,0,0,0,0,0,0,0,0,0,0,0,0,0,0,0
1518493716646074,100054563795107,"Almaíso at Finca El Drago","Some places are built with walls.
Others are built with people.
⠀⠀⠀⠀⠀⠀⠀⠀⠀
Almaíso has always been a collective creation.
⠀⠀⠀⠀⠀⠀⠀⠀⠀
A place shaped by many hands, many ideas, and a shared desire to care for the land and for one another.
⠀⠀⠀⠀⠀⠀⠀⠀⠀
As the gardens grow and the vision expands, we are reminded that what sustains this project is not only the soil beneath our feet, but the community that gathers around it.
⠀⠀⠀⠀⠀⠀⠀⠀⠀
We are grateful to everyone who contributes their presence to this unfolding story.
⠀⠀⠀⠀⠀⠀⠀⠀⠀
Because Almaíso is not something one person creates.
It is something we grow together 🏠💚
⠀⠀⠀⠀⠀⠀⠀⠀⠀
—
⠀⠀⠀⠀⠀⠀⠀⠀⠀
Hay lugares construidos con paredes.
Otros se construyen con personas.
⠀⠀⠀⠀⠀⠀⠀⠀⠀
Almaíso siempre ha sido una creación colectiva.
⠀⠀⠀⠀⠀⠀⠀⠀⠀
Un lugar moldeado por muchas manos, muchas ideas y un deseo compartido de cuidar la tierra y los unos a los otros.
⠀⠀⠀⠀⠀⠀⠀⠀⠀
A medida que los jardines crecen y la visión se expande, recordamos que lo que sostiene este proyecto no es solo el suelo bajo nuestros pies, sino la comunidad que se reúne a su alrededor.
⠀⠀⠀⠀⠀⠀⠀⠀⠀
Estamos agradecidos a todos los que contribuyen con su presencia a esta historia que continúa desplegándose.
⠀⠀⠀⠀⠀⠀⠀⠀⠀
Porque Almaíso no es algo que una sola persona crea.
Es algo que crecemos juntos 🏠💚
⠀⠀⠀⠀⠀⠀⠀⠀⠀
#almaisotenerife #retreatcenter #cousciousliving #tenerife","Some places are built with walls.
Others are built with people.
⠀⠀⠀⠀⠀⠀⠀⠀⠀
Almaíso has always been a collective creation.
⠀⠀⠀⠀⠀⠀⠀⠀⠀
A place shaped by many hands, many ideas, and a shared desire to care for the land and for one another.
⠀⠀⠀⠀⠀⠀⠀⠀⠀
As the gardens grow and the vision expands, we are reminded that what sustains this project is not only the soil beneath our feet, but the community that gathers around it.
⠀⠀⠀⠀⠀⠀⠀⠀⠀
We are grateful to everyone who contributes their presence to this unfolding story.
⠀⠀⠀⠀⠀⠀⠀⠀⠀
Because Almaíso is not something one person creates.
It is something we grow together 🏠💚
⠀⠀⠀⠀⠀⠀⠀⠀⠀
—
⠀⠀⠀⠀⠀⠀⠀⠀⠀
Hay lugares construidos con paredes.
Otros se construyen con personas.
⠀⠀⠀⠀⠀⠀⠀⠀⠀
Almaíso siempre ha sido una creación colectiva.
⠀⠀⠀⠀⠀⠀⠀⠀⠀
Un lugar moldeado por muchas manos, muchas ideas y un deseo compartido de cuidar la tierra y los unos a los otros.
⠀⠀⠀⠀⠀⠀⠀⠀⠀
A medida que los jardines crecen y la visión se expande, recordamos que lo que sostiene este proyecto no es solo el suelo bajo nuestros pies, sino la comunidad que se reúne a su alrededor.
⠀⠀⠀⠀⠀⠀⠀⠀⠀
Estamos agradecidos a todos los que contribuyen con su presencia a esta historia que continúa desplegándose.
⠀⠀⠀⠀⠀⠀⠀⠀⠀
Porque Almaíso no es algo que una sola persona crea.
Es algo que crecemos juntos 🏠💚
⠀⠀⠀⠀⠀⠀⠀⠀⠀
#almaisotenerife #retreatcenter #cousciousliving #tenerife",23,"06/10/2026 01:29",N/A,https://www.facebook.com/reel/2745936072456546/,1,0,Videos,,,,,06/07/2026,0,0,0,0,0,0,0,0,0,0,0,0,0,0,0,0,0,0,0,0,0,0,0,0,0,0,0
1518493716646074,100054563795107,"Almaíso at Finca El Drago","Some places are built with walls.
Others are built with people.
⠀⠀⠀⠀⠀⠀⠀⠀⠀
Almaíso has always been a collective creation.
⠀⠀⠀⠀⠀⠀⠀⠀⠀
A place shaped by many hands, many ideas, and a shared desire to care for the land and for one another.
⠀⠀⠀⠀⠀⠀⠀⠀⠀
As the gardens grow and the vision expands, we are reminded that what sustains this project is not only the soil beneath our feet, but the community that gathers around it.
⠀⠀⠀⠀⠀⠀⠀⠀⠀
We are grateful to everyone who contributes their presence to this unfolding story.
⠀⠀⠀⠀⠀⠀⠀⠀⠀
Because Almaíso is not something one person creates.
It is something we grow together 🏠💚
⠀⠀⠀⠀⠀⠀⠀⠀⠀
—
⠀⠀⠀⠀⠀⠀⠀⠀⠀
Hay lugares construidos con paredes.
Otros se construyen con personas.
⠀⠀⠀⠀⠀⠀⠀⠀⠀
Almaíso siempre ha sido una creación colectiva.
⠀⠀⠀⠀⠀⠀⠀⠀⠀
Un lugar moldeado por muchas manos, muchas ideas y un deseo compartido de cuidar la tierra y los unos a los otros.
⠀⠀⠀⠀⠀⠀⠀⠀⠀
A medida que los jardines crecen y la visión se expande, recordamos que lo que sostiene este proyecto no es solo el suelo bajo nuestros pies, sino la comunidad que se reúne a su alrededor.
⠀⠀⠀⠀⠀⠀⠀⠀⠀
Estamos agradecidos a todos los que contribuyen con su presencia a esta historia que continúa desplegándose.
⠀⠀⠀⠀⠀⠀⠀⠀⠀
Porque Almaíso no es algo que una sola persona crea.
Es algo que crecemos juntos 🏠💚
⠀⠀⠀⠀⠀⠀⠀⠀⠀
#almaisotenerife #retreatcenter #cousciousliving #tenerife","Some places are built with walls.
Others are built with people.
⠀⠀⠀⠀⠀⠀⠀⠀⠀
Almaíso has always been a collective creation.
⠀⠀⠀⠀⠀⠀⠀⠀⠀
A place shaped by many hands, many ideas, and a shared desire to care for the land and for one another.
⠀⠀⠀⠀⠀⠀⠀⠀⠀
As the gardens grow and the vision expands, we are reminded that what sustains this project is not only the soil beneath our feet, but the community that gathers around it.
⠀⠀⠀⠀⠀⠀⠀⠀⠀
We are grateful to everyone who contributes their presence to this unfolding story.
⠀⠀⠀⠀⠀⠀⠀⠀⠀
Because Almaíso is not something one person creates.
It is something we grow together 🏠💚
⠀⠀⠀⠀⠀⠀⠀⠀⠀
—
⠀⠀⠀⠀⠀⠀⠀⠀⠀
Hay lugares construidos con paredes.
Otros se construyen con personas.
⠀⠀⠀⠀⠀⠀⠀⠀⠀
Almaíso siempre ha sido una creación colectiva.
⠀⠀⠀⠀⠀⠀⠀⠀⠀
Un lugar moldeado por muchas manos, muchas ideas y un deseo compartido de cuidar la tierra y los unos a los otros.
⠀⠀⠀⠀⠀⠀⠀⠀⠀
A medida que los jardines crecen y la visión se expande, recordamos que lo que sostiene este proyecto no es solo el suelo bajo nuestros pies, sino la comunidad que se reúne a su alrededor.
⠀⠀⠀⠀⠀⠀⠀⠀⠀
Estamos agradecidos a todos los que contribuyen con su presencia a esta historia que continúa desplegándose.
⠀⠀⠀⠀⠀⠀⠀⠀⠀
Porque Almaíso no es algo que una sola persona crea.
Es algo que crecemos juntos 🏠💚
⠀⠀⠀⠀⠀⠀⠀⠀⠀
#almaisotenerife #retreatcenter #cousciousliving #tenerife",23,"06/10/2026 01:29",N/A,https://www.facebook.com/reel/2745936072456546/,1,0,Videos,,,,,06/08/2026,0,0,0,0,0,0,0,0,0,0,0,0,0,0,0,0,0,0,0,0,0,0,0,0,0,0,0
1518493716646074,100054563795107,"Almaíso at Finca El Drago","Some places are built with walls.
Others are built with people.
⠀⠀⠀⠀⠀⠀⠀⠀⠀
Almaíso has always been a collective creation.
⠀⠀⠀⠀⠀⠀⠀⠀⠀
A place shaped by many hands, many ideas, and a shared desire to care for the land and for one another.
⠀⠀⠀⠀⠀⠀⠀⠀⠀
As the gardens grow and the vision expands, we are reminded that what sustains this project is not only the soil beneath our feet, but the community that gathers around it.
⠀⠀⠀⠀⠀⠀⠀⠀⠀
We are grateful to everyone who contributes their presence to this unfolding story.
⠀⠀⠀⠀⠀⠀⠀⠀⠀
Because Almaíso is not something one person creates.
It is something we grow together 🏠💚
⠀⠀⠀⠀⠀⠀⠀⠀⠀
—
⠀⠀⠀⠀⠀⠀⠀⠀⠀
Hay lugares construidos con paredes.
Otros se construyen con personas.
⠀⠀⠀⠀⠀⠀⠀⠀⠀
Almaíso siempre ha sido una creación colectiva.
⠀⠀⠀⠀⠀⠀⠀⠀⠀
Un lugar moldeado por muchas manos, muchas ideas y un deseo compartido de cuidar la tierra y los unos a los otros.
⠀⠀⠀⠀⠀⠀⠀⠀⠀
A medida que los jardines crecen y la visión se expande, recordamos que lo que sostiene este proyecto no es solo el suelo bajo nuestros pies, sino la comunidad que se reúne a su alrededor.
⠀⠀⠀⠀⠀⠀⠀⠀⠀
Estamos agradecidos a todos los que contribuyen con su presencia a esta historia que continúa desplegándose.
⠀⠀⠀⠀⠀⠀⠀⠀⠀
Porque Almaíso no es algo que una sola persona crea.
Es algo que crecemos juntos 🏠💚
⠀⠀⠀⠀⠀⠀⠀⠀⠀
#almaisotenerife #retreatcenter #cousciousliving #tenerife","Some places are built with walls.
Others are built with people.
⠀⠀⠀⠀⠀⠀⠀⠀⠀
Almaíso has always been a collective creation.
⠀⠀⠀⠀⠀⠀⠀⠀⠀
A place shaped by many hands, many ideas, and a shared desire to care for the land and for one another.
⠀⠀⠀⠀⠀⠀⠀⠀⠀
As the gardens grow and the vision expands, we are reminded that what sustains this project is not only the soil beneath our feet, but the community that gathers around it.
⠀⠀⠀⠀⠀⠀⠀⠀⠀
We are grateful to everyone who contributes their presence to this unfolding story.
⠀⠀⠀⠀⠀⠀⠀⠀⠀
Because Almaíso is not something one person creates.
It is something we grow together 🏠💚
⠀⠀⠀⠀⠀⠀⠀⠀⠀
—
⠀⠀⠀⠀⠀⠀⠀⠀⠀
Hay lugares construidos con paredes.
Otros se construyen con personas.
⠀⠀⠀⠀⠀⠀⠀⠀⠀
Almaíso siempre ha sido una creación colectiva.
⠀⠀⠀⠀⠀⠀⠀⠀⠀
Un lugar moldeado por muchas manos, muchas ideas y un deseo compartido de cuidar la tierra y los unos a los otros.
⠀⠀⠀⠀⠀⠀⠀⠀⠀
A medida que los jardines crecen y la visión se expande, recordamos que lo que sostiene este proyecto no es solo el suelo bajo nuestros pies, sino la comunidad que se reúne a su alrededor.
⠀⠀⠀⠀⠀⠀⠀⠀⠀
Estamos agradecidos a todos los que contribuyen con su presencia a esta historia que continúa desplegándose.
⠀⠀⠀⠀⠀⠀⠀⠀⠀
Porque Almaíso no es algo que una sola persona crea.
Es algo que crecemos juntos 🏠💚
⠀⠀⠀⠀⠀⠀⠀⠀⠀
#almaisotenerife #retreatcenter #cousciousliving #tenerife",23,"06/10/2026 01:29",N/A,https://www.facebook.com/reel/2745936072456546/,1,0,Videos,,,,,06/09/2026,0,0,0,0,0,0,0,0,0,0,0,0,0,0,0,0,0,0,0,0,0,0,0,0,0,0,0
1518493716646074,100054563795107,"Almaíso at Finca El Drago","Some places are built with walls.
Others are built with people.
⠀⠀⠀⠀⠀⠀⠀⠀⠀
Almaíso has always been a collective creation.
⠀⠀⠀⠀⠀⠀⠀⠀⠀
A place shaped by many hands, many ideas, and a shared desire to care for the land and for one another.
⠀⠀⠀⠀⠀⠀⠀⠀⠀
As the gardens grow and the vision expands, we are reminded that what sustains this project is not only the soil beneath our feet, but the community that gathers around it.
⠀⠀⠀⠀⠀⠀⠀⠀⠀
We are grateful to everyone who contributes their presence to this unfolding story.
⠀⠀⠀⠀⠀⠀⠀⠀⠀
Because Almaíso is not something one person creates.
It is something we grow together 🏠💚
⠀⠀⠀⠀⠀⠀⠀⠀⠀
—
⠀⠀⠀⠀⠀⠀⠀⠀⠀
Hay lugares construidos con paredes.
Otros se construyen con personas.
⠀⠀⠀⠀⠀⠀⠀⠀⠀
Almaíso siempre ha sido una creación colectiva.
⠀⠀⠀⠀⠀⠀⠀⠀⠀
Un lugar moldeado por muchas manos, muchas ideas y un deseo compartido de cuidar la tierra y los unos a los otros.
⠀⠀⠀⠀⠀⠀⠀⠀⠀
A medida que los jardines crecen y la visión se expande, recordamos que lo que sostiene este proyecto no es solo el suelo bajo nuestros pies, sino la comunidad que se reúne a su alrededor.
⠀⠀⠀⠀⠀⠀⠀⠀⠀
Estamos agradecidos a todos los que contribuyen con su presencia a esta historia que continúa desplegándose.
⠀⠀⠀⠀⠀⠀⠀⠀⠀
Porque Almaíso no es algo que una sola persona crea.
Es algo que crecemos juntos 🏠💚
⠀⠀⠀⠀⠀⠀⠀⠀⠀
#almaisotenerife #retreatcenter #cousciousliving #tenerife","Some places are built with walls.
Others are built with people.
⠀⠀⠀⠀⠀⠀⠀⠀⠀
Almaíso has always been a collective creation.
⠀⠀⠀⠀⠀⠀⠀⠀⠀
A place shaped by many hands, many ideas, and a shared desire to care for the land and for one another.
⠀⠀⠀⠀⠀⠀⠀⠀⠀
As the gardens grow and the vision expands, we are reminded that what sustains this project is not only the soil beneath our feet, but the community that gathers around it.
⠀⠀⠀⠀⠀⠀⠀⠀⠀
We are grateful to everyone who contributes their presence to this unfolding story.
⠀⠀⠀⠀⠀⠀⠀⠀⠀
Because Almaíso is not something one person creates.
It is something we grow together 🏠💚
⠀⠀⠀⠀⠀⠀⠀⠀⠀
—
⠀⠀⠀⠀⠀⠀⠀⠀⠀
Hay lugares construidos con paredes.
Otros se construyen con personas.
⠀⠀⠀⠀⠀⠀⠀⠀⠀
Almaíso siempre ha sido una creación colectiva.
⠀⠀⠀⠀⠀⠀⠀⠀⠀
Un lugar moldeado por muchas manos, muchas ideas y un deseo compartido de cuidar la tierra y los unos a los otros.
⠀⠀⠀⠀⠀⠀⠀⠀⠀
A medida que los jardines crecen y la visión se expande, recordamos que lo que sostiene este proyecto no es solo el suelo bajo nuestros pies, sino la comunidad que se reúne a su alrededor.
⠀⠀⠀⠀⠀⠀⠀⠀⠀
Estamos agradecidos a todos los que contribuyen con su presencia a esta historia que continúa desplegándose.
⠀⠀⠀⠀⠀⠀⠀⠀⠀
Porque Almaíso no es algo que una sola persona crea.
Es algo que crecemos juntos 🏠💚
⠀⠀⠀⠀⠀⠀⠀⠀⠀
#almaisotenerife #retreatcenter #cousciousliving #tenerife",23,"06/10/2026 01:29",N/A,https://www.facebook.com/reel/2745936072456546/,1,0,Videos,,,,,06/10/2026,92,0,67,0,0,92,0,0,0,0,665.329,0,1869.756,0,3.311,0,13.452,0,3,3,0,0,2535.085,7.456,0,0,0
1518493716646074,100054563795107,"Almaíso at Finca El Drago","Some places are built with walls.
Others are built with people.
⠀⠀⠀⠀⠀⠀⠀⠀⠀
Almaíso has always been a collective creation.
⠀⠀⠀⠀⠀⠀⠀⠀⠀
A place shaped by many hands, many ideas, and a shared desire to care for the land and for one another.
⠀⠀⠀⠀⠀⠀⠀⠀⠀
As the gardens grow and the vision expands, we are reminded that what sustains this project is not only the soil beneath our feet, but the community that gathers around it.
⠀⠀⠀⠀⠀⠀⠀⠀⠀
We are grateful to everyone who contributes their presence to this unfolding story.
⠀⠀⠀⠀⠀⠀⠀⠀⠀
Because Almaíso is not something one person creates.
It is something we grow together 🏠💚
⠀⠀⠀⠀⠀⠀⠀⠀⠀
—
⠀⠀⠀⠀⠀⠀⠀⠀⠀
Hay lugares construidos con paredes.
Otros se construyen con personas.
⠀⠀⠀⠀⠀⠀⠀⠀⠀
Almaíso siempre ha sido una creación colectiva.
⠀⠀⠀⠀⠀⠀⠀⠀⠀
Un lugar moldeado por muchas manos, muchas ideas y un deseo compartido de cuidar la tierra y los unos a los otros.
⠀⠀⠀⠀⠀⠀⠀⠀⠀
A medida que los jardines crecen y la visión se expande, recordamos que lo que sostiene este proyecto no es solo el suelo bajo nuestros pies, sino la comunidad que se reúne a su alrededor.
⠀⠀⠀⠀⠀⠀⠀⠀⠀
Estamos agradecidos a todos los que contribuyen con su presencia a esta historia que continúa desplegándose.
⠀⠀⠀⠀⠀⠀⠀⠀⠀
Porque Almaíso no es algo que una sola persona crea.
Es algo que crecemos juntos 🏠💚
⠀⠀⠀⠀⠀⠀⠀⠀⠀
#almaisotenerife #retreatcenter #cousciousliving #tenerife","Some places are built with walls.
Others are built with people.
⠀⠀⠀⠀⠀⠀⠀⠀⠀
Almaíso has always been a collective creation.
⠀⠀⠀⠀⠀⠀⠀⠀⠀
A place shaped by many hands, many ideas, and a shared desire to care for the land and for one another.
⠀⠀⠀⠀⠀⠀⠀⠀⠀
As the gardens grow and the vision expands, we are reminded that what sustains this project is not only the soil beneath our feet, but the community that gathers around it.
⠀⠀⠀⠀⠀⠀⠀⠀⠀
We are grateful to everyone who contributes their presence to this unfolding story.
⠀⠀⠀⠀⠀⠀⠀⠀⠀
Because Almaíso is not something one person creates.
It is something we grow together 🏠💚
⠀⠀⠀⠀⠀⠀⠀⠀⠀
—
⠀⠀⠀⠀⠀⠀⠀⠀⠀
Hay lugares construidos con paredes.
Otros se construyen con personas.
⠀⠀⠀⠀⠀⠀⠀⠀⠀
Almaíso siempre ha sido una creación colectiva.
⠀⠀⠀⠀⠀⠀⠀⠀⠀
Un lugar moldeado por muchas manos, muchas ideas y un deseo compartido de cuidar la tierra y los unos a los otros.
⠀⠀⠀⠀⠀⠀⠀⠀⠀
A medida que los jardines crecen y la visión se expande, recordamos que lo que sostiene este proyecto no es solo el suelo bajo nuestros pies, sino la comunidad que se reúne a su alrededor.
⠀⠀⠀⠀⠀⠀⠀⠀⠀
Estamos agradecidos a todos los que contribuyen con su presencia a esta historia que continúa desplegándose.
⠀⠀⠀⠀⠀⠀⠀⠀⠀
Porque Almaíso no es algo que una sola persona crea.
Es algo que crecemos juntos 🏠💚
⠀⠀⠀⠀⠀⠀⠀⠀⠀
#almaisotenerife #retreatcenter #cousciousliving #tenerife",23,"06/10/2026 01:29",N/A,https://www.facebook.com/reel/2745936072456546/,1,0,Videos,,,,,06/11/2026,8,0,7,0,0,8,0,0,0,0,11.433,0,143.386,0,5.717,0,6.235,0,1,1,0,0,154.819,6.192,0,0,0
1518493716646074,100054563795107,"Almaíso at Finca El Drago","Some places are built with walls.
Others are built with people.
⠀⠀⠀⠀⠀⠀⠀⠀⠀
Almaíso has always been a collective creation.
⠀⠀⠀⠀⠀⠀⠀⠀⠀
A place shaped by many hands, many ideas, and a shared desire to care for the land and for one another.
⠀⠀⠀⠀⠀⠀⠀⠀⠀
As the gardens grow and the vision expands, we are reminded that what sustains this project is not only the soil beneath our feet, but the community that gathers around it.
⠀⠀⠀⠀⠀⠀⠀⠀⠀
We are grateful to everyone who contributes their presence to this unfolding story.
⠀⠀⠀⠀⠀⠀⠀⠀⠀
Because Almaíso is not something one person creates.
It is something we grow together 🏠💚
⠀⠀⠀⠀⠀⠀⠀⠀⠀
—
⠀⠀⠀⠀⠀⠀⠀⠀⠀
Hay lugares construidos con paredes.
Otros se construyen con personas.
⠀⠀⠀⠀⠀⠀⠀⠀⠀
Almaíso siempre ha sido una creación colectiva.
⠀⠀⠀⠀⠀⠀⠀⠀⠀
Un lugar moldeado por muchas manos, muchas ideas y un deseo compartido de cuidar la tierra y los unos a los otros.
⠀⠀⠀⠀⠀⠀⠀⠀⠀
A medida que los jardines crecen y la visión se expande, recordamos que lo que sostiene este proyecto no es solo el suelo bajo nuestros pies, sino la comunidad que se reúne a su alrededor.
⠀⠀⠀⠀⠀⠀⠀⠀⠀
Estamos agradecidos a todos los que contribuyen con su presencia a esta historia que continúa desplegándose.
⠀⠀⠀⠀⠀⠀⠀⠀⠀
Porque Almaíso no es algo que una sola persona crea.
Es algo que crecemos juntos 🏠💚
⠀⠀⠀⠀⠀⠀⠀⠀⠀
#almaisotenerife #retreatcenter #cousciousliving #tenerife","Some places are built with walls.
Others are built with people.
⠀⠀⠀⠀⠀⠀⠀⠀⠀
Almaíso has always been a collective creation.
⠀⠀⠀⠀⠀⠀⠀⠀⠀
A place shaped by many hands, many ideas, and a shared desire to care for the land and for one another.
⠀⠀⠀⠀⠀⠀⠀⠀⠀
As the gardens grow and the vision expands, we are reminded that what sustains this project is not only the soil beneath our feet, but the community that gathers around it.
⠀⠀⠀⠀⠀⠀⠀⠀⠀
We are grateful to everyone who contributes their presence to this unfolding story.
⠀⠀⠀⠀⠀⠀⠀⠀⠀
Because Almaíso is not something one person creates.
It is something we grow together 🏠💚
⠀⠀⠀⠀⠀⠀⠀⠀⠀
—
⠀⠀⠀⠀⠀⠀⠀⠀⠀
Hay lugares construidos con paredes.
Otros se construyen con personas.
⠀⠀⠀⠀⠀⠀⠀⠀⠀
Almaíso siempre ha sido una creación colectiva.
⠀⠀⠀⠀⠀⠀⠀⠀⠀
Un lugar moldeado por muchas manos, muchas ideas y un deseo compartido de cuidar la tierra y los unos a los otros.
⠀⠀⠀⠀⠀⠀⠀⠀⠀
A medida que los jardines crecen y la visión se expande, recordamos que lo que sostiene este proyecto no es solo el suelo bajo nuestros pies, sino la comunidad que se reúne a su alrededor.
⠀⠀⠀⠀⠀⠀⠀⠀⠀
Estamos agradecidos a todos los que contribuyen con su presencia a esta historia que continúa desplegándose.
⠀⠀⠀⠀⠀⠀⠀⠀⠀
Porque Almaíso no es algo que una sola persona crea.
Es algo que crecemos juntos 🏠💚
⠀⠀⠀⠀⠀⠀⠀⠀⠀
#almaisotenerife #retreatcenter #cousciousliving #tenerife",23,"06/10/2026 01:29",N/A,https://www.facebook.com/reel/2745936072456546/,1,0,Videos,,,,,06/12/2026,3,0,3,0,0,3,0,0,0,0,0,0,94.268,0,0,0,7.856,0,0,0,0,0,94.268,7.855,0,0,0
1518493716646074,100054563795107,"Almaíso at Finca El Drago","Some places are built with walls.
Others are built with people.
⠀⠀⠀⠀⠀⠀⠀⠀⠀
Almaíso has always been a collective creation.
⠀⠀⠀⠀⠀⠀⠀⠀⠀
A place shaped by many hands, many ideas, and a shared desire to care for the land and for one another.
⠀⠀⠀⠀⠀⠀⠀⠀⠀
As the gardens grow and the vision expands, we are reminded that what sustains this project is not only the soil beneath our feet, but the community that gathers around it.
⠀⠀⠀⠀⠀⠀⠀⠀⠀
We are grateful to everyone who contributes their presence to this unfolding story.
⠀⠀⠀⠀⠀⠀⠀⠀⠀
Because Almaíso is not something one person creates.
It is something we grow together 🏠💚
⠀⠀⠀⠀⠀⠀⠀⠀⠀
—
⠀⠀⠀⠀⠀⠀⠀⠀⠀
Hay lugares construidos con paredes.
Otros se construyen con personas.
⠀⠀⠀⠀⠀⠀⠀⠀⠀
Almaíso siempre ha sido una creación colectiva.
⠀⠀⠀⠀⠀⠀⠀⠀⠀
Un lugar moldeado por muchas manos, muchas ideas y un deseo compartido de cuidar la tierra y los unos a los otros.
⠀⠀⠀⠀⠀⠀⠀⠀⠀
A medida que los jardines crecen y la visión se expande, recordamos que lo que sostiene este proyecto no es solo el suelo bajo nuestros pies, sino la comunidad que se reúne a su alrededor.
⠀⠀⠀⠀⠀⠀⠀⠀⠀
Estamos agradecidos a todos los que contribuyen con su presencia a esta historia que continúa desplegándose.
⠀⠀⠀⠀⠀⠀⠀⠀⠀
Porque Almaíso no es algo que una sola persona crea.
Es algo que crecemos juntos 🏠💚
⠀⠀⠀⠀⠀⠀⠀⠀⠀
#almaisotenerife #retreatcenter #cousciousliving #tenerife","Some places are built with walls.
Others are built with people.
⠀⠀⠀⠀⠀⠀⠀⠀⠀
Almaíso has always been a collective creation.
⠀⠀⠀⠀⠀⠀⠀⠀⠀
A place shaped by many hands, many ideas, and a shared desire to care for the land and for one another.
⠀⠀⠀⠀⠀⠀⠀⠀⠀
As the gardens grow and the vision expands, we are reminded that what sustains this project is not only the soil beneath our feet, but the community that gathers around it.
⠀⠀⠀⠀⠀⠀⠀⠀⠀
We are grateful to everyone who contributes their presence to this unfolding story.
⠀⠀⠀⠀⠀⠀⠀⠀⠀
Because Almaíso is not something one person creates.
It is something we grow together 🏠💚
⠀⠀⠀⠀⠀⠀⠀⠀⠀
—
⠀⠀⠀⠀⠀⠀⠀⠀⠀
Hay lugares construidos con paredes.
Otros se construyen con personas.
⠀⠀⠀⠀⠀⠀⠀⠀⠀
Almaíso siempre ha sido una creación colectiva.
⠀⠀⠀⠀⠀⠀⠀⠀⠀
Un lugar moldeado por muchas manos, muchas ideas y un deseo compartido de cuidar la tierra y los unos a los otros.
⠀⠀⠀⠀⠀⠀⠀⠀⠀
A medida que los jardines crecen y la visión se expande, recordamos que lo que sostiene este proyecto no es solo el suelo bajo nuestros pies, sino la comunidad que se reúne a su alrededor.
⠀⠀⠀⠀⠀⠀⠀⠀⠀
Estamos agradecidos a todos los que contribuyen con su presencia a esta historia que continúa desplegándose.
⠀⠀⠀⠀⠀⠀⠀⠀⠀
Porque Almaíso no es algo que una sola persona crea.
Es algo que crecemos juntos 🏠💚
⠀⠀⠀⠀⠀⠀⠀⠀⠀
#almaisotenerife #retreatcenter #cousciousliving #tenerife",23,"06/10/2026 01:29",N/A,https://www.facebook.com/reel/2745936072456546/,1,0,Videos,,,,,06/13/2026,3,0,3,0,0,3,0,0,0,0,7.077,0,36.403,0,2.359,0,6.068,0,0,0,0,0,43.48,4.831,0,0,0
1518493716646074,100054563795107,"Almaíso at Finca El Drago","Some places are built with walls.
Others are built with people.
⠀⠀⠀⠀⠀⠀⠀⠀⠀
Almaíso has always been a collective creation.
⠀⠀⠀⠀⠀⠀⠀⠀⠀
A place shaped by many hands, many ideas, and a shared desire to care for the land and for one another.
⠀⠀⠀⠀⠀⠀⠀⠀⠀
As the gardens grow and the vision expands, we are reminded that what sustains this project is not only the soil beneath our feet, but the community that gathers around it.
⠀⠀⠀⠀⠀⠀⠀⠀⠀
We are grateful to everyone who contributes their presence to this unfolding story.
⠀⠀⠀⠀⠀⠀⠀⠀⠀
Because Almaíso is not something one person creates.
It is something we grow together 🏠💚
⠀⠀⠀⠀⠀⠀⠀⠀⠀
—
⠀⠀⠀⠀⠀⠀⠀⠀⠀
Hay lugares construidos con paredes.
Otros se construyen con personas.
⠀⠀⠀⠀⠀⠀⠀⠀⠀
Almaíso siempre ha sido una creación colectiva.
⠀⠀⠀⠀⠀⠀⠀⠀⠀
Un lugar moldeado por muchas manos, muchas ideas y un deseo compartido de cuidar la tierra y los unos a los otros.
⠀⠀⠀⠀⠀⠀⠀⠀⠀
A medida que los jardines crecen y la visión se expande, recordamos que lo que sostiene este proyecto no es solo el suelo bajo nuestros pies, sino la comunidad que se reúne a su alrededor.
⠀⠀⠀⠀⠀⠀⠀⠀⠀
Estamos agradecidos a todos los que contribuyen con su presencia a esta historia que continúa desplegándose.
⠀⠀⠀⠀⠀⠀⠀⠀⠀
Porque Almaíso no es algo que una sola persona crea.
Es algo que crecemos juntos 🏠💚
⠀⠀⠀⠀⠀⠀⠀⠀⠀
#almaisotenerife #retreatcenter #cousciousliving #tenerife","Some places are built with walls.
Others are built with people.
⠀⠀⠀⠀⠀⠀⠀⠀⠀
Almaíso has always been a collective creation.
⠀⠀⠀⠀⠀⠀⠀⠀⠀
A place shaped by many hands, many ideas, and a shared desire to care for the land and for one another.
⠀⠀⠀⠀⠀⠀⠀⠀⠀
As the gardens grow and the vision expands, we are reminded that what sustains this project is not only the soil beneath our feet, but the community that gathers around it.
⠀⠀⠀⠀⠀⠀⠀⠀⠀
We are grateful to everyone who contributes their presence to this unfolding story.
⠀⠀⠀⠀⠀⠀⠀⠀⠀
Because Almaíso is not something one person creates.
It is something we grow together 🏠💚
⠀⠀⠀⠀⠀⠀⠀⠀⠀
—
⠀⠀⠀⠀⠀⠀⠀⠀⠀
Hay lugares construidos con paredes.
Otros se construyen con personas.
⠀⠀⠀⠀⠀⠀⠀⠀⠀
Almaíso siempre ha sido una creación colectiva.
⠀⠀⠀⠀⠀⠀⠀⠀⠀
Un lugar moldeado por muchas manos, muchas ideas y un deseo compartido de cuidar la tierra y los unos a los otros.
⠀⠀⠀⠀⠀⠀⠀⠀⠀
A medida que los jardines crecen y la visión se expande, recordamos que lo que sostiene este proyecto no es solo el suelo bajo nuestros pies, sino la comunidad que se reúne a su alrededor.
⠀⠀⠀⠀⠀⠀⠀⠀⠀
Estamos agradecidos a todos los que contribuyen con su presencia a esta historia que continúa desplegándose.
⠀⠀⠀⠀⠀⠀⠀⠀⠀
Porque Almaíso no es algo que una sola persona crea.
Es algo que crecemos juntos 🏠💚
⠀⠀⠀⠀⠀⠀⠀⠀⠀
#almaisotenerife #retreatcenter #cousciousliving #tenerife",23,"06/10/2026 01:29",N/A,https://www.facebook.com/reel/2745936072456546/,1,0,Videos,,,,,06/14/2026,0,0,0,0,0,0,0,0,0,0,1.751,0,3.809,0,1.751,0,1.27,0,0,0,0,0,5.56,1.39,0,0,0
1518493716646074,100054563795107,"Almaíso at Finca El Drago","Some places are built with walls.
Others are built with people.
⠀⠀⠀⠀⠀⠀⠀⠀⠀
Almaíso has always been a collective creation.
⠀⠀⠀⠀⠀⠀⠀⠀⠀
A place shaped by many hands, many ideas, and a shared desire to care for the land and for one another.
⠀⠀⠀⠀⠀⠀⠀⠀⠀
As the gardens grow and the vision expands, we are reminded that what sustains this project is not only the soil beneath our feet, but the community that gathers around it.
⠀⠀⠀⠀⠀⠀⠀⠀⠀
We are grateful to everyone who contributes their presence to this unfolding story.
⠀⠀⠀⠀⠀⠀⠀⠀⠀
Because Almaíso is not something one person creates.
It is something we grow together 🏠💚
⠀⠀⠀⠀⠀⠀⠀⠀⠀
—
⠀⠀⠀⠀⠀⠀⠀⠀⠀
Hay lugares construidos con paredes.
Otros se construyen con personas.
⠀⠀⠀⠀⠀⠀⠀⠀⠀
Almaíso siempre ha sido una creación colectiva.
⠀⠀⠀⠀⠀⠀⠀⠀⠀
Un lugar moldeado por muchas manos, muchas ideas y un deseo compartido de cuidar la tierra y los unos a los otros.
⠀⠀⠀⠀⠀⠀⠀⠀⠀
A medida que los jardines crecen y la visión se expande, recordamos que lo que sostiene este proyecto no es solo el suelo bajo nuestros pies, sino la comunidad que se reúne a su alrededor.
⠀⠀⠀⠀⠀⠀⠀⠀⠀
Estamos agradecidos a todos los que contribuyen con su presencia a esta historia que continúa desplegándose.
⠀⠀⠀⠀⠀⠀⠀⠀⠀
Porque Almaíso no es algo que una sola persona crea.
Es algo que crecemos juntos 🏠💚
⠀⠀⠀⠀⠀⠀⠀⠀⠀
#almaisotenerife #retreatcenter #cousciousliving #tenerife","Some places are built with walls.
Others are built with people.
⠀⠀⠀⠀⠀⠀⠀⠀⠀
Almaíso has always been a collective creation.
⠀⠀⠀⠀⠀⠀⠀⠀⠀
A place shaped by many hands, many ideas, and a shared desire to care for the land and for one another.
⠀⠀⠀⠀⠀⠀⠀⠀⠀
As the gardens grow and the vision expands, we are reminded that what sustains this project is not only the soil beneath our feet, but the community that gathers around it.
⠀⠀⠀⠀⠀⠀⠀⠀⠀
We are grateful to everyone who contributes their presence to this unfolding story.
⠀⠀⠀⠀⠀⠀⠀⠀⠀
Because Almaíso is not something one person creates.
It is something we grow together 🏠💚
⠀⠀⠀⠀⠀⠀⠀⠀⠀
—
⠀⠀⠀⠀⠀⠀⠀⠀⠀
Hay lugares construidos con paredes.
Otros se construyen con personas.
⠀⠀⠀⠀⠀⠀⠀⠀⠀
Almaíso siempre ha sido una creación colectiva.
⠀⠀⠀⠀⠀⠀⠀⠀⠀
Un lugar moldeado por muchas manos, muchas ideas y un deseo compartido de cuidar la tierra y los unos a los otros.
⠀⠀⠀⠀⠀⠀⠀⠀⠀
A medida que los jardines crecen y la visión se expande, recordamos que lo que sostiene este proyecto no es solo el suelo bajo nuestros pies, sino la comunidad que se reúne a su alrededor.
⠀⠀⠀⠀⠀⠀⠀⠀⠀
Estamos agradecidos a todos los que contribuyen con su presencia a esta historia que continúa desplegándose.
⠀⠀⠀⠀⠀⠀⠀⠀⠀
Porque Almaíso no es algo que una sola persona crea.
Es algo que crecemos juntos 🏠💚
⠀⠀⠀⠀⠀⠀⠀⠀⠀
#almaisotenerife #retreatcenter #cousciousliving #tenerife",23,"06/10/2026 01:29",N/A,https://www.facebook.com/reel/2745936072456546/,1,0,Videos,,,,,06/15/2026,1,0,1,0,0,1,0,0,0,0,0,0,4.785,0,0,0,2.393,0,0,0,0,0,4.785,2.392,0,0,0
1518493716646074,100054563795107,"Almaíso at Finca El Drago","Some places are built with walls.
Others are built with people.
⠀⠀⠀⠀⠀⠀⠀⠀⠀
Almaíso has always been a collective creation.
⠀⠀⠀⠀⠀⠀⠀⠀⠀
A place shaped by many hands, many ideas, and a shared desire to care for the land and for one another.
⠀⠀⠀⠀⠀⠀⠀⠀⠀
As the gardens grow and the vision expands, we are reminded that what sustains this project is not only the soil beneath our feet, but the community that gathers around it.
⠀⠀⠀⠀⠀⠀⠀⠀⠀
We are grateful to everyone who contributes their presence to this unfolding story.
⠀⠀⠀⠀⠀⠀⠀⠀⠀
Because Almaíso is not something one person creates.
It is something we grow together 🏠💚
⠀⠀⠀⠀⠀⠀⠀⠀⠀
—
⠀⠀⠀⠀⠀⠀⠀⠀⠀
Hay lugares construidos con paredes.
Otros se construyen con personas.
⠀⠀⠀⠀⠀⠀⠀⠀⠀
Almaíso siempre ha sido una creación colectiva.
⠀⠀⠀⠀⠀⠀⠀⠀⠀
Un lugar moldeado por muchas manos, muchas ideas y un deseo compartido de cuidar la tierra y los unos a los otros.
⠀⠀⠀⠀⠀⠀⠀⠀⠀
A medida que los jardines crecen y la visión se expande, recordamos que lo que sostiene este proyecto no es solo el suelo bajo nuestros pies, sino la comunidad que se reúne a su alrededor.
⠀⠀⠀⠀⠀⠀⠀⠀⠀
Estamos agradecidos a todos los que contribuyen con su presencia a esta historia que continúa desplegándose.
⠀⠀⠀⠀⠀⠀⠀⠀⠀
Porque Almaíso no es algo que una sola persona crea.
Es algo que crecemos juntos 🏠💚
⠀⠀⠀⠀⠀⠀⠀⠀⠀
#almaisotenerife #retreatcenter #cousciousliving #tenerife","Some places are built with walls.
Others are built with people.
⠀⠀⠀⠀⠀⠀⠀⠀⠀
Almaíso has always been a collective creation.
⠀⠀⠀⠀⠀⠀⠀⠀⠀
A place shaped by many hands, many ideas, and a shared desire to care for the land and for one another.
⠀⠀⠀⠀⠀⠀⠀⠀⠀
As the gardens grow and the vision expands, we are reminded that what sustains this project is not only the soil beneath our feet, but the community that gathers around it.
⠀⠀⠀⠀⠀⠀⠀⠀⠀
We are grateful to everyone who contributes their presence to this unfolding story.
⠀⠀⠀⠀⠀⠀⠀⠀⠀
Because Almaíso is not something one person creates.
It is something we grow together 🏠💚
⠀⠀⠀⠀⠀⠀⠀⠀⠀
—
⠀⠀⠀⠀⠀⠀⠀⠀⠀
Hay lugares construidos con paredes.
Otros se construyen con personas.
⠀⠀⠀⠀⠀⠀⠀⠀⠀
Almaíso siempre ha sido una creación colectiva.
⠀⠀⠀⠀⠀⠀⠀⠀⠀
Un lugar moldeado por muchas manos, muchas ideas y un deseo compartido de cuidar la tierra y los unos a los otros.
⠀⠀⠀⠀⠀⠀⠀⠀⠀
A medida que los jardines crecen y la visión se expande, recordamos que lo que sostiene este proyecto no es solo el suelo bajo nuestros pies, sino la comunidad que se reúne a su alrededor.
⠀⠀⠀⠀⠀⠀⠀⠀⠀
Estamos agradecidos a todos los que contribuyen con su presencia a esta historia que continúa desplegándose.
⠀⠀⠀⠀⠀⠀⠀⠀⠀
Porque Almaíso no es algo que una sola persona crea.
Es algo que crecemos juntos 🏠💚
⠀⠀⠀⠀⠀⠀⠀⠀⠀
#almaisotenerife #retreatcenter #cousciousliving #tenerife",23,"06/10/2026 01:29",N/A,https://www.facebook.com/reel/2745936072456546/,1,0,Videos,,,,,06/16/2026,0,0,0,0,0,0,0,0,0,0,1.089,0,0,0,1.089,0,0,0,0,0,0,0,1.089,1.089,0,0,0
1518493716646074,100054563795107,"Almaíso at Finca El Drago","Some places are built with walls.
Others are built with people.
⠀⠀⠀⠀⠀⠀⠀⠀⠀
Almaíso has always been a collective creation.
⠀⠀⠀⠀⠀⠀⠀⠀⠀
A place shaped by many hands, many ideas, and a shared desire to care for the land and for one another.
⠀⠀⠀⠀⠀⠀⠀⠀⠀
As the gardens grow and the vision expands, we are reminded that what sustains this project is not only the soil beneath our feet, but the community that gathers around it.
⠀⠀⠀⠀⠀⠀⠀⠀⠀
We are grateful to everyone who contributes their presence to this unfolding story.
⠀⠀⠀⠀⠀⠀⠀⠀⠀
Because Almaíso is not something one person creates.
It is something we grow together 🏠💚
⠀⠀⠀⠀⠀⠀⠀⠀⠀
—
⠀⠀⠀⠀⠀⠀⠀⠀⠀
Hay lugares construidos con paredes.
Otros se construyen con personas.
⠀⠀⠀⠀⠀⠀⠀⠀⠀
Almaíso siempre ha sido una creación colectiva.
⠀⠀⠀⠀⠀⠀⠀⠀⠀
Un lugar moldeado por muchas manos, muchas ideas y un deseo compartido de cuidar la tierra y los unos a los otros.
⠀⠀⠀⠀⠀⠀⠀⠀⠀
A medida que los jardines crecen y la visión se expande, recordamos que lo que sostiene este proyecto no es solo el suelo bajo nuestros pies, sino la comunidad que se reúne a su alrededor.
⠀⠀⠀⠀⠀⠀⠀⠀⠀
Estamos agradecidos a todos los que contribuyen con su presencia a esta historia que continúa desplegándose.
⠀⠀⠀⠀⠀⠀⠀⠀⠀
Porque Almaíso no es algo que una sola persona crea.
Es algo que crecemos juntos 🏠💚
⠀⠀⠀⠀⠀⠀⠀⠀⠀
#almaisotenerife #retreatcenter #cousciousliving #tenerife","Some places are built with walls.
Others are built with people.
⠀⠀⠀⠀⠀⠀⠀⠀⠀
Almaíso has always been a collective creation.
⠀⠀⠀⠀⠀⠀⠀⠀⠀
A place shaped by many hands, many ideas, and a shared desire to care for the land and for one another.
⠀⠀⠀⠀⠀⠀⠀⠀⠀
As the gardens grow and the vision expands, we are reminded that what sustains this project is not only the soil beneath our feet, but the community that gathers around it.
⠀⠀⠀⠀⠀⠀⠀⠀⠀
We are grateful to everyone who contributes their presence to this unfolding story.
⠀⠀⠀⠀⠀⠀⠀⠀⠀
Because Almaíso is not something one person creates.
It is something we grow together 🏠💚
⠀⠀⠀⠀⠀⠀⠀⠀⠀
—
⠀⠀⠀⠀⠀⠀⠀⠀⠀
Hay lugares construidos con paredes.
Otros se construyen con personas.
⠀⠀⠀⠀⠀⠀⠀⠀⠀
Almaíso siempre ha sido una creación colectiva.
⠀⠀⠀⠀⠀⠀⠀⠀⠀
Un lugar moldeado por muchas manos, muchas ideas y un deseo compartido de cuidar la tierra y los unos a los otros.
⠀⠀⠀⠀⠀⠀⠀⠀⠀
A medida que los jardines crecen y la visión se expande, recordamos que lo que sostiene este proyecto no es solo el suelo bajo nuestros pies, sino la comunidad que se reúne a su alrededor.
⠀⠀⠀⠀⠀⠀⠀⠀⠀
Estamos agradecidos a todos los que contribuyen con su presencia a esta historia que continúa desplegándose.
⠀⠀⠀⠀⠀⠀⠀⠀⠀
Porque Almaíso no es algo que una sola persona crea.
Es algo que crecemos juntos 🏠💚
⠀⠀⠀⠀⠀⠀⠀⠀⠀
#almaisotenerife #retreatcenter #cousciousliving #tenerife",23,"06/10/2026 01:29",N/A,https://www.facebook.com/reel/2745936072456546/,1,0,Videos,,,,,06/17/2026,0,0,0,0,0,0,0,0,0,0,2.795,0,0,0,2.795,0,0,0,0,0,0,0,2.795,2.795,0,0,0
1518493716646074,100054563795107,"Almaíso at Finca El Drago","Some places are built with walls.
Others are built with people.
⠀⠀⠀⠀⠀⠀⠀⠀⠀
Almaíso has always been a collective creation.
⠀⠀⠀⠀⠀⠀⠀⠀⠀
A place shaped by many hands, many ideas, and a shared desire to care for the land and for one another.
⠀⠀⠀⠀⠀⠀⠀⠀⠀
As the gardens grow and the vision expands, we are reminded that what sustains this project is not only the soil beneath our feet, but the community that gathers around it.
⠀⠀⠀⠀⠀⠀⠀⠀⠀
We are grateful to everyone who contributes their presence to this unfolding story.
⠀⠀⠀⠀⠀⠀⠀⠀⠀
Because Almaíso is not something one person creates.
It is something we grow together 🏠💚
⠀⠀⠀⠀⠀⠀⠀⠀⠀
—
⠀⠀⠀⠀⠀⠀⠀⠀⠀
Hay lugares construidos con paredes.
Otros se construyen con personas.
⠀⠀⠀⠀⠀⠀⠀⠀⠀
Almaíso siempre ha sido una creación colectiva.
⠀⠀⠀⠀⠀⠀⠀⠀⠀
Un lugar moldeado por muchas manos, muchas ideas y un deseo compartido de cuidar la tierra y los unos a los otros.
⠀⠀⠀⠀⠀⠀⠀⠀⠀
A medida que los jardines crecen y la visión se expande, recordamos que lo que sostiene este proyecto no es solo el suelo bajo nuestros pies, sino la comunidad que se reúne a su alrededor.
⠀⠀⠀⠀⠀⠀⠀⠀⠀
Estamos agradecidos a todos los que contribuyen con su presencia a esta historia que continúa desplegándose.
⠀⠀⠀⠀⠀⠀⠀⠀⠀
Porque Almaíso no es algo que una sola persona crea.
Es algo que crecemos juntos 🏠💚
⠀⠀⠀⠀⠀⠀⠀⠀⠀
#almaisotenerife #retreatcenter #cousciousliving #tenerife","Some places are built with walls.
Others are built with people.
⠀⠀⠀⠀⠀⠀⠀⠀⠀
Almaíso has always been a collective creation.
⠀⠀⠀⠀⠀⠀⠀⠀⠀
A place shaped by many hands, many ideas, and a shared desire to care for the land and for one another.
⠀⠀⠀⠀⠀⠀⠀⠀⠀
As the gardens grow and the vision expands, we are reminded that what sustains this project is not only the soil beneath our feet, but the community that gathers around it.
⠀⠀⠀⠀⠀⠀⠀⠀⠀
We are grateful to everyone who contributes their presence to this unfolding story.
⠀⠀⠀⠀⠀⠀⠀⠀⠀
Because Almaíso is not something one person creates.
It is something we grow together 🏠💚
⠀⠀⠀⠀⠀⠀⠀⠀⠀
—
⠀⠀⠀⠀⠀⠀⠀⠀⠀
Hay lugares construidos con paredes.
Otros se construyen con personas.
⠀⠀⠀⠀⠀⠀⠀⠀⠀
Almaíso siempre ha sido una creación colectiva.
⠀⠀⠀⠀⠀⠀⠀⠀⠀
Un lugar moldeado por muchas manos, muchas ideas y un deseo compartido de cuidar la tierra y los unos a los otros.
⠀⠀⠀⠀⠀⠀⠀⠀⠀
A medida que los jardines crecen y la visión se expande, recordamos que lo que sostiene este proyecto no es solo el suelo bajo nuestros pies, sino la comunidad que se reúne a su alrededor.
⠀⠀⠀⠀⠀⠀⠀⠀⠀
Estamos agradecidos a todos los que contribuyen con su presencia a esta historia que continúa desplegándose.
⠀⠀⠀⠀⠀⠀⠀⠀⠀
Porque Almaíso no es algo que una sola persona crea.
Es algo que crecemos juntos 🏠💚
⠀⠀⠀⠀⠀⠀⠀⠀⠀
#almaisotenerife #retreatcenter #cousciousliving #tenerife",23,"06/10/2026 01:29",N/A,https://www.facebook.com/reel/2745936072456546/,1,0,Videos,,,,,06/18/2026,1,0,1,0,0,1,0,0,0,0,30.982,0,0,0,30.982,0,0,0,0,0,0,0,30.982,30.982,0,0,0
1518493716646074,100054563795107,"Almaíso at Finca El Drago","Some places are built with walls.
Others are built with people.
⠀⠀⠀⠀⠀⠀⠀⠀⠀
Almaíso has always been a collective creation.
⠀⠀⠀⠀⠀⠀⠀⠀⠀
A place shaped by many hands, many ideas, and a shared desire to care for the land and for one another.
⠀⠀⠀⠀⠀⠀⠀⠀⠀
As the gardens grow and the vision expands, we are reminded that what sustains this project is not only the soil beneath our feet, but the community that gathers around it.
⠀⠀⠀⠀⠀⠀⠀⠀⠀
We are grateful to everyone who contributes their presence to this unfolding story.
⠀⠀⠀⠀⠀⠀⠀⠀⠀
Because Almaíso is not something one person creates.
It is something we grow together 🏠💚
⠀⠀⠀⠀⠀⠀⠀⠀⠀
—
⠀⠀⠀⠀⠀⠀⠀⠀⠀
Hay lugares construidos con paredes.
Otros se construyen con personas.
⠀⠀⠀⠀⠀⠀⠀⠀⠀
Almaíso siempre ha sido una creación colectiva.
⠀⠀⠀⠀⠀⠀⠀⠀⠀
Un lugar moldeado por muchas manos, muchas ideas y un deseo compartido de cuidar la tierra y los unos a los otros.
⠀⠀⠀⠀⠀⠀⠀⠀⠀
A medida que los jardines crecen y la visión se expande, recordamos que lo que sostiene este proyecto no es solo el suelo bajo nuestros pies, sino la comunidad que se reúne a su alrededor.
⠀⠀⠀⠀⠀⠀⠀⠀⠀
Estamos agradecidos a todos los que contribuyen con su presencia a esta historia que continúa desplegándose.
⠀⠀⠀⠀⠀⠀⠀⠀⠀
Porque Almaíso no es algo que una sola persona crea.
Es algo que crecemos juntos 🏠💚
⠀⠀⠀⠀⠀⠀⠀⠀⠀
#almaisotenerife #retreatcenter #cousciousliving #tenerife","Some places are built with walls.
Others are built with people.
⠀⠀⠀⠀⠀⠀⠀⠀⠀
Almaíso has always been a collective creation.
⠀⠀⠀⠀⠀⠀⠀⠀⠀
A place shaped by many hands, many ideas, and a shared desire to care for the land and for one another.
⠀⠀⠀⠀⠀⠀⠀⠀⠀
As the gardens grow and the vision expands, we are reminded that what sustains this project is not only the soil beneath our feet, but the community that gathers around it.
⠀⠀⠀⠀⠀⠀⠀⠀⠀
We are grateful to everyone who contributes their presence to this unfolding story.
⠀⠀⠀⠀⠀⠀⠀⠀⠀
Because Almaíso is not something one person creates.
It is something we grow together 🏠💚
⠀⠀⠀⠀⠀⠀⠀⠀⠀
—
⠀⠀⠀⠀⠀⠀⠀⠀⠀
Hay lugares construidos con paredes.
Otros se construyen con personas.
⠀⠀⠀⠀⠀⠀⠀⠀⠀
Almaíso siempre ha sido una creación colectiva.
⠀⠀⠀⠀⠀⠀⠀⠀⠀
Un lugar moldeado por muchas manos, muchas ideas y un deseo compartido de cuidar la tierra y los unos a los otros.
⠀⠀⠀⠀⠀⠀⠀⠀⠀
A medida que los jardines crecen y la visión se expande, recordamos que lo que sostiene este proyecto no es solo el suelo bajo nuestros pies, sino la comunidad que se reúne a su alrededor.
⠀⠀⠀⠀⠀⠀⠀⠀⠀
Estamos agradecidos a todos los que contribuyen con su presencia a esta historia que continúa desplegándose.
⠀⠀⠀⠀⠀⠀⠀⠀⠀
Porque Almaíso no es algo que una sola persona crea.
Es algo que crecemos juntos 🏠💚
⠀⠀⠀⠀⠀⠀⠀⠀⠀
#almaisotenerife #retreatcenter #cousciousliving #tenerife",23,"06/10/2026 01:29",N/A,https://www.facebook.com/reel/2745936072456546/,1,0,Videos,,,,,06/19/2026,1,0,1,0,0,1,0,0,0,0,1.597,0,48.206,0,1.597,0,48.206,0,0,0,0,0,49.803,24.901,0,0,0
1518493716646074,100054563795107,"Almaíso at Finca El Drago","Some places are built with walls.
Others are built with people.
⠀⠀⠀⠀⠀⠀⠀⠀⠀
Almaíso has always been a collective creation.
⠀⠀⠀⠀⠀⠀⠀⠀⠀
A place shaped by many hands, many ideas, and a shared desire to care for the land and for one another.
⠀⠀⠀⠀⠀⠀⠀⠀⠀
As the gardens grow and the vision expands, we are reminded that what sustains this project is not only the soil beneath our feet, but the community that gathers around it.
⠀⠀⠀⠀⠀⠀⠀⠀⠀
We are grateful to everyone who contributes their presence to this unfolding story.
⠀⠀⠀⠀⠀⠀⠀⠀⠀
Because Almaíso is not something one person creates.
It is something we grow together 🏠💚
⠀⠀⠀⠀⠀⠀⠀⠀⠀
—
⠀⠀⠀⠀⠀⠀⠀⠀⠀
Hay lugares construidos con paredes.
Otros se construyen con personas.
⠀⠀⠀⠀⠀⠀⠀⠀⠀
Almaíso siempre ha sido una creación colectiva.
⠀⠀⠀⠀⠀⠀⠀⠀⠀
Un lugar moldeado por muchas manos, muchas ideas y un deseo compartido de cuidar la tierra y los unos a los otros.
⠀⠀⠀⠀⠀⠀⠀⠀⠀
A medida que los jardines crecen y la visión se expande, recordamos que lo que sostiene este proyecto no es solo el suelo bajo nuestros pies, sino la comunidad que se reúne a su alrededor.
⠀⠀⠀⠀⠀⠀⠀⠀⠀
Estamos agradecidos a todos los que contribuyen con su presencia a esta historia que continúa desplegándose.
⠀⠀⠀⠀⠀⠀⠀⠀⠀
Porque Almaíso no es algo que una sola persona crea.
Es algo que crecemos juntos 🏠💚
⠀⠀⠀⠀⠀⠀⠀⠀⠀
#almaisotenerife #retreatcenter #cousciousliving #tenerife","Some places are built with walls.
Others are built with people.
⠀⠀⠀⠀⠀⠀⠀⠀⠀
Almaíso has always been a collective creation.
⠀⠀⠀⠀⠀⠀⠀⠀⠀
A place shaped by many hands, many ideas, and a shared desire to care for the land and for one another.
⠀⠀⠀⠀⠀⠀⠀⠀⠀
As the gardens grow and the vision expands, we are reminded that what sustains this project is not only the soil beneath our feet, but the community that gathers around it.
⠀⠀⠀⠀⠀⠀⠀⠀⠀
We are grateful to everyone who contributes their presence to this unfolding story.
⠀⠀⠀⠀⠀⠀⠀⠀⠀
Because Almaíso is not something one person creates.
It is something we grow together 🏠💚
⠀⠀⠀⠀⠀⠀⠀⠀⠀
—
⠀⠀⠀⠀⠀⠀⠀⠀⠀
Hay lugares construidos con paredes.
Otros se construyen con personas.
⠀⠀⠀⠀⠀⠀⠀⠀⠀
Almaíso siempre ha sido una creación colectiva.
⠀⠀⠀⠀⠀⠀⠀⠀⠀
Un lugar moldeado por muchas manos, muchas ideas y un deseo compartido de cuidar la tierra y los unos a los otros.
⠀⠀⠀⠀⠀⠀⠀⠀⠀
A medida que los jardines crecen y la visión se expande, recordamos que lo que sostiene este proyecto no es solo el suelo bajo nuestros pies, sino la comunidad que se reúne a su alrededor.
⠀⠀⠀⠀⠀⠀⠀⠀⠀
Estamos agradecidos a todos los que contribuyen con su presencia a esta historia que continúa desplegándose.
⠀⠀⠀⠀⠀⠀⠀⠀⠀
Porque Almaíso no es algo que una sola persona crea.
Es algo que crecemos juntos 🏠💚
⠀⠀⠀⠀⠀⠀⠀⠀⠀
#almaisotenerife #retreatcenter #cousciousliving #tenerife",23,"06/10/2026 01:29",N/A,https://www.facebook.com/reel/2745936072456546/,1,0,Videos,,,,,06/20/2026,1,0,1,0,0,1,0,0,0,0,6.242,0,0,0,3.121,0,0,0,0,0,0,0,6.242,3.121,0,0,0
1518493716646074,100054563795107,"Almaíso at Finca El Drago","Some places are built with walls.
Others are built with people.
⠀⠀⠀⠀⠀⠀⠀⠀⠀
Almaíso has always been a collective creation.
⠀⠀⠀⠀⠀⠀⠀⠀⠀
A place shaped by many hands, many ideas, and a shared desire to care for the land and for one another.
⠀⠀⠀⠀⠀⠀⠀⠀⠀
As the gardens grow and the vision expands, we are reminded that what sustains this project is not only the soil beneath our feet, but the community that gathers around it.
⠀⠀⠀⠀⠀⠀⠀⠀⠀
We are grateful to everyone who contributes their presence to this unfolding story.
⠀⠀⠀⠀⠀⠀⠀⠀⠀
Because Almaíso is not something one person creates.
It is something we grow together 🏠💚
⠀⠀⠀⠀⠀⠀⠀⠀⠀
—
⠀⠀⠀⠀⠀⠀⠀⠀⠀
Hay lugares construidos con paredes.
Otros se construyen con personas.
⠀⠀⠀⠀⠀⠀⠀⠀⠀
Almaíso siempre ha sido una creación colectiva.
⠀⠀⠀⠀⠀⠀⠀⠀⠀
Un lugar moldeado por muchas manos, muchas ideas y un deseo compartido de cuidar la tierra y los unos a los otros.
⠀⠀⠀⠀⠀⠀⠀⠀⠀
A medida que los jardines crecen y la visión se expande, recordamos que lo que sostiene este proyecto no es solo el suelo bajo nuestros pies, sino la comunidad que se reúne a su alrededor.
⠀⠀⠀⠀⠀⠀⠀⠀⠀
Estamos agradecidos a todos los que contribuyen con su presencia a esta historia que continúa desplegándose.
⠀⠀⠀⠀⠀⠀⠀⠀⠀
Porque Almaíso no es algo que una sola persona crea.
Es algo que crecemos juntos 🏠💚
⠀⠀⠀⠀⠀⠀⠀⠀⠀
#almaisotenerife #retreatcenter #cousciousliving #tenerife","Some places are built with walls.
Others are built with people.
⠀⠀⠀⠀⠀⠀⠀⠀⠀
Almaíso has always been a collective creation.
⠀⠀⠀⠀⠀⠀⠀⠀⠀
A place shaped by many hands, many ideas, and a shared desire to care for the land and for one another.
⠀⠀⠀⠀⠀⠀⠀⠀⠀
As the gardens grow and the vision expands, we are reminded that what sustains this project is not only the soil beneath our feet, but the community that gathers around it.
⠀⠀⠀⠀⠀⠀⠀⠀⠀
We are grateful to everyone who contributes their presence to this unfolding story.
⠀⠀⠀⠀⠀⠀⠀⠀⠀
Because Almaíso is not something one person creates.
It is something we grow together 🏠💚
⠀⠀⠀⠀⠀⠀⠀⠀⠀
—
⠀⠀⠀⠀⠀⠀⠀⠀⠀
Hay lugares construidos con paredes.
Otros se construyen con personas.
⠀⠀⠀⠀⠀⠀⠀⠀⠀
Almaíso siempre ha sido una creación colectiva.
⠀⠀⠀⠀⠀⠀⠀⠀⠀
Un lugar moldeado por muchas manos, muchas ideas y un deseo compartido de cuidar la tierra y los unos a los otros.
⠀⠀⠀⠀⠀⠀⠀⠀⠀
A medida que los jardines crecen y la visión se expande, recordamos que lo que sostiene este proyecto no es solo el suelo bajo nuestros pies, sino la comunidad que se reúne a su alrededor.
⠀⠀⠀⠀⠀⠀⠀⠀⠀
Estamos agradecidos a todos los que contribuyen con su presencia a esta historia que continúa desplegándose.
⠀⠀⠀⠀⠀⠀⠀⠀⠀
Porque Almaíso no es algo que una sola persona crea.
Es algo que crecemos juntos 🏠💚
⠀⠀⠀⠀⠀⠀⠀⠀⠀
#almaisotenerife #retreatcenter #cousciousliving #tenerife",23,"06/10/2026 01:29",N/A,https://www.facebook.com/reel/2745936072456546/,1,0,Videos,,,,,06/21/2026,0,0,0,0,0,0,0,0,0,0,0,0,0,0,0,0,0,0,0,0,0,0,0,0,0,0,0
1518493716646074,100054563795107,"Almaíso at Finca El Drago","Some places are built with walls.
Others are built with people.
⠀⠀⠀⠀⠀⠀⠀⠀⠀
Almaíso has always been a collective creation.
⠀⠀⠀⠀⠀⠀⠀⠀⠀
A place shaped by many hands, many ideas, and a shared desire to care for the land and for one another.
⠀⠀⠀⠀⠀⠀⠀⠀⠀
As the gardens grow and the vision expands, we are reminded that what sustains this project is not only the soil beneath our feet, but the community that gathers around it.
⠀⠀⠀⠀⠀⠀⠀⠀⠀
We are grateful to everyone who contributes their presence to this unfolding story.
⠀⠀⠀⠀⠀⠀⠀⠀⠀
Because Almaíso is not something one person creates.
It is something we grow together 🏠💚
⠀⠀⠀⠀⠀⠀⠀⠀⠀
—
⠀⠀⠀⠀⠀⠀⠀⠀⠀
Hay lugares construidos con paredes.
Otros se construyen con personas.
⠀⠀⠀⠀⠀⠀⠀⠀⠀
Almaíso siempre ha sido una creación colectiva.
⠀⠀⠀⠀⠀⠀⠀⠀⠀
Un lugar moldeado por muchas manos, muchas ideas y un deseo compartido de cuidar la tierra y los unos a los otros.
⠀⠀⠀⠀⠀⠀⠀⠀⠀
A medida que los jardines crecen y la visión se expande, recordamos que lo que sostiene este proyecto no es solo el suelo bajo nuestros pies, sino la comunidad que se reúne a su alrededor.
⠀⠀⠀⠀⠀⠀⠀⠀⠀
Estamos agradecidos a todos los que contribuyen con su presencia a esta historia que continúa desplegándose.
⠀⠀⠀⠀⠀⠀⠀⠀⠀
Porque Almaíso no es algo que una sola persona crea.
Es algo que crecemos juntos 🏠💚
⠀⠀⠀⠀⠀⠀⠀⠀⠀
#almaisotenerife #retreatcenter #cousciousliving #tenerife","Some places are built with walls.
Others are built with people.
⠀⠀⠀⠀⠀⠀⠀⠀⠀
Almaíso has always been a collective creation.
⠀⠀⠀⠀⠀⠀⠀⠀⠀
A place shaped by many hands, many ideas, and a shared desire to care for the land and for one another.
⠀⠀⠀⠀⠀⠀⠀⠀⠀
As the gardens grow and the vision expands, we are reminded that what sustains this project is not only the soil beneath our feet, but the community that gathers around it.
⠀⠀⠀⠀⠀⠀⠀⠀⠀
We are grateful to everyone who contributes their presence to this unfolding story.
⠀⠀⠀⠀⠀⠀⠀⠀⠀
Because Almaíso is not something one person creates.
It is something we grow together 🏠💚
⠀⠀⠀⠀⠀⠀⠀⠀⠀
—
⠀⠀⠀⠀⠀⠀⠀⠀⠀
Hay lugares construidos con paredes.
Otros se construyen con personas.
⠀⠀⠀⠀⠀⠀⠀⠀⠀
Almaíso siempre ha sido una creación colectiva.
⠀⠀⠀⠀⠀⠀⠀⠀⠀
Un lugar moldeado por muchas manos, muchas ideas y un deseo compartido de cuidar la tierra y los unos a los otros.
⠀⠀⠀⠀⠀⠀⠀⠀⠀
A medida que los jardines crecen y la visión se expande, recordamos que lo que sostiene este proyecto no es solo el suelo bajo nuestros pies, sino la comunidad que se reúne a su alrededor.
⠀⠀⠀⠀⠀⠀⠀⠀⠀
Estamos agradecidos a todos los que contribuyen con su presencia a esta historia que continúa desplegándose.
⠀⠀⠀⠀⠀⠀⠀⠀⠀
Porque Almaíso no es algo que una sola persona crea.
Es algo que crecemos juntos 🏠💚
⠀⠀⠀⠀⠀⠀⠀⠀⠀
#almaisotenerife #retreatcenter #cousciousliving #tenerife",23,"06/10/2026 01:29",N/A,https://www.facebook.com/reel/2745936072456546/,1,0,Videos,,,,,06/22/2026,1,0,1,0,0,1,0,0,0,0,13.995,0,0,0,13.995,0,0,0,0,0,0,0,13.995,13.995,0,0,0
1518493716646074,100054563795107,"Almaíso at Finca El Drago","Some places are built with walls.
Others are built with people.
⠀⠀⠀⠀⠀⠀⠀⠀⠀
Almaíso has always been a collective creation.
⠀⠀⠀⠀⠀⠀⠀⠀⠀
A place shaped by many hands, many ideas, and a shared desire to care for the land and for one another.
⠀⠀⠀⠀⠀⠀⠀⠀⠀
As the gardens grow and the vision expands, we are reminded that what sustains this project is not only the soil beneath our feet, but the community that gathers around it.
⠀⠀⠀⠀⠀⠀⠀⠀⠀
We are grateful to everyone who contributes their presence to this unfolding story.
⠀⠀⠀⠀⠀⠀⠀⠀⠀
Because Almaíso is not something one person creates.
It is something we grow together 🏠💚
⠀⠀⠀⠀⠀⠀⠀⠀⠀
—
⠀⠀⠀⠀⠀⠀⠀⠀⠀
Hay lugares construidos con paredes.
Otros se construyen con personas.
⠀⠀⠀⠀⠀⠀⠀⠀⠀
Almaíso siempre ha sido una creación colectiva.
⠀⠀⠀⠀⠀⠀⠀⠀⠀
Un lugar moldeado por muchas manos, muchas ideas y un deseo compartido de cuidar la tierra y los unos a los otros.
⠀⠀⠀⠀⠀⠀⠀⠀⠀
A medida que los jardines crecen y la visión se expande, recordamos que lo que sostiene este proyecto no es solo el suelo bajo nuestros pies, sino la comunidad que se reúne a su alrededor.
⠀⠀⠀⠀⠀⠀⠀⠀⠀
Estamos agradecidos a todos los que contribuyen con su presencia a esta historia que continúa desplegándose.
⠀⠀⠀⠀⠀⠀⠀⠀⠀
Porque Almaíso no es algo que una sola persona crea.
Es algo que crecemos juntos 🏠💚
⠀⠀⠀⠀⠀⠀⠀⠀⠀
#almaisotenerife #retreatcenter #cousciousliving #tenerife","Some places are built with walls.
Others are built with people.
⠀⠀⠀⠀⠀⠀⠀⠀⠀
Almaíso has always been a collective creation.
⠀⠀⠀⠀⠀⠀⠀⠀⠀
A place shaped by many hands, many ideas, and a shared desire to care for the land and for one another.
⠀⠀⠀⠀⠀⠀⠀⠀⠀
As the gardens grow and the vision expands, we are reminded that what sustains this project is not only the soil beneath our feet, but the community that gathers around it.
⠀⠀⠀⠀⠀⠀⠀⠀⠀
We are grateful to everyone who contributes their presence to this unfolding story.
⠀⠀⠀⠀⠀⠀⠀⠀⠀
Because Almaíso is not something one person creates.
It is something we grow together 🏠💚
⠀⠀⠀⠀⠀⠀⠀⠀⠀
—
⠀⠀⠀⠀⠀⠀⠀⠀⠀
Hay lugares construidos con paredes.
Otros se construyen con personas.
⠀⠀⠀⠀⠀⠀⠀⠀⠀
Almaíso siempre ha sido una creación colectiva.
⠀⠀⠀⠀⠀⠀⠀⠀⠀
Un lugar moldeado por muchas manos, muchas ideas y un deseo compartido de cuidar la tierra y los unos a los otros.
⠀⠀⠀⠀⠀⠀⠀⠀⠀
A medida que los jardines crecen y la visión se expande, recordamos que lo que sostiene este proyecto no es solo el suelo bajo nuestros pies, sino la comunidad que se reúne a su alrededor.
⠀⠀⠀⠀⠀⠀⠀⠀⠀
Estamos agradecidos a todos los que contribuyen con su presencia a esta historia que continúa desplegándose.
⠀⠀⠀⠀⠀⠀⠀⠀⠀
Porque Almaíso no es algo que una sola persona crea.
Es algo que crecemos juntos 🏠💚
⠀⠀⠀⠀⠀⠀⠀⠀⠀
#almaisotenerife #retreatcenter #cousciousliving #tenerife",23,"06/10/2026 01:29",N/A,https://www.facebook.com/reel/2745936072456546/,1,0,Videos,,,,,06/23/2026,0,0,0,0,0,0,0,0,0,0,0,0,0,0,0,0,0,0,0,0,0,0,0,0,0,0,0
1518493716646074,100054563795107,"Almaíso at Finca El Drago","Some places are built with walls.
Others are built with people.
⠀⠀⠀⠀⠀⠀⠀⠀⠀
Almaíso has always been a collective creation.
⠀⠀⠀⠀⠀⠀⠀⠀⠀
A place shaped by many hands, many ideas, and a shared desire to care for the land and for one another.
⠀⠀⠀⠀⠀⠀⠀⠀⠀
As the gardens grow and the vision expands, we are reminded that what sustains this project is not only the soil beneath our feet, but the community that gathers around it.
⠀⠀⠀⠀⠀⠀⠀⠀⠀
We are grateful to everyone who contributes their presence to this unfolding story.
⠀⠀⠀⠀⠀⠀⠀⠀⠀
Because Almaíso is not something one person creates.
It is something we grow together 🏠💚
⠀⠀⠀⠀⠀⠀⠀⠀⠀
—
⠀⠀⠀⠀⠀⠀⠀⠀⠀
Hay lugares construidos con paredes.
Otros se construyen con personas.
⠀⠀⠀⠀⠀⠀⠀⠀⠀
Almaíso siempre ha sido una creación colectiva.
⠀⠀⠀⠀⠀⠀⠀⠀⠀
Un lugar moldeado por muchas manos, muchas ideas y un deseo compartido de cuidar la tierra y los unos a los otros.
⠀⠀⠀⠀⠀⠀⠀⠀⠀
A medida que los jardines crecen y la visión se expande, recordamos que lo que sostiene este proyecto no es solo el suelo bajo nuestros pies, sino la comunidad que se reúne a su alrededor.
⠀⠀⠀⠀⠀⠀⠀⠀⠀
Estamos agradecidos a todos los que contribuyen con su presencia a esta historia que continúa desplegándose.
⠀⠀⠀⠀⠀⠀⠀⠀⠀
Porque Almaíso no es algo que una sola persona crea.
Es algo que crecemos juntos 🏠💚
⠀⠀⠀⠀⠀⠀⠀⠀⠀
#almaisotenerife #retreatcenter #cousciousliving #tenerife","Some places are built with walls.
Others are built with people.
⠀⠀⠀⠀⠀⠀⠀⠀⠀
Almaíso has always been a collective creation.
⠀⠀⠀⠀⠀⠀⠀⠀⠀
A place shaped by many hands, many ideas, and a shared desire to care for the land and for one another.
⠀⠀⠀⠀⠀⠀⠀⠀⠀
As the gardens grow and the vision expands, we are reminded that what sustains this project is not only the soil beneath our feet, but the community that gathers around it.
⠀⠀⠀⠀⠀⠀⠀⠀⠀
We are grateful to everyone who contributes their presence to this unfolding story.
⠀⠀⠀⠀⠀⠀⠀⠀⠀
Because Almaíso is not something one person creates.
It is something we grow together 🏠💚
⠀⠀⠀⠀⠀⠀⠀⠀⠀
—
⠀⠀⠀⠀⠀⠀⠀⠀⠀
Hay lugares construidos con paredes.
Otros se construyen con personas.
⠀⠀⠀⠀⠀⠀⠀⠀⠀
Almaíso siempre ha sido una creación colectiva.
⠀⠀⠀⠀⠀⠀⠀⠀⠀
Un lugar moldeado por muchas manos, muchas ideas y un deseo compartido de cuidar la tierra y los unos a los otros.
⠀⠀⠀⠀⠀⠀⠀⠀⠀
A medida que los jardines crecen y la visión se expande, recordamos que lo que sostiene este proyecto no es solo el suelo bajo nuestros pies, sino la comunidad que se reúne a su alrededor.
⠀⠀⠀⠀⠀⠀⠀⠀⠀
Estamos agradecidos a todos los que contribuyen con su presencia a esta historia que continúa desplegándose.
⠀⠀⠀⠀⠀⠀⠀⠀⠀
Porque Almaíso no es algo que una sola persona crea.
Es algo que crecemos juntos 🏠💚
⠀⠀⠀⠀⠀⠀⠀⠀⠀
#almaisotenerife #retreatcenter #cousciousliving #tenerife",23,"06/10/2026 01:29",N/A,https://www.facebook.com/reel/2745936072456546/,1,0,Videos,,,,,06/24/2026,0,0,0,0,0,0,0,0,0,0,0,0,0,0,0,0,0,0,0,0,0,0,0,0,0,0,0
1518493716646074,100054563795107,"Almaíso at Finca El Drago","Some places are built with walls.
Others are built with people.
⠀⠀⠀⠀⠀⠀⠀⠀⠀
Almaíso has always been a collective creation.
⠀⠀⠀⠀⠀⠀⠀⠀⠀
A place shaped by many hands, many ideas, and a shared desire to care for the land and for one another.
⠀⠀⠀⠀⠀⠀⠀⠀⠀
As the gardens grow and the vision expands, we are reminded that what sustains this project is not only the soil beneath our feet, but the community that gathers around it.
⠀⠀⠀⠀⠀⠀⠀⠀⠀
We are grateful to everyone who contributes their presence to this unfolding story.
⠀⠀⠀⠀⠀⠀⠀⠀⠀
Because Almaíso is not something one person creates.
It is something we grow together 🏠💚
⠀⠀⠀⠀⠀⠀⠀⠀⠀
—
⠀⠀⠀⠀⠀⠀⠀⠀⠀
Hay lugares construidos con paredes.
Otros se construyen con personas.
⠀⠀⠀⠀⠀⠀⠀⠀⠀
Almaíso siempre ha sido una creación colectiva.
⠀⠀⠀⠀⠀⠀⠀⠀⠀
Un lugar moldeado por muchas manos, muchas ideas y un deseo compartido de cuidar la tierra y los unos a los otros.
⠀⠀⠀⠀⠀⠀⠀⠀⠀
A medida que los jardines crecen y la visión se expande, recordamos que lo que sostiene este proyecto no es solo el suelo bajo nuestros pies, sino la comunidad que se reúne a su alrededor.
⠀⠀⠀⠀⠀⠀⠀⠀⠀
Estamos agradecidos a todos los que contribuyen con su presencia a esta historia que continúa desplegándose.
⠀⠀⠀⠀⠀⠀⠀⠀⠀
Porque Almaíso no es algo que una sola persona crea.
Es algo que crecemos juntos 🏠💚
⠀⠀⠀⠀⠀⠀⠀⠀⠀
#almaisotenerife #retreatcenter #cousciousliving #tenerife","Some places are built with walls.
Others are built with people.
⠀⠀⠀⠀⠀⠀⠀⠀⠀
Almaíso has always been a collective creation.
⠀⠀⠀⠀⠀⠀⠀⠀⠀
A place shaped by many hands, many ideas, and a shared desire to care for the land and for one another.
⠀⠀⠀⠀⠀⠀⠀⠀⠀
As the gardens grow and the vision expands, we are reminded that what sustains this project is not only the soil beneath our feet, but the community that gathers around it.
⠀⠀⠀⠀⠀⠀⠀⠀⠀
We are grateful to everyone who contributes their presence to this unfolding story.
⠀⠀⠀⠀⠀⠀⠀⠀⠀
Because Almaíso is not something one person creates.
It is something we grow together 🏠💚
⠀⠀⠀⠀⠀⠀⠀⠀⠀
—
⠀⠀⠀⠀⠀⠀⠀⠀⠀
Hay lugares construidos con paredes.
Otros se construyen con personas.
⠀⠀⠀⠀⠀⠀⠀⠀⠀
Almaíso siempre ha sido una creación colectiva.
⠀⠀⠀⠀⠀⠀⠀⠀⠀
Un lugar moldeado por muchas manos, muchas ideas y un deseo compartido de cuidar la tierra y los unos a los otros.
⠀⠀⠀⠀⠀⠀⠀⠀⠀
A medida que los jardines crecen y la visión se expande, recordamos que lo que sostiene este proyecto no es solo el suelo bajo nuestros pies, sino la comunidad que se reúne a su alrededor.
⠀⠀⠀⠀⠀⠀⠀⠀⠀
Estamos agradecidos a todos los que contribuyen con su presencia a esta historia que continúa desplegándose.
⠀⠀⠀⠀⠀⠀⠀⠀⠀
Porque Almaíso no es algo que una sola persona crea.
Es algo que crecemos juntos 🏠💚
⠀⠀⠀⠀⠀⠀⠀⠀⠀
#almaisotenerife #retreatcenter #cousciousliving #tenerife",23,"06/10/2026 01:29",N/A,https://www.facebook.com/reel/2745936072456546/,1,0,Videos,,,,,06/25/2026,0,0,0,0,0,0,0,0,0,0,0.796,0,0,0,0.796,0,0,0,0,0,0,0,0.796,0.796,0,0,0
1518493716646074,100054563795107,"Almaíso at Finca El Drago","Some places are built with walls.
Others are built with people.
⠀⠀⠀⠀⠀⠀⠀⠀⠀
Almaíso has always been a collective creation.
⠀⠀⠀⠀⠀⠀⠀⠀⠀
A place shaped by many hands, many ideas, and a shared desire to care for the land and for one another.
⠀⠀⠀⠀⠀⠀⠀⠀⠀
As the gardens grow and the vision expands, we are reminded that what sustains this project is not only the soil beneath our feet, but the community that gathers around it.
⠀⠀⠀⠀⠀⠀⠀⠀⠀
We are grateful to everyone who contributes their presence to this unfolding story.
⠀⠀⠀⠀⠀⠀⠀⠀⠀
Because Almaíso is not something one person creates.
It is something we grow together 🏠💚
⠀⠀⠀⠀⠀⠀⠀⠀⠀
—
⠀⠀⠀⠀⠀⠀⠀⠀⠀
Hay lugares construidos con paredes.
Otros se construyen con personas.
⠀⠀⠀⠀⠀⠀⠀⠀⠀
Almaíso siempre ha sido una creación colectiva.
⠀⠀⠀⠀⠀⠀⠀⠀⠀
Un lugar moldeado por muchas manos, muchas ideas y un deseo compartido de cuidar la tierra y los unos a los otros.
⠀⠀⠀⠀⠀⠀⠀⠀⠀
A medida que los jardines crecen y la visión se expande, recordamos que lo que sostiene este proyecto no es solo el suelo bajo nuestros pies, sino la comunidad que se reúne a su alrededor.
⠀⠀⠀⠀⠀⠀⠀⠀⠀
Estamos agradecidos a todos los que contribuyen con su presencia a esta historia que continúa desplegándose.
⠀⠀⠀⠀⠀⠀⠀⠀⠀
Porque Almaíso no es algo que una sola persona crea.
Es algo que crecemos juntos 🏠💚
⠀⠀⠀⠀⠀⠀⠀⠀⠀
#almaisotenerife #retreatcenter #cousciousliving #tenerife","Some places are built with walls.
Others are built with people.
⠀⠀⠀⠀⠀⠀⠀⠀⠀
Almaíso has always been a collective creation.
⠀⠀⠀⠀⠀⠀⠀⠀⠀
A place shaped by many hands, many ideas, and a shared desire to care for the land and for one another.
⠀⠀⠀⠀⠀⠀⠀⠀⠀
As the gardens grow and the vision expands, we are reminded that what sustains this project is not only the soil beneath our feet, but the community that gathers around it.
⠀⠀⠀⠀⠀⠀⠀⠀⠀
We are grateful to everyone who contributes their presence to this unfolding story.
⠀⠀⠀⠀⠀⠀⠀⠀⠀
Because Almaíso is not something one person creates.
It is something we grow together 🏠💚
⠀⠀⠀⠀⠀⠀⠀⠀⠀
—
⠀⠀⠀⠀⠀⠀⠀⠀⠀
Hay lugares construidos con paredes.
Otros se construyen con personas.
⠀⠀⠀⠀⠀⠀⠀⠀⠀
Almaíso siempre ha sido una creación colectiva.
⠀⠀⠀⠀⠀⠀⠀⠀⠀
Un lugar moldeado por muchas manos, muchas ideas y un deseo compartido de cuidar la tierra y los unos a los otros.
⠀⠀⠀⠀⠀⠀⠀⠀⠀
A medida que los jardines crecen y la visión se expande, recordamos que lo que sostiene este proyecto no es solo el suelo bajo nuestros pies, sino la comunidad que se reúne a su alrededor.
⠀⠀⠀⠀⠀⠀⠀⠀⠀
Estamos agradecidos a todos los que contribuyen con su presencia a esta historia que continúa desplegándose.
⠀⠀⠀⠀⠀⠀⠀⠀⠀
Porque Almaíso no es algo que una sola persona crea.
Es algo que crecemos juntos 🏠💚
⠀⠀⠀⠀⠀⠀⠀⠀⠀
#almaisotenerife #retreatcenter #cousciousliving #tenerife",23,"06/10/2026 01:29",N/A,https://www.facebook.com/reel/2745936072456546/,1,0,Videos,,,,,06/26/2026,1,0,1,0,0,1,0,0,0,0,23.531,0,0,0,23.531,0,0,0,0,0,0,0,23.531,23.531,0,0,0
1518493716646074,100054563795107,"Almaíso at Finca El Drago","Some places are built with walls.
Others are built with people.
⠀⠀⠀⠀⠀⠀⠀⠀⠀
Almaíso has always been a collective creation.
⠀⠀⠀⠀⠀⠀⠀⠀⠀
A place shaped by many hands, many ideas, and a shared desire to care for the land and for one another.
⠀⠀⠀⠀⠀⠀⠀⠀⠀
As the gardens grow and the vision expands, we are reminded that what sustains this project is not only the soil beneath our feet, but the community that gathers around it.
⠀⠀⠀⠀⠀⠀⠀⠀⠀
We are grateful to everyone who contributes their presence to this unfolding story.
⠀⠀⠀⠀⠀⠀⠀⠀⠀
Because Almaíso is not something one person creates.
It is something we grow together 🏠💚
⠀⠀⠀⠀⠀⠀⠀⠀⠀
—
⠀⠀⠀⠀⠀⠀⠀⠀⠀
Hay lugares construidos con paredes.
Otros se construyen con personas.
⠀⠀⠀⠀⠀⠀⠀⠀⠀
Almaíso siempre ha sido una creación colectiva.
⠀⠀⠀⠀⠀⠀⠀⠀⠀
Un lugar moldeado por muchas manos, muchas ideas y un deseo compartido de cuidar la tierra y los unos a los otros.
⠀⠀⠀⠀⠀⠀⠀⠀⠀
A medida que los jardines crecen y la visión se expande, recordamos que lo que sostiene este proyecto no es solo el suelo bajo nuestros pies, sino la comunidad que se reúne a su alrededor.
⠀⠀⠀⠀⠀⠀⠀⠀⠀
Estamos agradecidos a todos los que contribuyen con su presencia a esta historia que continúa desplegándose.
⠀⠀⠀⠀⠀⠀⠀⠀⠀
Porque Almaíso no es algo que una sola persona crea.
Es algo que crecemos juntos 🏠💚
⠀⠀⠀⠀⠀⠀⠀⠀⠀
#almaisotenerife #retreatcenter #cousciousliving #tenerife","Some places are built with walls.
Others are built with people.
⠀⠀⠀⠀⠀⠀⠀⠀⠀
Almaíso has always been a collective creation.
⠀⠀⠀⠀⠀⠀⠀⠀⠀
A place shaped by many hands, many ideas, and a shared desire to care for the land and for one another.
⠀⠀⠀⠀⠀⠀⠀⠀⠀
As the gardens grow and the vision expands, we are reminded that what sustains this project is not only the soil beneath our feet, but the community that gathers around it.
⠀⠀⠀⠀⠀⠀⠀⠀⠀
We are grateful to everyone who contributes their presence to this unfolding story.
⠀⠀⠀⠀⠀⠀⠀⠀⠀
Because Almaíso is not something one person creates.
It is something we grow together 🏠💚
⠀⠀⠀⠀⠀⠀⠀⠀⠀
—
⠀⠀⠀⠀⠀⠀⠀⠀⠀
Hay lugares construidos con paredes.
Otros se construyen con personas.
⠀⠀⠀⠀⠀⠀⠀⠀⠀
Almaíso siempre ha sido una creación colectiva.
⠀⠀⠀⠀⠀⠀⠀⠀⠀
Un lugar moldeado por muchas manos, muchas ideas y un deseo compartido de cuidar la tierra y los unos a los otros.
⠀⠀⠀⠀⠀⠀⠀⠀⠀
A medida que los jardines crecen y la visión se expande, recordamos que lo que sostiene este proyecto no es solo el suelo bajo nuestros pies, sino la comunidad que se reúne a su alrededor.
⠀⠀⠀⠀⠀⠀⠀⠀⠀
Estamos agradecidos a todos los que contribuyen con su presencia a esta historia que continúa desplegándose.
⠀⠀⠀⠀⠀⠀⠀⠀⠀
Porque Almaíso no es algo que una sola persona crea.
Es algo que crecemos juntos 🏠💚
⠀⠀⠀⠀⠀⠀⠀⠀⠀
#almaisotenerife #retreatcenter #cousciousliving #tenerife",23,"06/10/2026 01:29",N/A,https://www.facebook.com/reel/2745936072456546/,1,0,Videos,,,,,06/27/2026,0,0,0,0,0,0,0,0,0,0,0,0,0,0,0,0,0,0,0,0,0,0,0,0,0,0,0
1518493716646074,100054563795107,"Almaíso at Finca El Drago","Some places are built with walls.
Others are built with people.
⠀⠀⠀⠀⠀⠀⠀⠀⠀
Almaíso has always been a collective creation.
⠀⠀⠀⠀⠀⠀⠀⠀⠀
A place shaped by many hands, many ideas, and a shared desire to care for the land and for one another.
⠀⠀⠀⠀⠀⠀⠀⠀⠀
As the gardens grow and the vision expands, we are reminded that what sustains this project is not only the soil beneath our feet, but the community that gathers around it.
⠀⠀⠀⠀⠀⠀⠀⠀⠀
We are grateful to everyone who contributes their presence to this unfolding story.
⠀⠀⠀⠀⠀⠀⠀⠀⠀
Because Almaíso is not something one person creates.
It is something we grow together 🏠💚
⠀⠀⠀⠀⠀⠀⠀⠀⠀
—
⠀⠀⠀⠀⠀⠀⠀⠀⠀
Hay lugares construidos con paredes.
Otros se construyen con personas.
⠀⠀⠀⠀⠀⠀⠀⠀⠀
Almaíso siempre ha sido una creación colectiva.
⠀⠀⠀⠀⠀⠀⠀⠀⠀
Un lugar moldeado por muchas manos, muchas ideas y un deseo compartido de cuidar la tierra y los unos a los otros.
⠀⠀⠀⠀⠀⠀⠀⠀⠀
A medida que los jardines crecen y la visión se expande, recordamos que lo que sostiene este proyecto no es solo el suelo bajo nuestros pies, sino la comunidad que se reúne a su alrededor.
⠀⠀⠀⠀⠀⠀⠀⠀⠀
Estamos agradecidos a todos los que contribuyen con su presencia a esta historia que continúa desplegándose.
⠀⠀⠀⠀⠀⠀⠀⠀⠀
Porque Almaíso no es algo que una sola persona crea.
Es algo que crecemos juntos 🏠💚
⠀⠀⠀⠀⠀⠀⠀⠀⠀
#almaisotenerife #retreatcenter #cousciousliving #tenerife","Some places are built with walls.
Others are built with people.
⠀⠀⠀⠀⠀⠀⠀⠀⠀
Almaíso has always been a collective creation.
⠀⠀⠀⠀⠀⠀⠀⠀⠀
A place shaped by many hands, many ideas, and a shared desire to care for the land and for one another.
⠀⠀⠀⠀⠀⠀⠀⠀⠀
As the gardens grow and the vision expands, we are reminded that what sustains this project is not only the soil beneath our feet, but the community that gathers around it.
⠀⠀⠀⠀⠀⠀⠀⠀⠀
We are grateful to everyone who contributes their presence to this unfolding story.
⠀⠀⠀⠀⠀⠀⠀⠀⠀
Because Almaíso is not something one person creates.
It is something we grow together 🏠💚
⠀⠀⠀⠀⠀⠀⠀⠀⠀
—
⠀⠀⠀⠀⠀⠀⠀⠀⠀
Hay lugares construidos con paredes.
Otros se construyen con personas.
⠀⠀⠀⠀⠀⠀⠀⠀⠀
Almaíso siempre ha sido una creación colectiva.
⠀⠀⠀⠀⠀⠀⠀⠀⠀
Un lugar moldeado por muchas manos, muchas ideas y un deseo compartido de cuidar la tierra y los unos a los otros.
⠀⠀⠀⠀⠀⠀⠀⠀⠀
A medida que los jardines crecen y la visión se expande, recordamos que lo que sostiene este proyecto no es solo el suelo bajo nuestros pies, sino la comunidad que se reúne a su alrededor.
⠀⠀⠀⠀⠀⠀⠀⠀⠀
Estamos agradecidos a todos los que contribuyen con su presencia a esta historia que continúa desplegándose.
⠀⠀⠀⠀⠀⠀⠀⠀⠀
Porque Almaíso no es algo que una sola persona crea.
Es algo que crecemos juntos 🏠💚
⠀⠀⠀⠀⠀⠀⠀⠀⠀
#almaisotenerife #retreatcenter #cousciousliving #tenerife",23,"06/10/2026 01:29",N/A,https://www.facebook.com/reel/2745936072456546/,1,0,Videos,,,,,06/28/2026,0,0,0,0,0,0,0,0,0,0,0.761,0,0,0,0.761,0,0,0,0,0,0,0,0.761,0.761,0,0,0
1518493716646074,100054563795107,"Almaíso at Finca El Drago","Some places are built with walls.
Others are built with people.
⠀⠀⠀⠀⠀⠀⠀⠀⠀
Almaíso has always been a collective creation.
⠀⠀⠀⠀⠀⠀⠀⠀⠀
A place shaped by many hands, many ideas, and a shared desire to care for the land and for one another.
⠀⠀⠀⠀⠀⠀⠀⠀⠀
As the gardens grow and the vision expands, we are reminded that what sustains this project is not only the soil beneath our feet, but the community that gathers around it.
⠀⠀⠀⠀⠀⠀⠀⠀⠀
We are grateful to everyone who contributes their presence to this unfolding story.
⠀⠀⠀⠀⠀⠀⠀⠀⠀
Because Almaíso is not something one person creates.
It is something we grow together 🏠💚
⠀⠀⠀⠀⠀⠀⠀⠀⠀
—
⠀⠀⠀⠀⠀⠀⠀⠀⠀
Hay lugares construidos con paredes.
Otros se construyen con personas.
⠀⠀⠀⠀⠀⠀⠀⠀⠀
Almaíso siempre ha sido una creación colectiva.
⠀⠀⠀⠀⠀⠀⠀⠀⠀
Un lugar moldeado por muchas manos, muchas ideas y un deseo compartido de cuidar la tierra y los unos a los otros.
⠀⠀⠀⠀⠀⠀⠀⠀⠀
A medida que los jardines crecen y la visión se expande, recordamos que lo que sostiene este proyecto no es solo el suelo bajo nuestros pies, sino la comunidad que se reúne a su alrededor.
⠀⠀⠀⠀⠀⠀⠀⠀⠀
Estamos agradecidos a todos los que contribuyen con su presencia a esta historia que continúa desplegándose.
⠀⠀⠀⠀⠀⠀⠀⠀⠀
Porque Almaíso no es algo que una sola persona crea.
Es algo que crecemos juntos 🏠💚
⠀⠀⠀⠀⠀⠀⠀⠀⠀
#almaisotenerife #retreatcenter #cousciousliving #tenerife","Some places are built with walls.
Others are built with people.
⠀⠀⠀⠀⠀⠀⠀⠀⠀
Almaíso has always been a collective creation.
⠀⠀⠀⠀⠀⠀⠀⠀⠀
A place shaped by many hands, many ideas, and a shared desire to care for the land and for one another.
⠀⠀⠀⠀⠀⠀⠀⠀⠀
As the gardens grow and the vision expands, we are reminded that what sustains this project is not only the soil beneath our feet, but the community that gathers around it.
⠀⠀⠀⠀⠀⠀⠀⠀⠀
We are grateful to everyone who contributes their presence to this unfolding story.
⠀⠀⠀⠀⠀⠀⠀⠀⠀
Because Almaíso is not something one person creates.
It is something we grow together 🏠💚
⠀⠀⠀⠀⠀⠀⠀⠀⠀
—
⠀⠀⠀⠀⠀⠀⠀⠀⠀
Hay lugares construidos con paredes.
Otros se construyen con personas.
⠀⠀⠀⠀⠀⠀⠀⠀⠀
Almaíso siempre ha sido una creación colectiva.
⠀⠀⠀⠀⠀⠀⠀⠀⠀
Un lugar moldeado por muchas manos, muchas ideas y un deseo compartido de cuidar la tierra y los unos a los otros.
⠀⠀⠀⠀⠀⠀⠀⠀⠀
A medida que los jardines crecen y la visión se expande, recordamos que lo que sostiene este proyecto no es solo el suelo bajo nuestros pies, sino la comunidad que se reúne a su alrededor.
⠀⠀⠀⠀⠀⠀⠀⠀⠀
Estamos agradecidos a todos los que contribuyen con su presencia a esta historia que continúa desplegándose.
⠀⠀⠀⠀⠀⠀⠀⠀⠀
Porque Almaíso no es algo que una sola persona crea.
Es algo que crecemos juntos 🏠💚
⠀⠀⠀⠀⠀⠀⠀⠀⠀
#almaisotenerife #retreatcenter #cousciousliving #tenerife",23,"06/10/2026 01:29",N/A,https://www.facebook.com/reel/2745936072456546/,1,0,Videos,,,,,06/29/2026,1,0,1,0,0,1,0,0,0,0,37.346,0,0,0,18.673,0,0,0,0,0,0,0,37.346,18.673,0,0,0
1518493716646074,100054563795107,"Almaíso at Finca El Drago","Some places are built with walls.
Others are built with people.
⠀⠀⠀⠀⠀⠀⠀⠀⠀
Almaíso has always been a collective creation.
⠀⠀⠀⠀⠀⠀⠀⠀⠀
A place shaped by many hands, many ideas, and a shared desire to care for the land and for one another.
⠀⠀⠀⠀⠀⠀⠀⠀⠀
As the gardens grow and the vision expands, we are reminded that what sustains this project is not only the soil beneath our feet, but the community that gathers around it.
⠀⠀⠀⠀⠀⠀⠀⠀⠀
We are grateful to everyone who contributes their presence to this unfolding story.
⠀⠀⠀⠀⠀⠀⠀⠀⠀
Because Almaíso is not something one person creates.
It is something we grow together 🏠💚
⠀⠀⠀⠀⠀⠀⠀⠀⠀
—
⠀⠀⠀⠀⠀⠀⠀⠀⠀
Hay lugares construidos con paredes.
Otros se construyen con personas.
⠀⠀⠀⠀⠀⠀⠀⠀⠀
Almaíso siempre ha sido una creación colectiva.
⠀⠀⠀⠀⠀⠀⠀⠀⠀
Un lugar moldeado por muchas manos, muchas ideas y un deseo compartido de cuidar la tierra y los unos a los otros.
⠀⠀⠀⠀⠀⠀⠀⠀⠀
A medida que los jardines crecen y la visión se expande, recordamos que lo que sostiene este proyecto no es solo el suelo bajo nuestros pies, sino la comunidad que se reúne a su alrededor.
⠀⠀⠀⠀⠀⠀⠀⠀⠀
Estamos agradecidos a todos los que contribuyen con su presencia a esta historia que continúa desplegándose.
⠀⠀⠀⠀⠀⠀⠀⠀⠀
Porque Almaíso no es algo que una sola persona crea.
Es algo que crecemos juntos 🏠💚
⠀⠀⠀⠀⠀⠀⠀⠀⠀
#almaisotenerife #retreatcenter #cousciousliving #tenerife","Some places are built with walls.
Others are built with people.
⠀⠀⠀⠀⠀⠀⠀⠀⠀
Almaíso has always been a collective creation.
⠀⠀⠀⠀⠀⠀⠀⠀⠀
A place shaped by many hands, many ideas, and a shared desire to care for the land and for one another.
⠀⠀⠀⠀⠀⠀⠀⠀⠀
As the gardens grow and the vision expands, we are reminded that what sustains this project is not only the soil beneath our feet, but the community that gathers around it.
⠀⠀⠀⠀⠀⠀⠀⠀⠀
We are grateful to everyone who contributes their presence to this unfolding story.
⠀⠀⠀⠀⠀⠀⠀⠀⠀
Because Almaíso is not something one person creates.
It is something we grow together 🏠💚
⠀⠀⠀⠀⠀⠀⠀⠀⠀
—
⠀⠀⠀⠀⠀⠀⠀⠀⠀
Hay lugares construidos con paredes.
Otros se construyen con personas.
⠀⠀⠀⠀⠀⠀⠀⠀⠀
Almaíso siempre ha sido una creación colectiva.
⠀⠀⠀⠀⠀⠀⠀⠀⠀
Un lugar moldeado por muchas manos, muchas ideas y un deseo compartido de cuidar la tierra y los unos a los otros.
⠀⠀⠀⠀⠀⠀⠀⠀⠀
A medida que los jardines crecen y la visión se expande, recordamos que lo que sostiene este proyecto no es solo el suelo bajo nuestros pies, sino la comunidad que se reúne a su alrededor.
⠀⠀⠀⠀⠀⠀⠀⠀⠀
Estamos agradecidos a todos los que contribuyen con su presencia a esta historia que continúa desplegándose.
⠀⠀⠀⠀⠀⠀⠀⠀⠀
Porque Almaíso no es algo que una sola persona crea.
Es algo que crecemos juntos 🏠💚
⠀⠀⠀⠀⠀⠀⠀⠀⠀
#almaisotenerife #retreatcenter #cousciousliving #tenerife",23,"06/10/2026 01:29",N/A,https://www.facebook.com/reel/2745936072456546/,1,0,Videos,,,,,06/30/2026,0,0,0,0,0,0,0,0,0,0,1.635,0,0,0,1.635,0,0,0,0,0,0,0,1.635,1.635,0,0,0
1516777396817706,100054563795107,"Almaíso at Finca El Drago","YOGA RETREAT with @brahmakiyoga

Eight days of practice, presence, and sattvic food.
Of mornings that begin before the heat.
Of a body that slowly remembers itself.
Led by Jesper Brodén and Giulia, this retreat invites you to go deeper, move slower, and return to yourself surrounded by the beauty of Tenerife.

📍 Almaíso · Tenerife
🗓️ August 9 – 16, 2026
🎟️ Limited spots available

Please register via @brahmakiyoga or visit brahmaki.com

—

Ocho días de práctica, presencia y comida sáttvica.
De mañanas que comienzan antes del calor.
De un cuerpo que lentamente se recuerda a sí mismo.
Guiado por Jesper Brodén y Giulia, este retiro te invita a ir más profundo, moverte más despacio y volver a ti rodeado de la belleza de Tenerife.

📍 Almaíso · Tenerife
🗓️ 9 – 16 de agosto de 2026
🎟️ Plazas limitadas

Inscríbete a través de @brahmakiyoga o visita brahmaki.com

#almaisotenerife #yogaretreat #conscioustravel #tenerife",,0,"06/08/2026 01:38",N/A,https://www.facebook.com/finca.el.drago/posts/pfbid02dsFnpSmgq4vCsUedLiUDGtQGZvDMpgnxQNjUNeRAUXbaeg64bt4NUhVpJocgdBRSl,0,0,Photos,,,,,06/01/2026,0,0,0,0,0,0,0,0,0,0,0,0,0,0,0,0,0,0,,,,,,,,,
1516777396817706,100054563795107,"Almaíso at Finca El Drago","YOGA RETREAT with @brahmakiyoga

Eight days of practice, presence, and sattvic food.
Of mornings that begin before the heat.
Of a body that slowly remembers itself.
Led by Jesper Brodén and Giulia, this retreat invites you to go deeper, move slower, and return to yourself surrounded by the beauty of Tenerife.

📍 Almaíso · Tenerife
🗓️ August 9 – 16, 2026
🎟️ Limited spots available

Please register via @brahmakiyoga or visit brahmaki.com

—

Ocho días de práctica, presencia y comida sáttvica.
De mañanas que comienzan antes del calor.
De un cuerpo que lentamente se recuerda a sí mismo.
Guiado por Jesper Brodén y Giulia, este retiro te invita a ir más profundo, moverte más despacio y volver a ti rodeado de la belleza de Tenerife.

📍 Almaíso · Tenerife
🗓️ 9 – 16 de agosto de 2026
🎟️ Plazas limitadas

Inscríbete a través de @brahmakiyoga o visita brahmaki.com

#almaisotenerife #yogaretreat #conscioustravel #tenerife",,0,"06/08/2026 01:38",N/A,https://www.facebook.com/finca.el.drago/posts/pfbid02dsFnpSmgq4vCsUedLiUDGtQGZvDMpgnxQNjUNeRAUXbaeg64bt4NUhVpJocgdBRSl,0,0,Photos,,,,,06/02/2026,0,0,0,0,0,0,0,0,0,0,0,0,0,0,0,0,0,0,,,,,,,,,
1516777396817706,100054563795107,"Almaíso at Finca El Drago","YOGA RETREAT with @brahmakiyoga

Eight days of practice, presence, and sattvic food.
Of mornings that begin before the heat.
Of a body that slowly remembers itself.
Led by Jesper Brodén and Giulia, this retreat invites you to go deeper, move slower, and return to yourself surrounded by the beauty of Tenerife.

📍 Almaíso · Tenerife
🗓️ August 9 – 16, 2026
🎟️ Limited spots available

Please register via @brahmakiyoga or visit brahmaki.com

—

Ocho días de práctica, presencia y comida sáttvica.
De mañanas que comienzan antes del calor.
De un cuerpo que lentamente se recuerda a sí mismo.
Guiado por Jesper Brodén y Giulia, este retiro te invita a ir más profundo, moverte más despacio y volver a ti rodeado de la belleza de Tenerife.

📍 Almaíso · Tenerife
🗓️ 9 – 16 de agosto de 2026
🎟️ Plazas limitadas

Inscríbete a través de @brahmakiyoga o visita brahmaki.com

#almaisotenerife #yogaretreat #conscioustravel #tenerife",,0,"06/08/2026 01:38",N/A,https://www.facebook.com/finca.el.drago/posts/pfbid02dsFnpSmgq4vCsUedLiUDGtQGZvDMpgnxQNjUNeRAUXbaeg64bt4NUhVpJocgdBRSl,0,0,Photos,,,,,06/03/2026,0,0,0,0,0,0,0,0,0,0,0,0,0,0,0,0,0,0,,,,,,,,,
1516777396817706,100054563795107,"Almaíso at Finca El Drago","YOGA RETREAT with @brahmakiyoga

Eight days of practice, presence, and sattvic food.
Of mornings that begin before the heat.
Of a body that slowly remembers itself.
Led by Jesper Brodén and Giulia, this retreat invites you to go deeper, move slower, and return to yourself surrounded by the beauty of Tenerife.

📍 Almaíso · Tenerife
🗓️ August 9 – 16, 2026
🎟️ Limited spots available

Please register via @brahmakiyoga or visit brahmaki.com

—

Ocho días de práctica, presencia y comida sáttvica.
De mañanas que comienzan antes del calor.
De un cuerpo que lentamente se recuerda a sí mismo.
Guiado por Jesper Brodén y Giulia, este retiro te invita a ir más profundo, moverte más despacio y volver a ti rodeado de la belleza de Tenerife.

📍 Almaíso · Tenerife
🗓️ 9 – 16 de agosto de 2026
🎟️ Plazas limitadas

Inscríbete a través de @brahmakiyoga o visita brahmaki.com

#almaisotenerife #yogaretreat #conscioustravel #tenerife",,0,"06/08/2026 01:38",N/A,https://www.facebook.com/finca.el.drago/posts/pfbid02dsFnpSmgq4vCsUedLiUDGtQGZvDMpgnxQNjUNeRAUXbaeg64bt4NUhVpJocgdBRSl,0,0,Photos,,,,,06/04/2026,0,0,0,0,0,0,0,0,0,0,0,0,0,0,0,0,0,0,,,,,,,,,
1516777396817706,100054563795107,"Almaíso at Finca El Drago","YOGA RETREAT with @brahmakiyoga

Eight days of practice, presence, and sattvic food.
Of mornings that begin before the heat.
Of a body that slowly remembers itself.
Led by Jesper Brodén and Giulia, this retreat invites you to go deeper, move slower, and return to yourself surrounded by the beauty of Tenerife.

📍 Almaíso · Tenerife
🗓️ August 9 – 16, 2026
🎟️ Limited spots available

Please register via @brahmakiyoga or visit brahmaki.com

—

Ocho días de práctica, presencia y comida sáttvica.
De mañanas que comienzan antes del calor.
De un cuerpo que lentamente se recuerda a sí mismo.
Guiado por Jesper Brodén y Giulia, este retiro te invita a ir más profundo, moverte más despacio y volver a ti rodeado de la belleza de Tenerife.

📍 Almaíso · Tenerife
🗓️ 9 – 16 de agosto de 2026
🎟️ Plazas limitadas

Inscríbete a través de @brahmakiyoga o visita brahmaki.com

#almaisotenerife #yogaretreat #conscioustravel #tenerife",,0,"06/08/2026 01:38",N/A,https://www.facebook.com/finca.el.drago/posts/pfbid02dsFnpSmgq4vCsUedLiUDGtQGZvDMpgnxQNjUNeRAUXbaeg64bt4NUhVpJocgdBRSl,0,0,Photos,,,,,06/05/2026,0,0,0,0,0,0,0,0,0,0,0,0,0,0,0,0,0,0,,,,,,,,,
1516777396817706,100054563795107,"Almaíso at Finca El Drago","YOGA RETREAT with @brahmakiyoga

Eight days of practice, presence, and sattvic food.
Of mornings that begin before the heat.
Of a body that slowly remembers itself.
Led by Jesper Brodén and Giulia, this retreat invites you to go deeper, move slower, and return to yourself surrounded by the beauty of Tenerife.

📍 Almaíso · Tenerife
🗓️ August 9 – 16, 2026
🎟️ Limited spots available

Please register via @brahmakiyoga or visit brahmaki.com

—

Ocho días de práctica, presencia y comida sáttvica.
De mañanas que comienzan antes del calor.
De un cuerpo que lentamente se recuerda a sí mismo.
Guiado por Jesper Brodén y Giulia, este retiro te invita a ir más profundo, moverte más despacio y volver a ti rodeado de la belleza de Tenerife.

📍 Almaíso · Tenerife
🗓️ 9 – 16 de agosto de 2026
🎟️ Plazas limitadas

Inscríbete a través de @brahmakiyoga o visita brahmaki.com

#almaisotenerife #yogaretreat #conscioustravel #tenerife",,0,"06/08/2026 01:38",N/A,https://www.facebook.com/finca.el.drago/posts/pfbid02dsFnpSmgq4vCsUedLiUDGtQGZvDMpgnxQNjUNeRAUXbaeg64bt4NUhVpJocgdBRSl,0,0,Photos,,,,,06/06/2026,0,0,0,0,0,0,0,0,0,0,0,0,0,0,0,0,0,0,,,,,,,,,
1516777396817706,100054563795107,"Almaíso at Finca El Drago","YOGA RETREAT with @brahmakiyoga

Eight days of practice, presence, and sattvic food.
Of mornings that begin before the heat.
Of a body that slowly remembers itself.
Led by Jesper Brodén and Giulia, this retreat invites you to go deeper, move slower, and return to yourself surrounded by the beauty of Tenerife.

📍 Almaíso · Tenerife
🗓️ August 9 – 16, 2026
🎟️ Limited spots available

Please register via @brahmakiyoga or visit brahmaki.com

—

Ocho días de práctica, presencia y comida sáttvica.
De mañanas que comienzan antes del calor.
De un cuerpo que lentamente se recuerda a sí mismo.
Guiado por Jesper Brodén y Giulia, este retiro te invita a ir más profundo, moverte más despacio y volver a ti rodeado de la belleza de Tenerife.

📍 Almaíso · Tenerife
🗓️ 9 – 16 de agosto de 2026
🎟️ Plazas limitadas

Inscríbete a través de @brahmakiyoga o visita brahmaki.com

#almaisotenerife #yogaretreat #conscioustravel #tenerife",,0,"06/08/2026 01:38",N/A,https://www.facebook.com/finca.el.drago/posts/pfbid02dsFnpSmgq4vCsUedLiUDGtQGZvDMpgnxQNjUNeRAUXbaeg64bt4NUhVpJocgdBRSl,0,0,Photos,,,,,06/07/2026,0,0,0,0,0,0,0,0,0,0,0,0,0,0,0,0,0,0,,,,,,,,,
1516777396817706,100054563795107,"Almaíso at Finca El Drago","YOGA RETREAT with @brahmakiyoga

Eight days of practice, presence, and sattvic food.
Of mornings that begin before the heat.
Of a body that slowly remembers itself.
Led by Jesper Brodén and Giulia, this retreat invites you to go deeper, move slower, and return to yourself surrounded by the beauty of Tenerife.

📍 Almaíso · Tenerife
🗓️ August 9 – 16, 2026
🎟️ Limited spots available

Please register via @brahmakiyoga or visit brahmaki.com

—

Ocho días de práctica, presencia y comida sáttvica.
De mañanas que comienzan antes del calor.
De un cuerpo que lentamente se recuerda a sí mismo.
Guiado por Jesper Brodén y Giulia, este retiro te invita a ir más profundo, moverte más despacio y volver a ti rodeado de la belleza de Tenerife.

📍 Almaíso · Tenerife
🗓️ 9 – 16 de agosto de 2026
🎟️ Plazas limitadas

Inscríbete a través de @brahmakiyoga o visita brahmaki.com

#almaisotenerife #yogaretreat #conscioustravel #tenerife",,0,"06/08/2026 01:38",N/A,https://www.facebook.com/finca.el.drago/posts/pfbid02dsFnpSmgq4vCsUedLiUDGtQGZvDMpgnxQNjUNeRAUXbaeg64bt4NUhVpJocgdBRSl,0,0,Photos,,,,,06/08/2026,0,0,0,0,0,0,0,0,0,0,0,0,0,0,0,0,0,0,,,,,,,,,
1516777396817706,100054563795107,"Almaíso at Finca El Drago","YOGA RETREAT with @brahmakiyoga

Eight days of practice, presence, and sattvic food.
Of mornings that begin before the heat.
Of a body that slowly remembers itself.
Led by Jesper Brodén and Giulia, this retreat invites you to go deeper, move slower, and return to yourself surrounded by the beauty of Tenerife.

📍 Almaíso · Tenerife
🗓️ August 9 – 16, 2026
🎟️ Limited spots available

Please register via @brahmakiyoga or visit brahmaki.com

—

Ocho días de práctica, presencia y comida sáttvica.
De mañanas que comienzan antes del calor.
De un cuerpo que lentamente se recuerda a sí mismo.
Guiado por Jesper Brodén y Giulia, este retiro te invita a ir más profundo, moverte más despacio y volver a ti rodeado de la belleza de Tenerife.

📍 Almaíso · Tenerife
🗓️ 9 – 16 de agosto de 2026
🎟️ Plazas limitadas

Inscríbete a través de @brahmakiyoga o visita brahmaki.com

#almaisotenerife #yogaretreat #conscioustravel #tenerife",,0,"06/08/2026 01:38",N/A,https://www.facebook.com/finca.el.drago/posts/pfbid02dsFnpSmgq4vCsUedLiUDGtQGZvDMpgnxQNjUNeRAUXbaeg64bt4NUhVpJocgdBRSl,0,0,Photos,,,,,06/09/2026,0,0,0,0,0,0,0,0,0,0,0,0,0,0,0,0,0,0,,,,,,,,,
1516777396817706,100054563795107,"Almaíso at Finca El Drago","YOGA RETREAT with @brahmakiyoga

Eight days of practice, presence, and sattvic food.
Of mornings that begin before the heat.
Of a body that slowly remembers itself.
Led by Jesper Brodén and Giulia, this retreat invites you to go deeper, move slower, and return to yourself surrounded by the beauty of Tenerife.

📍 Almaíso · Tenerife
🗓️ August 9 – 16, 2026
🎟️ Limited spots available

Please register via @brahmakiyoga or visit brahmaki.com

—

Ocho días de práctica, presencia y comida sáttvica.
De mañanas que comienzan antes del calor.
De un cuerpo que lentamente se recuerda a sí mismo.
Guiado por Jesper Brodén y Giulia, este retiro te invita a ir más profundo, moverte más despacio y volver a ti rodeado de la belleza de Tenerife.

📍 Almaíso · Tenerife
🗓️ 9 – 16 de agosto de 2026
🎟️ Plazas limitadas

Inscríbete a través de @brahmakiyoga o visita brahmaki.com

#almaisotenerife #yogaretreat #conscioustravel #tenerife",,0,"06/08/2026 01:38",N/A,https://www.facebook.com/finca.el.drago/posts/pfbid02dsFnpSmgq4vCsUedLiUDGtQGZvDMpgnxQNjUNeRAUXbaeg64bt4NUhVpJocgdBRSl,0,0,Photos,,,,,06/10/2026,0,0,0,0,0,0,0,0,0,0,0,0,0,0,0,0,0,0,,,,,,,,,
1516777396817706,100054563795107,"Almaíso at Finca El Drago","YOGA RETREAT with @brahmakiyoga

Eight days of practice, presence, and sattvic food.
Of mornings that begin before the heat.
Of a body that slowly remembers itself.
Led by Jesper Brodén and Giulia, this retreat invites you to go deeper, move slower, and return to yourself surrounded by the beauty of Tenerife.

📍 Almaíso · Tenerife
🗓️ August 9 – 16, 2026
🎟️ Limited spots available

Please register via @brahmakiyoga or visit brahmaki.com

—

Ocho días de práctica, presencia y comida sáttvica.
De mañanas que comienzan antes del calor.
De un cuerpo que lentamente se recuerda a sí mismo.
Guiado por Jesper Brodén y Giulia, este retiro te invita a ir más profundo, moverte más despacio y volver a ti rodeado de la belleza de Tenerife.

📍 Almaíso · Tenerife
🗓️ 9 – 16 de agosto de 2026
🎟️ Plazas limitadas

Inscríbete a través de @brahmakiyoga o visita brahmaki.com

#almaisotenerife #yogaretreat #conscioustravel #tenerife",,0,"06/08/2026 01:38",N/A,https://www.facebook.com/finca.el.drago/posts/pfbid02dsFnpSmgq4vCsUedLiUDGtQGZvDMpgnxQNjUNeRAUXbaeg64bt4NUhVpJocgdBRSl,0,0,Photos,,,,,06/11/2026,0,0,0,0,0,0,0,0,0,0,0,0,0,0,0,0,0,0,,,,,,,,,
1516777396817706,100054563795107,"Almaíso at Finca El Drago","YOGA RETREAT with @brahmakiyoga

Eight days of practice, presence, and sattvic food.
Of mornings that begin before the heat.
Of a body that slowly remembers itself.
Led by Jesper Brodén and Giulia, this retreat invites you to go deeper, move slower, and return to yourself surrounded by the beauty of Tenerife.

📍 Almaíso · Tenerife
🗓️ August 9 – 16, 2026
🎟️ Limited spots available

Please register via @brahmakiyoga or visit brahmaki.com

—

Ocho días de práctica, presencia y comida sáttvica.
De mañanas que comienzan antes del calor.
De un cuerpo que lentamente se recuerda a sí mismo.
Guiado por Jesper Brodén y Giulia, este retiro te invita a ir más profundo, moverte más despacio y volver a ti rodeado de la belleza de Tenerife.

📍 Almaíso · Tenerife
🗓️ 9 – 16 de agosto de 2026
🎟️ Plazas limitadas

Inscríbete a través de @brahmakiyoga o visita brahmaki.com

#almaisotenerife #yogaretreat #conscioustravel #tenerife",,0,"06/08/2026 01:38",N/A,https://www.facebook.com/finca.el.drago/posts/pfbid02dsFnpSmgq4vCsUedLiUDGtQGZvDMpgnxQNjUNeRAUXbaeg64bt4NUhVpJocgdBRSl,0,0,Photos,,,,,06/12/2026,0,0,0,0,0,0,0,0,0,0,0,0,0,0,0,0,0,0,,,,,,,,,
1516777396817706,100054563795107,"Almaíso at Finca El Drago","YOGA RETREAT with @brahmakiyoga

Eight days of practice, presence, and sattvic food.
Of mornings that begin before the heat.
Of a body that slowly remembers itself.
Led by Jesper Brodén and Giulia, this retreat invites you to go deeper, move slower, and return to yourself surrounded by the beauty of Tenerife.

📍 Almaíso · Tenerife
🗓️ August 9 – 16, 2026
🎟️ Limited spots available

Please register via @brahmakiyoga or visit brahmaki.com

—

Ocho días de práctica, presencia y comida sáttvica.
De mañanas que comienzan antes del calor.
De un cuerpo que lentamente se recuerda a sí mismo.
Guiado por Jesper Brodén y Giulia, este retiro te invita a ir más profundo, moverte más despacio y volver a ti rodeado de la belleza de Tenerife.

📍 Almaíso · Tenerife
🗓️ 9 – 16 de agosto de 2026
🎟️ Plazas limitadas

Inscríbete a través de @brahmakiyoga o visita brahmaki.com

#almaisotenerife #yogaretreat #conscioustravel #tenerife",,0,"06/08/2026 01:38",N/A,https://www.facebook.com/finca.el.drago/posts/pfbid02dsFnpSmgq4vCsUedLiUDGtQGZvDMpgnxQNjUNeRAUXbaeg64bt4NUhVpJocgdBRSl,0,0,Photos,,,,,06/13/2026,0,0,0,0,0,0,0,0,0,0,0,0,0,0,0,0,0,0,,,,,,,,,
1516777396817706,100054563795107,"Almaíso at Finca El Drago","YOGA RETREAT with @brahmakiyoga

Eight days of practice, presence, and sattvic food.
Of mornings that begin before the heat.
Of a body that slowly remembers itself.
Led by Jesper Brodén and Giulia, this retreat invites you to go deeper, move slower, and return to yourself surrounded by the beauty of Tenerife.

📍 Almaíso · Tenerife
🗓️ August 9 – 16, 2026
🎟️ Limited spots available

Please register via @brahmakiyoga or visit brahmaki.com

—

Ocho días de práctica, presencia y comida sáttvica.
De mañanas que comienzan antes del calor.
De un cuerpo que lentamente se recuerda a sí mismo.
Guiado por Jesper Brodén y Giulia, este retiro te invita a ir más profundo, moverte más despacio y volver a ti rodeado de la belleza de Tenerife.

📍 Almaíso · Tenerife
🗓️ 9 – 16 de agosto de 2026
🎟️ Plazas limitadas

Inscríbete a través de @brahmakiyoga o visita brahmaki.com

#almaisotenerife #yogaretreat #conscioustravel #tenerife",,0,"06/08/2026 01:38",N/A,https://www.facebook.com/finca.el.drago/posts/pfbid02dsFnpSmgq4vCsUedLiUDGtQGZvDMpgnxQNjUNeRAUXbaeg64bt4NUhVpJocgdBRSl,0,0,Photos,,,,,06/14/2026,0,0,0,0,0,0,0,0,0,0,0,0,0,0,0,0,0,0,,,,,,,,,
1516777396817706,100054563795107,"Almaíso at Finca El Drago","YOGA RETREAT with @brahmakiyoga

Eight days of practice, presence, and sattvic food.
Of mornings that begin before the heat.
Of a body that slowly remembers itself.
Led by Jesper Brodén and Giulia, this retreat invites you to go deeper, move slower, and return to yourself surrounded by the beauty of Tenerife.

📍 Almaíso · Tenerife
🗓️ August 9 – 16, 2026
🎟️ Limited spots available

Please register via @brahmakiyoga or visit brahmaki.com

—

Ocho días de práctica, presencia y comida sáttvica.
De mañanas que comienzan antes del calor.
De un cuerpo que lentamente se recuerda a sí mismo.
Guiado por Jesper Brodén y Giulia, este retiro te invita a ir más profundo, moverte más despacio y volver a ti rodeado de la belleza de Tenerife.

📍 Almaíso · Tenerife
🗓️ 9 – 16 de agosto de 2026
🎟️ Plazas limitadas

Inscríbete a través de @brahmakiyoga o visita brahmaki.com

#almaisotenerife #yogaretreat #conscioustravel #tenerife",,0,"06/08/2026 01:38",N/A,https://www.facebook.com/finca.el.drago/posts/pfbid02dsFnpSmgq4vCsUedLiUDGtQGZvDMpgnxQNjUNeRAUXbaeg64bt4NUhVpJocgdBRSl,0,0,Photos,,,,,06/15/2026,0,0,0,0,0,0,0,0,0,0,0,0,0,0,0,0,0,0,,,,,,,,,
1516777396817706,100054563795107,"Almaíso at Finca El Drago","YOGA RETREAT with @brahmakiyoga

Eight days of practice, presence, and sattvic food.
Of mornings that begin before the heat.
Of a body that slowly remembers itself.
Led by Jesper Brodén and Giulia, this retreat invites you to go deeper, move slower, and return to yourself surrounded by the beauty of Tenerife.

📍 Almaíso · Tenerife
🗓️ August 9 – 16, 2026
🎟️ Limited spots available

Please register via @brahmakiyoga or visit brahmaki.com

—

Ocho días de práctica, presencia y comida sáttvica.
De mañanas que comienzan antes del calor.
De un cuerpo que lentamente se recuerda a sí mismo.
Guiado por Jesper Brodén y Giulia, este retiro te invita a ir más profundo, moverte más despacio y volver a ti rodeado de la belleza de Tenerife.

📍 Almaíso · Tenerife
🗓️ 9 – 16 de agosto de 2026
🎟️ Plazas limitadas

Inscríbete a través de @brahmakiyoga o visita brahmaki.com

#almaisotenerife #yogaretreat #conscioustravel #tenerife",,0,"06/08/2026 01:38",N/A,https://www.facebook.com/finca.el.drago/posts/pfbid02dsFnpSmgq4vCsUedLiUDGtQGZvDMpgnxQNjUNeRAUXbaeg64bt4NUhVpJocgdBRSl,0,0,Photos,,,,,06/16/2026,0,0,0,0,0,0,0,0,0,0,0,0,0,0,0,0,0,0,,,,,,,,,
1516777396817706,100054563795107,"Almaíso at Finca El Drago","YOGA RETREAT with @brahmakiyoga

Eight days of practice, presence, and sattvic food.
Of mornings that begin before the heat.
Of a body that slowly remembers itself.
Led by Jesper Brodén and Giulia, this retreat invites you to go deeper, move slower, and return to yourself surrounded by the beauty of Tenerife.

📍 Almaíso · Tenerife
🗓️ August 9 – 16, 2026
🎟️ Limited spots available

Please register via @brahmakiyoga or visit brahmaki.com

—

Ocho días de práctica, presencia y comida sáttvica.
De mañanas que comienzan antes del calor.
De un cuerpo que lentamente se recuerda a sí mismo.
Guiado por Jesper Brodén y Giulia, este retiro te invita a ir más profundo, moverte más despacio y volver a ti rodeado de la belleza de Tenerife.

📍 Almaíso · Tenerife
🗓️ 9 – 16 de agosto de 2026
🎟️ Plazas limitadas

Inscríbete a través de @brahmakiyoga o visita brahmaki.com

#almaisotenerife #yogaretreat #conscioustravel #tenerife",,0,"06/08/2026 01:38",N/A,https://www.facebook.com/finca.el.drago/posts/pfbid02dsFnpSmgq4vCsUedLiUDGtQGZvDMpgnxQNjUNeRAUXbaeg64bt4NUhVpJocgdBRSl,0,0,Photos,,,,,06/17/2026,0,0,0,0,0,0,0,0,0,0,0,0,0,0,0,0,0,0,,,,,,,,,
1516777396817706,100054563795107,"Almaíso at Finca El Drago","YOGA RETREAT with @brahmakiyoga

Eight days of practice, presence, and sattvic food.
Of mornings that begin before the heat.
Of a body that slowly remembers itself.
Led by Jesper Brodén and Giulia, this retreat invites you to go deeper, move slower, and return to yourself surrounded by the beauty of Tenerife.

📍 Almaíso · Tenerife
🗓️ August 9 – 16, 2026
🎟️ Limited spots available

Please register via @brahmakiyoga or visit brahmaki.com

—

Ocho días de práctica, presencia y comida sáttvica.
De mañanas que comienzan antes del calor.
De un cuerpo que lentamente se recuerda a sí mismo.
Guiado por Jesper Brodén y Giulia, este retiro te invita a ir más profundo, moverte más despacio y volver a ti rodeado de la belleza de Tenerife.

📍 Almaíso · Tenerife
🗓️ 9 – 16 de agosto de 2026
🎟️ Plazas limitadas

Inscríbete a través de @brahmakiyoga o visita brahmaki.com

#almaisotenerife #yogaretreat #conscioustravel #tenerife",,0,"06/08/2026 01:38",N/A,https://www.facebook.com/finca.el.drago/posts/pfbid02dsFnpSmgq4vCsUedLiUDGtQGZvDMpgnxQNjUNeRAUXbaeg64bt4NUhVpJocgdBRSl,0,0,Photos,,,,,06/18/2026,0,0,0,0,0,0,0,0,0,0,0,0,0,0,0,0,0,0,,,,,,,,,
1516777396817706,100054563795107,"Almaíso at Finca El Drago","YOGA RETREAT with @brahmakiyoga

Eight days of practice, presence, and sattvic food.
Of mornings that begin before the heat.
Of a body that slowly remembers itself.
Led by Jesper Brodén and Giulia, this retreat invites you to go deeper, move slower, and return to yourself surrounded by the beauty of Tenerife.

📍 Almaíso · Tenerife
🗓️ August 9 – 16, 2026
🎟️ Limited spots available

Please register via @brahmakiyoga or visit brahmaki.com

—

Ocho días de práctica, presencia y comida sáttvica.
De mañanas que comienzan antes del calor.
De un cuerpo que lentamente se recuerda a sí mismo.
Guiado por Jesper Brodén y Giulia, este retiro te invita a ir más profundo, moverte más despacio y volver a ti rodeado de la belleza de Tenerife.

📍 Almaíso · Tenerife
🗓️ 9 – 16 de agosto de 2026
🎟️ Plazas limitadas

Inscríbete a través de @brahmakiyoga o visita brahmaki.com

#almaisotenerife #yogaretreat #conscioustravel #tenerife",,0,"06/08/2026 01:38",N/A,https://www.facebook.com/finca.el.drago/posts/pfbid02dsFnpSmgq4vCsUedLiUDGtQGZvDMpgnxQNjUNeRAUXbaeg64bt4NUhVpJocgdBRSl,0,0,Photos,,,,,06/19/2026,0,0,0,0,0,0,0,0,0,0,0,0,0,0,0,0,0,0,,,,,,,,,
1516777396817706,100054563795107,"Almaíso at Finca El Drago","YOGA RETREAT with @brahmakiyoga

Eight days of practice, presence, and sattvic food.
Of mornings that begin before the heat.
Of a body that slowly remembers itself.
Led by Jesper Brodén and Giulia, this retreat invites you to go deeper, move slower, and return to yourself surrounded by the beauty of Tenerife.

📍 Almaíso · Tenerife
🗓️ August 9 – 16, 2026
🎟️ Limited spots available

Please register via @brahmakiyoga or visit brahmaki.com

—

Ocho días de práctica, presencia y comida sáttvica.
De mañanas que comienzan antes del calor.
De un cuerpo que lentamente se recuerda a sí mismo.
Guiado por Jesper Brodén y Giulia, este retiro te invita a ir más profundo, moverte más despacio y volver a ti rodeado de la belleza de Tenerife.

📍 Almaíso · Tenerife
🗓️ 9 – 16 de agosto de 2026
🎟️ Plazas limitadas

Inscríbete a través de @brahmakiyoga o visita brahmaki.com

#almaisotenerife #yogaretreat #conscioustravel #tenerife",,0,"06/08/2026 01:38",N/A,https://www.facebook.com/finca.el.drago/posts/pfbid02dsFnpSmgq4vCsUedLiUDGtQGZvDMpgnxQNjUNeRAUXbaeg64bt4NUhVpJocgdBRSl,0,0,Photos,,,,,06/20/2026,0,0,0,0,0,0,0,0,0,0,0,0,0,0,0,0,0,0,,,,,,,,,
1516777396817706,100054563795107,"Almaíso at Finca El Drago","YOGA RETREAT with @brahmakiyoga

Eight days of practice, presence, and sattvic food.
Of mornings that begin before the heat.
Of a body that slowly remembers itself.
Led by Jesper Brodén and Giulia, this retreat invites you to go deeper, move slower, and return to yourself surrounded by the beauty of Tenerife.

📍 Almaíso · Tenerife
🗓️ August 9 – 16, 2026
🎟️ Limited spots available

Please register via @brahmakiyoga or visit brahmaki.com

—

Ocho días de práctica, presencia y comida sáttvica.
De mañanas que comienzan antes del calor.
De un cuerpo que lentamente se recuerda a sí mismo.
Guiado por Jesper Brodén y Giulia, este retiro te invita a ir más profundo, moverte más despacio y volver a ti rodeado de la belleza de Tenerife.

📍 Almaíso · Tenerife
🗓️ 9 – 16 de agosto de 2026
🎟️ Plazas limitadas

Inscríbete a través de @brahmakiyoga o visita brahmaki.com

#almaisotenerife #yogaretreat #conscioustravel #tenerife",,0,"06/08/2026 01:38",N/A,https://www.facebook.com/finca.el.drago/posts/pfbid02dsFnpSmgq4vCsUedLiUDGtQGZvDMpgnxQNjUNeRAUXbaeg64bt4NUhVpJocgdBRSl,0,0,Photos,,,,,06/21/2026,0,0,0,0,0,0,0,0,0,0,0,0,0,0,0,0,0,0,,,,,,,,,
1516777396817706,100054563795107,"Almaíso at Finca El Drago","YOGA RETREAT with @brahmakiyoga

Eight days of practice, presence, and sattvic food.
Of mornings that begin before the heat.
Of a body that slowly remembers itself.
Led by Jesper Brodén and Giulia, this retreat invites you to go deeper, move slower, and return to yourself surrounded by the beauty of Tenerife.

📍 Almaíso · Tenerife
🗓️ August 9 – 16, 2026
🎟️ Limited spots available

Please register via @brahmakiyoga or visit brahmaki.com

—

Ocho días de práctica, presencia y comida sáttvica.
De mañanas que comienzan antes del calor.
De un cuerpo que lentamente se recuerda a sí mismo.
Guiado por Jesper Brodén y Giulia, este retiro te invita a ir más profundo, moverte más despacio y volver a ti rodeado de la belleza de Tenerife.

📍 Almaíso · Tenerife
🗓️ 9 – 16 de agosto de 2026
🎟️ Plazas limitadas

Inscríbete a través de @brahmakiyoga o visita brahmaki.com

#almaisotenerife #yogaretreat #conscioustravel #tenerife",,0,"06/08/2026 01:38",N/A,https://www.facebook.com/finca.el.drago/posts/pfbid02dsFnpSmgq4vCsUedLiUDGtQGZvDMpgnxQNjUNeRAUXbaeg64bt4NUhVpJocgdBRSl,0,0,Photos,,,,,06/22/2026,0,0,0,0,0,0,0,0,0,0,0,0,0,0,0,0,0,0,,,,,,,,,
1516777396817706,100054563795107,"Almaíso at Finca El Drago","YOGA RETREAT with @brahmakiyoga

Eight days of practice, presence, and sattvic food.
Of mornings that begin before the heat.
Of a body that slowly remembers itself.
Led by Jesper Brodén and Giulia, this retreat invites you to go deeper, move slower, and return to yourself surrounded by the beauty of Tenerife.

📍 Almaíso · Tenerife
🗓️ August 9 – 16, 2026
🎟️ Limited spots available

Please register via @brahmakiyoga or visit brahmaki.com

—

Ocho días de práctica, presencia y comida sáttvica.
De mañanas que comienzan antes del calor.
De un cuerpo que lentamente se recuerda a sí mismo.
Guiado por Jesper Brodén y Giulia, este retiro te invita a ir más profundo, moverte más despacio y volver a ti rodeado de la belleza de Tenerife.

📍 Almaíso · Tenerife
🗓️ 9 – 16 de agosto de 2026
🎟️ Plazas limitadas

Inscríbete a través de @brahmakiyoga o visita brahmaki.com

#almaisotenerife #yogaretreat #conscioustravel #tenerife",,0,"06/08/2026 01:38",N/A,https://www.facebook.com/finca.el.drago/posts/pfbid02dsFnpSmgq4vCsUedLiUDGtQGZvDMpgnxQNjUNeRAUXbaeg64bt4NUhVpJocgdBRSl,0,0,Photos,,,,,06/23/2026,0,0,0,0,0,0,0,0,0,0,0,0,0,0,0,0,0,0,,,,,,,,,
1516777396817706,100054563795107,"Almaíso at Finca El Drago","YOGA RETREAT with @brahmakiyoga

Eight days of practice, presence, and sattvic food.
Of mornings that begin before the heat.
Of a body that slowly remembers itself.
Led by Jesper Brodén and Giulia, this retreat invites you to go deeper, move slower, and return to yourself surrounded by the beauty of Tenerife.

📍 Almaíso · Tenerife
🗓️ August 9 – 16, 2026
🎟️ Limited spots available

Please register via @brahmakiyoga or visit brahmaki.com

—

Ocho días de práctica, presencia y comida sáttvica.
De mañanas que comienzan antes del calor.
De un cuerpo que lentamente se recuerda a sí mismo.
Guiado por Jesper Brodén y Giulia, este retiro te invita a ir más profundo, moverte más despacio y volver a ti rodeado de la belleza de Tenerife.

📍 Almaíso · Tenerife
🗓️ 9 – 16 de agosto de 2026
🎟️ Plazas limitadas

Inscríbete a través de @brahmakiyoga o visita brahmaki.com

#almaisotenerife #yogaretreat #conscioustravel #tenerife",,0,"06/08/2026 01:38",N/A,https://www.facebook.com/finca.el.drago/posts/pfbid02dsFnpSmgq4vCsUedLiUDGtQGZvDMpgnxQNjUNeRAUXbaeg64bt4NUhVpJocgdBRSl,0,0,Photos,,,,,06/24/2026,0,0,0,0,0,0,0,0,0,0,0,0,0,0,0,0,0,0,,,,,,,,,
1516777396817706,100054563795107,"Almaíso at Finca El Drago","YOGA RETREAT with @brahmakiyoga

Eight days of practice, presence, and sattvic food.
Of mornings that begin before the heat.
Of a body that slowly remembers itself.
Led by Jesper Brodén and Giulia, this retreat invites you to go deeper, move slower, and return to yourself surrounded by the beauty of Tenerife.

📍 Almaíso · Tenerife
🗓️ August 9 – 16, 2026
🎟️ Limited spots available

Please register via @brahmakiyoga or visit brahmaki.com

—

Ocho días de práctica, presencia y comida sáttvica.
De mañanas que comienzan antes del calor.
De un cuerpo que lentamente se recuerda a sí mismo.
Guiado por Jesper Brodén y Giulia, este retiro te invita a ir más profundo, moverte más despacio y volver a ti rodeado de la belleza de Tenerife.

📍 Almaíso · Tenerife
🗓️ 9 – 16 de agosto de 2026
🎟️ Plazas limitadas

Inscríbete a través de @brahmakiyoga o visita brahmaki.com

#almaisotenerife #yogaretreat #conscioustravel #tenerife",,0,"06/08/2026 01:38",N/A,https://www.facebook.com/finca.el.drago/posts/pfbid02dsFnpSmgq4vCsUedLiUDGtQGZvDMpgnxQNjUNeRAUXbaeg64bt4NUhVpJocgdBRSl,0,0,Photos,,,,,06/25/2026,0,0,0,0,0,0,0,0,0,0,0,0,0,0,0,0,0,0,,,,,,,,,
1516777396817706,100054563795107,"Almaíso at Finca El Drago","YOGA RETREAT with @brahmakiyoga

Eight days of practice, presence, and sattvic food.
Of mornings that begin before the heat.
Of a body that slowly remembers itself.
Led by Jesper Brodén and Giulia, this retreat invites you to go deeper, move slower, and return to yourself surrounded by the beauty of Tenerife.

📍 Almaíso · Tenerife
🗓️ August 9 – 16, 2026
🎟️ Limited spots available

Please register via @brahmakiyoga or visit brahmaki.com

—

Ocho días de práctica, presencia y comida sáttvica.
De mañanas que comienzan antes del calor.
De un cuerpo que lentamente se recuerda a sí mismo.
Guiado por Jesper Brodén y Giulia, este retiro te invita a ir más profundo, moverte más despacio y volver a ti rodeado de la belleza de Tenerife.

📍 Almaíso · Tenerife
🗓️ 9 – 16 de agosto de 2026
🎟️ Plazas limitadas

Inscríbete a través de @brahmakiyoga o visita brahmaki.com

#almaisotenerife #yogaretreat #conscioustravel #tenerife",,0,"06/08/2026 01:38",N/A,https://www.facebook.com/finca.el.drago/posts/pfbid02dsFnpSmgq4vCsUedLiUDGtQGZvDMpgnxQNjUNeRAUXbaeg64bt4NUhVpJocgdBRSl,0,0,Photos,,,,,06/26/2026,0,0,0,0,0,0,0,0,0,0,0,0,0,0,0,0,0,0,,,,,,,,,
1516777396817706,100054563795107,"Almaíso at Finca El Drago","YOGA RETREAT with @brahmakiyoga

Eight days of practice, presence, and sattvic food.
Of mornings that begin before the heat.
Of a body that slowly remembers itself.
Led by Jesper Brodén and Giulia, this retreat invites you to go deeper, move slower, and return to yourself surrounded by the beauty of Tenerife.

📍 Almaíso · Tenerife
🗓️ August 9 – 16, 2026
🎟️ Limited spots available

Please register via @brahmakiyoga or visit brahmaki.com

—

Ocho días de práctica, presencia y comida sáttvica.
De mañanas que comienzan antes del calor.
De un cuerpo que lentamente se recuerda a sí mismo.
Guiado por Jesper Brodén y Giulia, este retiro te invita a ir más profundo, moverte más despacio y volver a ti rodeado de la belleza de Tenerife.

📍 Almaíso · Tenerife
🗓️ 9 – 16 de agosto de 2026
🎟️ Plazas limitadas

Inscríbete a través de @brahmakiyoga o visita brahmaki.com

#almaisotenerife #yogaretreat #conscioustravel #tenerife",,0,"06/08/2026 01:38",N/A,https://www.facebook.com/finca.el.drago/posts/pfbid02dsFnpSmgq4vCsUedLiUDGtQGZvDMpgnxQNjUNeRAUXbaeg64bt4NUhVpJocgdBRSl,0,0,Photos,,,,,06/27/2026,0,0,0,0,0,0,0,0,0,0,0,0,0,0,0,0,0,0,,,,,,,,,
1516777396817706,100054563795107,"Almaíso at Finca El Drago","YOGA RETREAT with @brahmakiyoga

Eight days of practice, presence, and sattvic food.
Of mornings that begin before the heat.
Of a body that slowly remembers itself.
Led by Jesper Brodén and Giulia, this retreat invites you to go deeper, move slower, and return to yourself surrounded by the beauty of Tenerife.

📍 Almaíso · Tenerife
🗓️ August 9 – 16, 2026
🎟️ Limited spots available

Please register via @brahmakiyoga or visit brahmaki.com

—

Ocho días de práctica, presencia y comida sáttvica.
De mañanas que comienzan antes del calor.
De un cuerpo que lentamente se recuerda a sí mismo.
Guiado por Jesper Brodén y Giulia, este retiro te invita a ir más profundo, moverte más despacio y volver a ti rodeado de la belleza de Tenerife.

📍 Almaíso · Tenerife
🗓️ 9 – 16 de agosto de 2026
🎟️ Plazas limitadas

Inscríbete a través de @brahmakiyoga o visita brahmaki.com

#almaisotenerife #yogaretreat #conscioustravel #tenerife",,0,"06/08/2026 01:38",N/A,https://www.facebook.com/finca.el.drago/posts/pfbid02dsFnpSmgq4vCsUedLiUDGtQGZvDMpgnxQNjUNeRAUXbaeg64bt4NUhVpJocgdBRSl,0,0,Photos,,,,,06/28/2026,0,0,0,0,0,0,0,0,0,0,0,0,0,0,0,0,0,0,,,,,,,,,
1516777396817706,100054563795107,"Almaíso at Finca El Drago","YOGA RETREAT with @brahmakiyoga

Eight days of practice, presence, and sattvic food.
Of mornings that begin before the heat.
Of a body that slowly remembers itself.
Led by Jesper Brodén and Giulia, this retreat invites you to go deeper, move slower, and return to yourself surrounded by the beauty of Tenerife.

📍 Almaíso · Tenerife
🗓️ August 9 – 16, 2026
🎟️ Limited spots available

Please register via @brahmakiyoga or visit brahmaki.com

—

Ocho días de práctica, presencia y comida sáttvica.
De mañanas que comienzan antes del calor.
De un cuerpo que lentamente se recuerda a sí mismo.
Guiado por Jesper Brodén y Giulia, este retiro te invita a ir más profundo, moverte más despacio y volver a ti rodeado de la belleza de Tenerife.

📍 Almaíso · Tenerife
🗓️ 9 – 16 de agosto de 2026
🎟️ Plazas limitadas

Inscríbete a través de @brahmakiyoga o visita brahmaki.com

#almaisotenerife #yogaretreat #conscioustravel #tenerife",,0,"06/08/2026 01:38",N/A,https://www.facebook.com/finca.el.drago/posts/pfbid02dsFnpSmgq4vCsUedLiUDGtQGZvDMpgnxQNjUNeRAUXbaeg64bt4NUhVpJocgdBRSl,0,0,Photos,,,,,06/29/2026,0,0,0,0,0,0,0,0,0,0,0,0,0,0,0,0,0,0,,,,,,,,,
1516777396817706,100054563795107,"Almaíso at Finca El Drago","YOGA RETREAT with @brahmakiyoga

Eight days of practice, presence, and sattvic food.
Of mornings that begin before the heat.
Of a body that slowly remembers itself.
Led by Jesper Brodén and Giulia, this retreat invites you to go deeper, move slower, and return to yourself surrounded by the beauty of Tenerife.

📍 Almaíso · Tenerife
🗓️ August 9 – 16, 2026
🎟️ Limited spots available

Please register via @brahmakiyoga or visit brahmaki.com

—

Ocho días de práctica, presencia y comida sáttvica.
De mañanas que comienzan antes del calor.
De un cuerpo que lentamente se recuerda a sí mismo.
Guiado por Jesper Brodén y Giulia, este retiro te invita a ir más profundo, moverte más despacio y volver a ti rodeado de la belleza de Tenerife.

📍 Almaíso · Tenerife
🗓️ 9 – 16 de agosto de 2026
🎟️ Plazas limitadas

Inscríbete a través de @brahmakiyoga o visita brahmaki.com

#almaisotenerife #yogaretreat #conscioustravel #tenerife",,0,"06/08/2026 01:38",N/A,https://www.facebook.com/finca.el.drago/posts/pfbid02dsFnpSmgq4vCsUedLiUDGtQGZvDMpgnxQNjUNeRAUXbaeg64bt4NUhVpJocgdBRSl,0,0,Photos,,,,,06/30/2026,0,0,0,0,0,0,0,0,0,0,0,0,0,0,0,0,0,0,,,,,,,,,
1514152773746835,100054563795107,"Almaíso at Finca El Drago","Some holidays are filled with plans.
Others leave space for what matters.

Morning light through the trees.
A shared meal.
A quiet corner to read.
Children running freely through the garden.
An afternoon with nowhere to be.

At the historic Finca El Drago, families, friends and couples gather to experience Tenerife at a gentler pace.

Surrounded by nature, beauty and the simple joy of being together.

A place to regenerate, reconnect & expand in joy.

Discover how Almaíso can become part of your summer story.

—

Algunas vacaciones están llenas de planes.
Otras dejan espacio para lo que realmente importa.

La luz de la mañana entre los árboles.
Una comida compartida.
Un rincón tranquilo para leer.
Niños corriendo libres por el jardín.
Una tarde sin prisas y sin horarios.

En la histórica Finca El Drago, familias, amigos y parejas se reúnen para vivir Tenerife a un ritmo más amable.

Rodeados de naturaleza, belleza y la simple alegría de estar juntos.

Un lugar para regenerarse, reconectar y expandirse con alegría.

Descubre cómo Almaíso puede formar parte de tu historia este verano.

#Almaíso #Tenerife #ConsciousTravel #SlowTravel","Some holidays are filled with plans.
Others leave space for what matters.

Morning light through the trees.
A shared meal.
A quiet corner to read.
Children running freely through the garden.
An afternoon with nowhere to be.

At the historic Finca El Drago, families, friends and couples gather to experience Tenerife at a gentler pace.

Surrounded by nature, beauty and the simple joy of being together.

A place to regenerate, reconnect & expand in joy.

Discover how Almaíso can become part of your summer story.

—

Algunas vacaciones están llenas de planes.
Otras dejan espacio para lo que realmente importa.

La luz de la mañana entre los árboles.
Una comida compartida.
Un rincón tranquilo para leer.
Niños corriendo libres por el jardín.
Una tarde sin prisas y sin horarios.

En la histórica Finca El Drago, familias, amigos y parejas se reúnen para vivir Tenerife a un ritmo más amable.

Rodeados de naturaleza, belleza y la simple alegría de estar juntos.

Un lugar para regenerarse, reconectar y expandirse con alegría.

Descubre cómo Almaíso puede formar parte de tu historia este verano.

#Almaíso #Tenerife #ConsciousTravel #SlowTravel",16,"06/05/2026 02:00",N/A,https://www.facebook.com/reel/4382113328727933/,1,0,Videos,,,,,06/01/2026,0,0,0,0,0,0,0,0,0,0,0,0,0,0,0,0,0,0,0,0,0,0,0,0,0,0,0
1514152773746835,100054563795107,"Almaíso at Finca El Drago","Some holidays are filled with plans.
Others leave space for what matters.

Morning light through the trees.
A shared meal.
A quiet corner to read.
Children running freely through the garden.
An afternoon with nowhere to be.

At the historic Finca El Drago, families, friends and couples gather to experience Tenerife at a gentler pace.

Surrounded by nature, beauty and the simple joy of being together.

A place to regenerate, reconnect & expand in joy.

Discover how Almaíso can become part of your summer story.

—

Algunas vacaciones están llenas de planes.
Otras dejan espacio para lo que realmente importa.

La luz de la mañana entre los árboles.
Una comida compartida.
Un rincón tranquilo para leer.
Niños corriendo libres por el jardín.
Una tarde sin prisas y sin horarios.

En la histórica Finca El Drago, familias, amigos y parejas se reúnen para vivir Tenerife a un ritmo más amable.

Rodeados de naturaleza, belleza y la simple alegría de estar juntos.

Un lugar para regenerarse, reconectar y expandirse con alegría.

Descubre cómo Almaíso puede formar parte de tu historia este verano.

#Almaíso #Tenerife #ConsciousTravel #SlowTravel","Some holidays are filled with plans.
Others leave space for what matters.

Morning light through the trees.
A shared meal.
A quiet corner to read.
Children running freely through the garden.
An afternoon with nowhere to be.

At the historic Finca El Drago, families, friends and couples gather to experience Tenerife at a gentler pace.

Surrounded by nature, beauty and the simple joy of being together.

A place to regenerate, reconnect & expand in joy.

Discover how Almaíso can become part of your summer story.

—

Algunas vacaciones están llenas de planes.
Otras dejan espacio para lo que realmente importa.

La luz de la mañana entre los árboles.
Una comida compartida.
Un rincón tranquilo para leer.
Niños corriendo libres por el jardín.
Una tarde sin prisas y sin horarios.

En la histórica Finca El Drago, familias, amigos y parejas se reúnen para vivir Tenerife a un ritmo más amable.

Rodeados de naturaleza, belleza y la simple alegría de estar juntos.

Un lugar para regenerarse, reconectar y expandirse con alegría.

Descubre cómo Almaíso puede formar parte de tu historia este verano.

#Almaíso #Tenerife #ConsciousTravel #SlowTravel",16,"06/05/2026 02:00",N/A,https://www.facebook.com/reel/4382113328727933/,1,0,Videos,,,,,06/02/2026,0,0,0,0,0,0,0,0,0,0,0,0,0,0,0,0,0,0,0,0,0,0,0,0,0,0,0
1514152773746835,100054563795107,"Almaíso at Finca El Drago","Some holidays are filled with plans.
Others leave space for what matters.

Morning light through the trees.
A shared meal.
A quiet corner to read.
Children running freely through the garden.
An afternoon with nowhere to be.

At the historic Finca El Drago, families, friends and couples gather to experience Tenerife at a gentler pace.

Surrounded by nature, beauty and the simple joy of being together.

A place to regenerate, reconnect & expand in joy.

Discover how Almaíso can become part of your summer story.

—

Algunas vacaciones están llenas de planes.
Otras dejan espacio para lo que realmente importa.

La luz de la mañana entre los árboles.
Una comida compartida.
Un rincón tranquilo para leer.
Niños corriendo libres por el jardín.
Una tarde sin prisas y sin horarios.

En la histórica Finca El Drago, familias, amigos y parejas se reúnen para vivir Tenerife a un ritmo más amable.

Rodeados de naturaleza, belleza y la simple alegría de estar juntos.

Un lugar para regenerarse, reconectar y expandirse con alegría.

Descubre cómo Almaíso puede formar parte de tu historia este verano.

#Almaíso #Tenerife #ConsciousTravel #SlowTravel","Some holidays are filled with plans.
Others leave space for what matters.

Morning light through the trees.
A shared meal.
A quiet corner to read.
Children running freely through the garden.
An afternoon with nowhere to be.

At the historic Finca El Drago, families, friends and couples gather to experience Tenerife at a gentler pace.

Surrounded by nature, beauty and the simple joy of being together.

A place to regenerate, reconnect & expand in joy.

Discover how Almaíso can become part of your summer story.

—

Algunas vacaciones están llenas de planes.
Otras dejan espacio para lo que realmente importa.

La luz de la mañana entre los árboles.
Una comida compartida.
Un rincón tranquilo para leer.
Niños corriendo libres por el jardín.
Una tarde sin prisas y sin horarios.

En la histórica Finca El Drago, familias, amigos y parejas se reúnen para vivir Tenerife a un ritmo más amable.

Rodeados de naturaleza, belleza y la simple alegría de estar juntos.

Un lugar para regenerarse, reconectar y expandirse con alegría.

Descubre cómo Almaíso puede formar parte de tu historia este verano.

#Almaíso #Tenerife #ConsciousTravel #SlowTravel",16,"06/05/2026 02:00",N/A,https://www.facebook.com/reel/4382113328727933/,1,0,Videos,,,,,06/03/2026,0,0,0,0,0,0,0,0,0,0,0,0,0,0,0,0,0,0,0,0,0,0,0,0,0,0,0
1514152773746835,100054563795107,"Almaíso at Finca El Drago","Some holidays are filled with plans.
Others leave space for what matters.

Morning light through the trees.
A shared meal.
A quiet corner to read.
Children running freely through the garden.
An afternoon with nowhere to be.

At the historic Finca El Drago, families, friends and couples gather to experience Tenerife at a gentler pace.

Surrounded by nature, beauty and the simple joy of being together.

A place to regenerate, reconnect & expand in joy.

Discover how Almaíso can become part of your summer story.

—

Algunas vacaciones están llenas de planes.
Otras dejan espacio para lo que realmente importa.

La luz de la mañana entre los árboles.
Una comida compartida.
Un rincón tranquilo para leer.
Niños corriendo libres por el jardín.
Una tarde sin prisas y sin horarios.

En la histórica Finca El Drago, familias, amigos y parejas se reúnen para vivir Tenerife a un ritmo más amable.

Rodeados de naturaleza, belleza y la simple alegría de estar juntos.

Un lugar para regenerarse, reconectar y expandirse con alegría.

Descubre cómo Almaíso puede formar parte de tu historia este verano.

#Almaíso #Tenerife #ConsciousTravel #SlowTravel","Some holidays are filled with plans.
Others leave space for what matters.

Morning light through the trees.
A shared meal.
A quiet corner to read.
Children running freely through the garden.
An afternoon with nowhere to be.

At the historic Finca El Drago, families, friends and couples gather to experience Tenerife at a gentler pace.

Surrounded by nature, beauty and the simple joy of being together.

A place to regenerate, reconnect & expand in joy.

Discover how Almaíso can become part of your summer story.

—

Algunas vacaciones están llenas de planes.
Otras dejan espacio para lo que realmente importa.

La luz de la mañana entre los árboles.
Una comida compartida.
Un rincón tranquilo para leer.
Niños corriendo libres por el jardín.
Una tarde sin prisas y sin horarios.

En la histórica Finca El Drago, familias, amigos y parejas se reúnen para vivir Tenerife a un ritmo más amable.

Rodeados de naturaleza, belleza y la simple alegría de estar juntos.

Un lugar para regenerarse, reconectar y expandirse con alegría.

Descubre cómo Almaíso puede formar parte de tu historia este verano.

#Almaíso #Tenerife #ConsciousTravel #SlowTravel",16,"06/05/2026 02:00",N/A,https://www.facebook.com/reel/4382113328727933/,1,0,Videos,,,,,06/04/2026,0,0,0,0,0,0,0,0,0,0,0,0,0,0,0,0,0,0,0,0,0,0,0,0,0,0,0
1514152773746835,100054563795107,"Almaíso at Finca El Drago","Some holidays are filled with plans.
Others leave space for what matters.

Morning light through the trees.
A shared meal.
A quiet corner to read.
Children running freely through the garden.
An afternoon with nowhere to be.

At the historic Finca El Drago, families, friends and couples gather to experience Tenerife at a gentler pace.

Surrounded by nature, beauty and the simple joy of being together.

A place to regenerate, reconnect & expand in joy.

Discover how Almaíso can become part of your summer story.

—

Algunas vacaciones están llenas de planes.
Otras dejan espacio para lo que realmente importa.

La luz de la mañana entre los árboles.
Una comida compartida.
Un rincón tranquilo para leer.
Niños corriendo libres por el jardín.
Una tarde sin prisas y sin horarios.

En la histórica Finca El Drago, familias, amigos y parejas se reúnen para vivir Tenerife a un ritmo más amable.

Rodeados de naturaleza, belleza y la simple alegría de estar juntos.

Un lugar para regenerarse, reconectar y expandirse con alegría.

Descubre cómo Almaíso puede formar parte de tu historia este verano.

#Almaíso #Tenerife #ConsciousTravel #SlowTravel","Some holidays are filled with plans.
Others leave space for what matters.

Morning light through the trees.
A shared meal.
A quiet corner to read.
Children running freely through the garden.
An afternoon with nowhere to be.

At the historic Finca El Drago, families, friends and couples gather to experience Tenerife at a gentler pace.

Surrounded by nature, beauty and the simple joy of being together.

A place to regenerate, reconnect & expand in joy.

Discover how Almaíso can become part of your summer story.

—

Algunas vacaciones están llenas de planes.
Otras dejan espacio para lo que realmente importa.

La luz de la mañana entre los árboles.
Una comida compartida.
Un rincón tranquilo para leer.
Niños corriendo libres por el jardín.
Una tarde sin prisas y sin horarios.

En la histórica Finca El Drago, familias, amigos y parejas se reúnen para vivir Tenerife a un ritmo más amable.

Rodeados de naturaleza, belleza y la simple alegría de estar juntos.

Un lugar para regenerarse, reconectar y expandirse con alegría.

Descubre cómo Almaíso puede formar parte de tu historia este verano.

#Almaíso #Tenerife #ConsciousTravel #SlowTravel",16,"06/05/2026 02:00",N/A,https://www.facebook.com/reel/4382113328727933/,1,0,Videos,,,,,06/05/2026,75,0,61,0,0,75,0,0,0,0,560.257,0,477.027,0,1.881,0,8.225,0,0,0,0,0,1037.284,2.913,0,0,0
1514152773746835,100054563795107,"Almaíso at Finca El Drago","Some holidays are filled with plans.
Others leave space for what matters.

Morning light through the trees.
A shared meal.
A quiet corner to read.
Children running freely through the garden.
An afternoon with nowhere to be.

At the historic Finca El Drago, families, friends and couples gather to experience Tenerife at a gentler pace.

Surrounded by nature, beauty and the simple joy of being together.

A place to regenerate, reconnect & expand in joy.

Discover how Almaíso can become part of your summer story.

—

Algunas vacaciones están llenas de planes.
Otras dejan espacio para lo que realmente importa.

La luz de la mañana entre los árboles.
Una comida compartida.
Un rincón tranquilo para leer.
Niños corriendo libres por el jardín.
Una tarde sin prisas y sin horarios.

En la histórica Finca El Drago, familias, amigos y parejas se reúnen para vivir Tenerife a un ritmo más amable.

Rodeados de naturaleza, belleza y la simple alegría de estar juntos.

Un lugar para regenerarse, reconectar y expandirse con alegría.

Descubre cómo Almaíso puede formar parte de tu historia este verano.

#Almaíso #Tenerife #ConsciousTravel #SlowTravel","Some holidays are filled with plans.
Others leave space for what matters.

Morning light through the trees.
A shared meal.
A quiet corner to read.
Children running freely through the garden.
An afternoon with nowhere to be.

At the historic Finca El Drago, families, friends and couples gather to experience Tenerife at a gentler pace.

Surrounded by nature, beauty and the simple joy of being together.

A place to regenerate, reconnect & expand in joy.

Discover how Almaíso can become part of your summer story.

—

Algunas vacaciones están llenas de planes.
Otras dejan espacio para lo que realmente importa.

La luz de la mañana entre los árboles.
Una comida compartida.
Un rincón tranquilo para leer.
Niños corriendo libres por el jardín.
Una tarde sin prisas y sin horarios.

En la histórica Finca El Drago, familias, amigos y parejas se reúnen para vivir Tenerife a un ritmo más amable.

Rodeados de naturaleza, belleza y la simple alegría de estar juntos.

Un lugar para regenerarse, reconectar y expandirse con alegría.

Descubre cómo Almaíso puede formar parte de tu historia este verano.

#Almaíso #Tenerife #ConsciousTravel #SlowTravel",16,"06/05/2026 02:00",N/A,https://www.facebook.com/reel/4382113328727933/,1,0,Videos,,,,,06/06/2026,6,0,6,0,0,6,0,0,0,0,0.962,0,53.137,0,0.962,0,5.314,0,0,0,0,0,54.099,4.918,0,0,0
1514152773746835,100054563795107,"Almaíso at Finca El Drago","Some holidays are filled with plans.
Others leave space for what matters.

Morning light through the trees.
A shared meal.
A quiet corner to read.
Children running freely through the garden.
An afternoon with nowhere to be.

At the historic Finca El Drago, families, friends and couples gather to experience Tenerife at a gentler pace.

Surrounded by nature, beauty and the simple joy of being together.

A place to regenerate, reconnect & expand in joy.

Discover how Almaíso can become part of your summer story.

—

Algunas vacaciones están llenas de planes.
Otras dejan espacio para lo que realmente importa.

La luz de la mañana entre los árboles.
Una comida compartida.
Un rincón tranquilo para leer.
Niños corriendo libres por el jardín.
Una tarde sin prisas y sin horarios.

En la histórica Finca El Drago, familias, amigos y parejas se reúnen para vivir Tenerife a un ritmo más amable.

Rodeados de naturaleza, belleza y la simple alegría de estar juntos.

Un lugar para regenerarse, reconectar y expandirse con alegría.

Descubre cómo Almaíso puede formar parte de tu historia este verano.

#Almaíso #Tenerife #ConsciousTravel #SlowTravel","Some holidays are filled with plans.
Others leave space for what matters.

Morning light through the trees.
A shared meal.
A quiet corner to read.
Children running freely through the garden.
An afternoon with nowhere to be.

At the historic Finca El Drago, families, friends and couples gather to experience Tenerife at a gentler pace.

Surrounded by nature, beauty and the simple joy of being together.

A place to regenerate, reconnect & expand in joy.

Discover how Almaíso can become part of your summer story.

—

Algunas vacaciones están llenas de planes.
Otras dejan espacio para lo que realmente importa.

La luz de la mañana entre los árboles.
Una comida compartida.
Un rincón tranquilo para leer.
Niños corriendo libres por el jardín.
Una tarde sin prisas y sin horarios.

En la histórica Finca El Drago, familias, amigos y parejas se reúnen para vivir Tenerife a un ritmo más amable.

Rodeados de naturaleza, belleza y la simple alegría de estar juntos.

Un lugar para regenerarse, reconectar y expandirse con alegría.

Descubre cómo Almaíso puede formar parte de tu historia este verano.

#Almaíso #Tenerife #ConsciousTravel #SlowTravel",16,"06/05/2026 02:00",N/A,https://www.facebook.com/reel/4382113328727933/,1,0,Videos,,,,,06/07/2026,4,0,4,0,0,4,0,0,0,0,9.482,0,13.142,0,3.161,0,6.571,0,1,1,0,0,22.624,4.524,0,0,0
1514152773746835,100054563795107,"Almaíso at Finca El Drago","Some holidays are filled with plans.
Others leave space for what matters.

Morning light through the trees.
A shared meal.
A quiet corner to read.
Children running freely through the garden.
An afternoon with nowhere to be.

At the historic Finca El Drago, families, friends and couples gather to experience Tenerife at a gentler pace.

Surrounded by nature, beauty and the simple joy of being together.

A place to regenerate, reconnect & expand in joy.

Discover how Almaíso can become part of your summer story.

—

Algunas vacaciones están llenas de planes.
Otras dejan espacio para lo que realmente importa.

La luz de la mañana entre los árboles.
Una comida compartida.
Un rincón tranquilo para leer.
Niños corriendo libres por el jardín.
Una tarde sin prisas y sin horarios.

En la histórica Finca El Drago, familias, amigos y parejas se reúnen para vivir Tenerife a un ritmo más amable.

Rodeados de naturaleza, belleza y la simple alegría de estar juntos.

Un lugar para regenerarse, reconectar y expandirse con alegría.

Descubre cómo Almaíso puede formar parte de tu historia este verano.

#Almaíso #Tenerife #ConsciousTravel #SlowTravel","Some holidays are filled with plans.
Others leave space for what matters.

Morning light through the trees.
A shared meal.
A quiet corner to read.
Children running freely through the garden.
An afternoon with nowhere to be.

At the historic Finca El Drago, families, friends and couples gather to experience Tenerife at a gentler pace.

Surrounded by nature, beauty and the simple joy of being together.

A place to regenerate, reconnect & expand in joy.

Discover how Almaíso can become part of your summer story.

—

Algunas vacaciones están llenas de planes.
Otras dejan espacio para lo que realmente importa.

La luz de la mañana entre los árboles.
Una comida compartida.
Un rincón tranquilo para leer.
Niños corriendo libres por el jardín.
Una tarde sin prisas y sin horarios.

En la histórica Finca El Drago, familias, amigos y parejas se reúnen para vivir Tenerife a un ritmo más amable.

Rodeados de naturaleza, belleza y la simple alegría de estar juntos.

Un lugar para regenerarse, reconectar y expandirse con alegría.

Descubre cómo Almaíso puede formar parte de tu historia este verano.

#Almaíso #Tenerife #ConsciousTravel #SlowTravel",16,"06/05/2026 02:00",N/A,https://www.facebook.com/reel/4382113328727933/,1,0,Videos,,,,,06/08/2026,0,0,0,0,0,0,0,0,0,0,1.02,0,2.705,0,1.02,0,1.353,0,0,0,0,0,3.725,1.241,0,0,0
1514152773746835,100054563795107,"Almaíso at Finca El Drago","Some holidays are filled with plans.
Others leave space for what matters.

Morning light through the trees.
A shared meal.
A quiet corner to read.
Children running freely through the garden.
An afternoon with nowhere to be.

At the historic Finca El Drago, families, friends and couples gather to experience Tenerife at a gentler pace.

Surrounded by nature, beauty and the simple joy of being together.

A place to regenerate, reconnect & expand in joy.

Discover how Almaíso can become part of your summer story.

—

Algunas vacaciones están llenas de planes.
Otras dejan espacio para lo que realmente importa.

La luz de la mañana entre los árboles.
Una comida compartida.
Un rincón tranquilo para leer.
Niños corriendo libres por el jardín.
Una tarde sin prisas y sin horarios.

En la histórica Finca El Drago, familias, amigos y parejas se reúnen para vivir Tenerife a un ritmo más amable.

Rodeados de naturaleza, belleza y la simple alegría de estar juntos.

Un lugar para regenerarse, reconectar y expandirse con alegría.

Descubre cómo Almaíso puede formar parte de tu historia este verano.

#Almaíso #Tenerife #ConsciousTravel #SlowTravel","Some holidays are filled with plans.
Others leave space for what matters.

Morning light through the trees.
A shared meal.
A quiet corner to read.
Children running freely through the garden.
An afternoon with nowhere to be.

At the historic Finca El Drago, families, friends and couples gather to experience Tenerife at a gentler pace.

Surrounded by nature, beauty and the simple joy of being together.

A place to regenerate, reconnect & expand in joy.

Discover how Almaíso can become part of your summer story.

—

Algunas vacaciones están llenas de planes.
Otras dejan espacio para lo que realmente importa.

La luz de la mañana entre los árboles.
Una comida compartida.
Un rincón tranquilo para leer.
Niños corriendo libres por el jardín.
Una tarde sin prisas y sin horarios.

En la histórica Finca El Drago, familias, amigos y parejas se reúnen para vivir Tenerife a un ritmo más amable.

Rodeados de naturaleza, belleza y la simple alegría de estar juntos.

Un lugar para regenerarse, reconectar y expandirse con alegría.

Descubre cómo Almaíso puede formar parte de tu historia este verano.

#Almaíso #Tenerife #ConsciousTravel #SlowTravel",16,"06/05/2026 02:00",N/A,https://www.facebook.com/reel/4382113328727933/,1,0,Videos,,,,,06/09/2026,5,0,5,0,0,5,0,0,0,0,9.135,0,31.422,0,4.568,0,5.237,0,0,0,0,0,40.557,5.069,0,0,0
1514152773746835,100054563795107,"Almaíso at Finca El Drago","Some holidays are filled with plans.
Others leave space for what matters.

Morning light through the trees.
A shared meal.
A quiet corner to read.
Children running freely through the garden.
An afternoon with nowhere to be.

At the historic Finca El Drago, families, friends and couples gather to experience Tenerife at a gentler pace.

Surrounded by nature, beauty and the simple joy of being together.

A place to regenerate, reconnect & expand in joy.

Discover how Almaíso can become part of your summer story.

—

Algunas vacaciones están llenas de planes.
Otras dejan espacio para lo que realmente importa.

La luz de la mañana entre los árboles.
Una comida compartida.
Un rincón tranquilo para leer.
Niños corriendo libres por el jardín.
Una tarde sin prisas y sin horarios.

En la histórica Finca El Drago, familias, amigos y parejas se reúnen para vivir Tenerife a un ritmo más amable.

Rodeados de naturaleza, belleza y la simple alegría de estar juntos.

Un lugar para regenerarse, reconectar y expandirse con alegría.

Descubre cómo Almaíso puede formar parte de tu historia este verano.

#Almaíso #Tenerife #ConsciousTravel #SlowTravel","Some holidays are filled with plans.
Others leave space for what matters.

Morning light through the trees.
A shared meal.
A quiet corner to read.
Children running freely through the garden.
An afternoon with nowhere to be.

At the historic Finca El Drago, families, friends and couples gather to experience Tenerife at a gentler pace.

Surrounded by nature, beauty and the simple joy of being together.

A place to regenerate, reconnect & expand in joy.

Discover how Almaíso can become part of your summer story.

—

Algunas vacaciones están llenas de planes.
Otras dejan espacio para lo que realmente importa.

La luz de la mañana entre los árboles.
Una comida compartida.
Un rincón tranquilo para leer.
Niños corriendo libres por el jardín.
Una tarde sin prisas y sin horarios.

En la histórica Finca El Drago, familias, amigos y parejas se reúnen para vivir Tenerife a un ritmo más amable.

Rodeados de naturaleza, belleza y la simple alegría de estar juntos.

Un lugar para regenerarse, reconectar y expandirse con alegría.

Descubre cómo Almaíso puede formar parte de tu historia este verano.

#Almaíso #Tenerife #ConsciousTravel #SlowTravel",16,"06/05/2026 02:00",N/A,https://www.facebook.com/reel/4382113328727933/,1,0,Videos,,,,,06/10/2026,2,0,2,0,0,2,0,0,0,0,0,0,26.329,0,0,0,3.762,0,0,0,0,0,26.329,3.761,0,0,0
1514152773746835,100054563795107,"Almaíso at Finca El Drago","Some holidays are filled with plans.
Others leave space for what matters.

Morning light through the trees.
A shared meal.
A quiet corner to read.
Children running freely through the garden.
An afternoon with nowhere to be.

At the historic Finca El Drago, families, friends and couples gather to experience Tenerife at a gentler pace.

Surrounded by nature, beauty and the simple joy of being together.

A place to regenerate, reconnect & expand in joy.

Discover how Almaíso can become part of your summer story.

—

Algunas vacaciones están llenas de planes.
Otras dejan espacio para lo que realmente importa.

La luz de la mañana entre los árboles.
Una comida compartida.
Un rincón tranquilo para leer.
Niños corriendo libres por el jardín.
Una tarde sin prisas y sin horarios.

En la histórica Finca El Drago, familias, amigos y parejas se reúnen para vivir Tenerife a un ritmo más amable.

Rodeados de naturaleza, belleza y la simple alegría de estar juntos.

Un lugar para regenerarse, reconectar y expandirse con alegría.

Descubre cómo Almaíso puede formar parte de tu historia este verano.

#Almaíso #Tenerife #ConsciousTravel #SlowTravel","Some holidays are filled with plans.
Others leave space for what matters.

Morning light through the trees.
A shared meal.
A quiet corner to read.
Children running freely through the garden.
An afternoon with nowhere to be.

At the historic Finca El Drago, families, friends and couples gather to experience Tenerife at a gentler pace.

Surrounded by nature, beauty and the simple joy of being together.

A place to regenerate, reconnect & expand in joy.

Discover how Almaíso can become part of your summer story.

—

Algunas vacaciones están llenas de planes.
Otras dejan espacio para lo que realmente importa.

La luz de la mañana entre los árboles.
Una comida compartida.
Un rincón tranquilo para leer.
Niños corriendo libres por el jardín.
Una tarde sin prisas y sin horarios.

En la histórica Finca El Drago, familias, amigos y parejas se reúnen para vivir Tenerife a un ritmo más amable.

Rodeados de naturaleza, belleza y la simple alegría de estar juntos.

Un lugar para regenerarse, reconectar y expandirse con alegría.

Descubre cómo Almaíso puede formar parte de tu historia este verano.

#Almaíso #Tenerife #ConsciousTravel #SlowTravel",16,"06/05/2026 02:00",N/A,https://www.facebook.com/reel/4382113328727933/,1,0,Videos,,,,,06/11/2026,1,0,1,0,0,1,0,0,0,0,1.704,0,12.093,0,1.704,0,6.047,0,0,0,0,0,13.797,4.599,0,0,0
1514152773746835,100054563795107,"Almaíso at Finca El Drago","Some holidays are filled with plans.
Others leave space for what matters.

Morning light through the trees.
A shared meal.
A quiet corner to read.
Children running freely through the garden.
An afternoon with nowhere to be.

At the historic Finca El Drago, families, friends and couples gather to experience Tenerife at a gentler pace.

Surrounded by nature, beauty and the simple joy of being together.

A place to regenerate, reconnect & expand in joy.

Discover how Almaíso can become part of your summer story.

—

Algunas vacaciones están llenas de planes.
Otras dejan espacio para lo que realmente importa.

La luz de la mañana entre los árboles.
Una comida compartida.
Un rincón tranquilo para leer.
Niños corriendo libres por el jardín.
Una tarde sin prisas y sin horarios.

En la histórica Finca El Drago, familias, amigos y parejas se reúnen para vivir Tenerife a un ritmo más amable.

Rodeados de naturaleza, belleza y la simple alegría de estar juntos.

Un lugar para regenerarse, reconectar y expandirse con alegría.

Descubre cómo Almaíso puede formar parte de tu historia este verano.

#Almaíso #Tenerife #ConsciousTravel #SlowTravel","Some holidays are filled with plans.
Others leave space for what matters.

Morning light through the trees.
A shared meal.
A quiet corner to read.
Children running freely through the garden.
An afternoon with nowhere to be.

At the historic Finca El Drago, families, friends and couples gather to experience Tenerife at a gentler pace.

Surrounded by nature, beauty and the simple joy of being together.

A place to regenerate, reconnect & expand in joy.

Discover how Almaíso can become part of your summer story.

—

Algunas vacaciones están llenas de planes.
Otras dejan espacio para lo que realmente importa.

La luz de la mañana entre los árboles.
Una comida compartida.
Un rincón tranquilo para leer.
Niños corriendo libres por el jardín.
Una tarde sin prisas y sin horarios.

En la histórica Finca El Drago, familias, amigos y parejas se reúnen para vivir Tenerife a un ritmo más amable.

Rodeados de naturaleza, belleza y la simple alegría de estar juntos.

Un lugar para regenerarse, reconectar y expandirse con alegría.

Descubre cómo Almaíso puede formar parte de tu historia este verano.

#Almaíso #Tenerife #ConsciousTravel #SlowTravel",16,"06/05/2026 02:00",N/A,https://www.facebook.com/reel/4382113328727933/,1,0,Videos,,,,,06/12/2026,0,0,0,0,0,0,0,0,0,0,0,0,0,0,0,0,0,0,0,0,0,0,0,0,0,0,0
1514152773746835,100054563795107,"Almaíso at Finca El Drago","Some holidays are filled with plans.
Others leave space for what matters.

Morning light through the trees.
A shared meal.
A quiet corner to read.
Children running freely through the garden.
An afternoon with nowhere to be.

At the historic Finca El Drago, families, friends and couples gather to experience Tenerife at a gentler pace.

Surrounded by nature, beauty and the simple joy of being together.

A place to regenerate, reconnect & expand in joy.

Discover how Almaíso can become part of your summer story.

—

Algunas vacaciones están llenas de planes.
Otras dejan espacio para lo que realmente importa.

La luz de la mañana entre los árboles.
Una comida compartida.
Un rincón tranquilo para leer.
Niños corriendo libres por el jardín.
Una tarde sin prisas y sin horarios.

En la histórica Finca El Drago, familias, amigos y parejas se reúnen para vivir Tenerife a un ritmo más amable.

Rodeados de naturaleza, belleza y la simple alegría de estar juntos.

Un lugar para regenerarse, reconectar y expandirse con alegría.

Descubre cómo Almaíso puede formar parte de tu historia este verano.

#Almaíso #Tenerife #ConsciousTravel #SlowTravel","Some holidays are filled with plans.
Others leave space for what matters.

Morning light through the trees.
A shared meal.
A quiet corner to read.
Children running freely through the garden.
An afternoon with nowhere to be.

At the historic Finca El Drago, families, friends and couples gather to experience Tenerife at a gentler pace.

Surrounded by nature, beauty and the simple joy of being together.

A place to regenerate, reconnect & expand in joy.

Discover how Almaíso can become part of your summer story.

—

Algunas vacaciones están llenas de planes.
Otras dejan espacio para lo que realmente importa.

La luz de la mañana entre los árboles.
Una comida compartida.
Un rincón tranquilo para leer.
Niños corriendo libres por el jardín.
Una tarde sin prisas y sin horarios.

En la histórica Finca El Drago, familias, amigos y parejas se reúnen para vivir Tenerife a un ritmo más amable.

Rodeados de naturaleza, belleza y la simple alegría de estar juntos.

Un lugar para regenerarse, reconectar y expandirse con alegría.

Descubre cómo Almaíso puede formar parte de tu historia este verano.

#Almaíso #Tenerife #ConsciousTravel #SlowTravel",16,"06/05/2026 02:00",N/A,https://www.facebook.com/reel/4382113328727933/,1,0,Videos,,,,,06/13/2026,1,0,1,0,0,1,0,0,0,0,3.579,0,0,0,3.579,0,0,0,0,0,0,0,3.579,3.579,0,0,0
1514152773746835,100054563795107,"Almaíso at Finca El Drago","Some holidays are filled with plans.
Others leave space for what matters.

Morning light through the trees.
A shared meal.
A quiet corner to read.
Children running freely through the garden.
An afternoon with nowhere to be.

At the historic Finca El Drago, families, friends and couples gather to experience Tenerife at a gentler pace.

Surrounded by nature, beauty and the simple joy of being together.

A place to regenerate, reconnect & expand in joy.

Discover how Almaíso can become part of your summer story.

—

Algunas vacaciones están llenas de planes.
Otras dejan espacio para lo que realmente importa.

La luz de la mañana entre los árboles.
Una comida compartida.
Un rincón tranquilo para leer.
Niños corriendo libres por el jardín.
Una tarde sin prisas y sin horarios.

En la histórica Finca El Drago, familias, amigos y parejas se reúnen para vivir Tenerife a un ritmo más amable.

Rodeados de naturaleza, belleza y la simple alegría de estar juntos.

Un lugar para regenerarse, reconectar y expandirse con alegría.

Descubre cómo Almaíso puede formar parte de tu historia este verano.

#Almaíso #Tenerife #ConsciousTravel #SlowTravel","Some holidays are filled with plans.
Others leave space for what matters.

Morning light through the trees.
A shared meal.
A quiet corner to read.
Children running freely through the garden.
An afternoon with nowhere to be.

At the historic Finca El Drago, families, friends and couples gather to experience Tenerife at a gentler pace.

Surrounded by nature, beauty and the simple joy of being together.

A place to regenerate, reconnect & expand in joy.

Discover how Almaíso can become part of your summer story.

—

Algunas vacaciones están llenas de planes.
Otras dejan espacio para lo que realmente importa.

La luz de la mañana entre los árboles.
Una comida compartida.
Un rincón tranquilo para leer.
Niños corriendo libres por el jardín.
Una tarde sin prisas y sin horarios.

En la histórica Finca El Drago, familias, amigos y parejas se reúnen para vivir Tenerife a un ritmo más amable.

Rodeados de naturaleza, belleza y la simple alegría de estar juntos.

Un lugar para regenerarse, reconectar y expandirse con alegría.

Descubre cómo Almaíso puede formar parte de tu historia este verano.

#Almaíso #Tenerife #ConsciousTravel #SlowTravel",16,"06/05/2026 02:00",N/A,https://www.facebook.com/reel/4382113328727933/,1,0,Videos,,,,,06/14/2026,0,0,0,0,0,0,0,0,0,0,2.213,0,0,0,2.213,0,0,0,0,0,0,0,2.213,2.213,0,0,0
1514152773746835,100054563795107,"Almaíso at Finca El Drago","Some holidays are filled with plans.
Others leave space for what matters.

Morning light through the trees.
A shared meal.
A quiet corner to read.
Children running freely through the garden.
An afternoon with nowhere to be.

At the historic Finca El Drago, families, friends and couples gather to experience Tenerife at a gentler pace.

Surrounded by nature, beauty and the simple joy of being together.

A place to regenerate, reconnect & expand in joy.

Discover how Almaíso can become part of your summer story.

—

Algunas vacaciones están llenas de planes.
Otras dejan espacio para lo que realmente importa.

La luz de la mañana entre los árboles.
Una comida compartida.
Un rincón tranquilo para leer.
Niños corriendo libres por el jardín.
Una tarde sin prisas y sin horarios.

En la histórica Finca El Drago, familias, amigos y parejas se reúnen para vivir Tenerife a un ritmo más amable.

Rodeados de naturaleza, belleza y la simple alegría de estar juntos.

Un lugar para regenerarse, reconectar y expandirse con alegría.

Descubre cómo Almaíso puede formar parte de tu historia este verano.

#Almaíso #Tenerife #ConsciousTravel #SlowTravel","Some holidays are filled with plans.
Others leave space for what matters.

Morning light through the trees.
A shared meal.
A quiet corner to read.
Children running freely through the garden.
An afternoon with nowhere to be.

At the historic Finca El Drago, families, friends and couples gather to experience Tenerife at a gentler pace.

Surrounded by nature, beauty and the simple joy of being together.

A place to regenerate, reconnect & expand in joy.

Discover how Almaíso can become part of your summer story.

—

Algunas vacaciones están llenas de planes.
Otras dejan espacio para lo que realmente importa.

La luz de la mañana entre los árboles.
Una comida compartida.
Un rincón tranquilo para leer.
Niños corriendo libres por el jardín.
Una tarde sin prisas y sin horarios.

En la histórica Finca El Drago, familias, amigos y parejas se reúnen para vivir Tenerife a un ritmo más amable.

Rodeados de naturaleza, belleza y la simple alegría de estar juntos.

Un lugar para regenerarse, reconectar y expandirse con alegría.

Descubre cómo Almaíso puede formar parte de tu historia este verano.

#Almaíso #Tenerife #ConsciousTravel #SlowTravel",16,"06/05/2026 02:00",N/A,https://www.facebook.com/reel/4382113328727933/,1,0,Videos,,,,,06/15/2026,0,0,0,0,0,0,0,0,0,0,0,0,0,0,0,0,0,0,0,0,0,0,0,0,0,0,0
1514152773746835,100054563795107,"Almaíso at Finca El Drago","Some holidays are filled with plans.
Others leave space for what matters.

Morning light through the trees.
A shared meal.
A quiet corner to read.
Children running freely through the garden.
An afternoon with nowhere to be.

At the historic Finca El Drago, families, friends and couples gather to experience Tenerife at a gentler pace.

Surrounded by nature, beauty and the simple joy of being together.

A place to regenerate, reconnect & expand in joy.

Discover how Almaíso can become part of your summer story.

—

Algunas vacaciones están llenas de planes.
Otras dejan espacio para lo que realmente importa.

La luz de la mañana entre los árboles.
Una comida compartida.
Un rincón tranquilo para leer.
Niños corriendo libres por el jardín.
Una tarde sin prisas y sin horarios.

En la histórica Finca El Drago, familias, amigos y parejas se reúnen para vivir Tenerife a un ritmo más amable.

Rodeados de naturaleza, belleza y la simple alegría de estar juntos.

Un lugar para regenerarse, reconectar y expandirse con alegría.

Descubre cómo Almaíso puede formar parte de tu historia este verano.

#Almaíso #Tenerife #ConsciousTravel #SlowTravel","Some holidays are filled with plans.
Others leave space for what matters.

Morning light through the trees.
A shared meal.
A quiet corner to read.
Children running freely through the garden.
An afternoon with nowhere to be.

At the historic Finca El Drago, families, friends and couples gather to experience Tenerife at a gentler pace.

Surrounded by nature, beauty and the simple joy of being together.

A place to regenerate, reconnect & expand in joy.

Discover how Almaíso can become part of your summer story.

—

Algunas vacaciones están llenas de planes.
Otras dejan espacio para lo que realmente importa.

La luz de la mañana entre los árboles.
Una comida compartida.
Un rincón tranquilo para leer.
Niños corriendo libres por el jardín.
Una tarde sin prisas y sin horarios.

En la histórica Finca El Drago, familias, amigos y parejas se reúnen para vivir Tenerife a un ritmo más amable.

Rodeados de naturaleza, belleza y la simple alegría de estar juntos.

Un lugar para regenerarse, reconectar y expandirse con alegría.

Descubre cómo Almaíso puede formar parte de tu historia este verano.

#Almaíso #Tenerife #ConsciousTravel #SlowTravel",16,"06/05/2026 02:00",N/A,https://www.facebook.com/reel/4382113328727933/,1,0,Videos,,,,,06/16/2026,0,0,0,0,0,0,0,0,0,0,1.367,0,0,0,1.367,0,0,0,0,0,0,0,1.367,1.367,0,0,0
1514152773746835,100054563795107,"Almaíso at Finca El Drago","Some holidays are filled with plans.
Others leave space for what matters.

Morning light through the trees.
A shared meal.
A quiet corner to read.
Children running freely through the garden.
An afternoon with nowhere to be.

At the historic Finca El Drago, families, friends and couples gather to experience Tenerife at a gentler pace.

Surrounded by nature, beauty and the simple joy of being together.

A place to regenerate, reconnect & expand in joy.

Discover how Almaíso can become part of your summer story.

—

Algunas vacaciones están llenas de planes.
Otras dejan espacio para lo que realmente importa.

La luz de la mañana entre los árboles.
Una comida compartida.
Un rincón tranquilo para leer.
Niños corriendo libres por el jardín.
Una tarde sin prisas y sin horarios.

En la histórica Finca El Drago, familias, amigos y parejas se reúnen para vivir Tenerife a un ritmo más amable.

Rodeados de naturaleza, belleza y la simple alegría de estar juntos.

Un lugar para regenerarse, reconectar y expandirse con alegría.

Descubre cómo Almaíso puede formar parte de tu historia este verano.

#Almaíso #Tenerife #ConsciousTravel #SlowTravel","Some holidays are filled with plans.
Others leave space for what matters.

Morning light through the trees.
A shared meal.
A quiet corner to read.
Children running freely through the garden.
An afternoon with nowhere to be.

At the historic Finca El Drago, families, friends and couples gather to experience Tenerife at a gentler pace.

Surrounded by nature, beauty and the simple joy of being together.

A place to regenerate, reconnect & expand in joy.

Discover how Almaíso can become part of your summer story.

—

Algunas vacaciones están llenas de planes.
Otras dejan espacio para lo que realmente importa.

La luz de la mañana entre los árboles.
Una comida compartida.
Un rincón tranquilo para leer.
Niños corriendo libres por el jardín.
Una tarde sin prisas y sin horarios.

En la histórica Finca El Drago, familias, amigos y parejas se reúnen para vivir Tenerife a un ritmo más amable.

Rodeados de naturaleza, belleza y la simple alegría de estar juntos.

Un lugar para regenerarse, reconectar y expandirse con alegría.

Descubre cómo Almaíso puede formar parte de tu historia este verano.

#Almaíso #Tenerife #ConsciousTravel #SlowTravel",16,"06/05/2026 02:00",N/A,https://www.facebook.com/reel/4382113328727933/,1,0,Videos,,,,,06/17/2026,0,0,0,0,0,0,0,0,0,0,0,0,0,0,0,0,0,0,0,0,0,0,0,0,0,0,0
1514152773746835,100054563795107,"Almaíso at Finca El Drago","Some holidays are filled with plans.
Others leave space for what matters.

Morning light through the trees.
A shared meal.
A quiet corner to read.
Children running freely through the garden.
An afternoon with nowhere to be.

At the historic Finca El Drago, families, friends and couples gather to experience Tenerife at a gentler pace.

Surrounded by nature, beauty and the simple joy of being together.

A place to regenerate, reconnect & expand in joy.

Discover how Almaíso can become part of your summer story.

—

Algunas vacaciones están llenas de planes.
Otras dejan espacio para lo que realmente importa.

La luz de la mañana entre los árboles.
Una comida compartida.
Un rincón tranquilo para leer.
Niños corriendo libres por el jardín.
Una tarde sin prisas y sin horarios.

En la histórica Finca El Drago, familias, amigos y parejas se reúnen para vivir Tenerife a un ritmo más amable.

Rodeados de naturaleza, belleza y la simple alegría de estar juntos.

Un lugar para regenerarse, reconectar y expandirse con alegría.

Descubre cómo Almaíso puede formar parte de tu historia este verano.

#Almaíso #Tenerife #ConsciousTravel #SlowTravel","Some holidays are filled with plans.
Others leave space for what matters.

Morning light through the trees.
A shared meal.
A quiet corner to read.
Children running freely through the garden.
An afternoon with nowhere to be.

At the historic Finca El Drago, families, friends and couples gather to experience Tenerife at a gentler pace.

Surrounded by nature, beauty and the simple joy of being together.

A place to regenerate, reconnect & expand in joy.

Discover how Almaíso can become part of your summer story.

—

Algunas vacaciones están llenas de planes.
Otras dejan espacio para lo que realmente importa.

La luz de la mañana entre los árboles.
Una comida compartida.
Un rincón tranquilo para leer.
Niños corriendo libres por el jardín.
Una tarde sin prisas y sin horarios.

En la histórica Finca El Drago, familias, amigos y parejas se reúnen para vivir Tenerife a un ritmo más amable.

Rodeados de naturaleza, belleza y la simple alegría de estar juntos.

Un lugar para regenerarse, reconectar y expandirse con alegría.

Descubre cómo Almaíso puede formar parte de tu historia este verano.

#Almaíso #Tenerife #ConsciousTravel #SlowTravel",16,"06/05/2026 02:00",N/A,https://www.facebook.com/reel/4382113328727933/,1,0,Videos,,,,,06/18/2026,1,0,1,0,0,1,0,0,0,0,5.307,0,0,0,5.307,0,0,0,0,0,0,0,5.307,5.307,0,0,0
1514152773746835,100054563795107,"Almaíso at Finca El Drago","Some holidays are filled with plans.
Others leave space for what matters.

Morning light through the trees.
A shared meal.
A quiet corner to read.
Children running freely through the garden.
An afternoon with nowhere to be.

At the historic Finca El Drago, families, friends and couples gather to experience Tenerife at a gentler pace.

Surrounded by nature, beauty and the simple joy of being together.

A place to regenerate, reconnect & expand in joy.

Discover how Almaíso can become part of your summer story.

—

Algunas vacaciones están llenas de planes.
Otras dejan espacio para lo que realmente importa.

La luz de la mañana entre los árboles.
Una comida compartida.
Un rincón tranquilo para leer.
Niños corriendo libres por el jardín.
Una tarde sin prisas y sin horarios.

En la histórica Finca El Drago, familias, amigos y parejas se reúnen para vivir Tenerife a un ritmo más amable.

Rodeados de naturaleza, belleza y la simple alegría de estar juntos.

Un lugar para regenerarse, reconectar y expandirse con alegría.

Descubre cómo Almaíso puede formar parte de tu historia este verano.

#Almaíso #Tenerife #ConsciousTravel #SlowTravel","Some holidays are filled with plans.
Others leave space for what matters.

Morning light through the trees.
A shared meal.
A quiet corner to read.
Children running freely through the garden.
An afternoon with nowhere to be.

At the historic Finca El Drago, families, friends and couples gather to experience Tenerife at a gentler pace.

Surrounded by nature, beauty and the simple joy of being together.

A place to regenerate, reconnect & expand in joy.

Discover how Almaíso can become part of your summer story.

—

Algunas vacaciones están llenas de planes.
Otras dejan espacio para lo que realmente importa.

La luz de la mañana entre los árboles.
Una comida compartida.
Un rincón tranquilo para leer.
Niños corriendo libres por el jardín.
Una tarde sin prisas y sin horarios.

En la histórica Finca El Drago, familias, amigos y parejas se reúnen para vivir Tenerife a un ritmo más amable.

Rodeados de naturaleza, belleza y la simple alegría de estar juntos.

Un lugar para regenerarse, reconectar y expandirse con alegría.

Descubre cómo Almaíso puede formar parte de tu historia este verano.

#Almaíso #Tenerife #ConsciousTravel #SlowTravel",16,"06/05/2026 02:00",N/A,https://www.facebook.com/reel/4382113328727933/,1,0,Videos,,,,,06/19/2026,1,0,1,0,0,1,0,0,0,0,1.561,0,18.493,0,1.561,0,9.247,0,0,0,0,0,20.054,6.684,0,0,0
1514152773746835,100054563795107,"Almaíso at Finca El Drago","Some holidays are filled with plans.
Others leave space for what matters.

Morning light through the trees.
A shared meal.
A quiet corner to read.
Children running freely through the garden.
An afternoon with nowhere to be.

At the historic Finca El Drago, families, friends and couples gather to experience Tenerife at a gentler pace.

Surrounded by nature, beauty and the simple joy of being together.

A place to regenerate, reconnect & expand in joy.

Discover how Almaíso can become part of your summer story.

—

Algunas vacaciones están llenas de planes.
Otras dejan espacio para lo que realmente importa.

La luz de la mañana entre los árboles.
Una comida compartida.
Un rincón tranquilo para leer.
Niños corriendo libres por el jardín.
Una tarde sin prisas y sin horarios.

En la histórica Finca El Drago, familias, amigos y parejas se reúnen para vivir Tenerife a un ritmo más amable.

Rodeados de naturaleza, belleza y la simple alegría de estar juntos.

Un lugar para regenerarse, reconectar y expandirse con alegría.

Descubre cómo Almaíso puede formar parte de tu historia este verano.

#Almaíso #Tenerife #ConsciousTravel #SlowTravel","Some holidays are filled with plans.
Others leave space for what matters.

Morning light through the trees.
A shared meal.
A quiet corner to read.
Children running freely through the garden.
An afternoon with nowhere to be.

At the historic Finca El Drago, families, friends and couples gather to experience Tenerife at a gentler pace.

Surrounded by nature, beauty and the simple joy of being together.

A place to regenerate, reconnect & expand in joy.

Discover how Almaíso can become part of your summer story.

—

Algunas vacaciones están llenas de planes.
Otras dejan espacio para lo que realmente importa.

La luz de la mañana entre los árboles.
Una comida compartida.
Un rincón tranquilo para leer.
Niños corriendo libres por el jardín.
Una tarde sin prisas y sin horarios.

En la histórica Finca El Drago, familias, amigos y parejas se reúnen para vivir Tenerife a un ritmo más amable.

Rodeados de naturaleza, belleza y la simple alegría de estar juntos.

Un lugar para regenerarse, reconectar y expandirse con alegría.

Descubre cómo Almaíso puede formar parte de tu historia este verano.

#Almaíso #Tenerife #ConsciousTravel #SlowTravel",16,"06/05/2026 02:00",N/A,https://www.facebook.com/reel/4382113328727933/,1,0,Videos,,,,,06/20/2026,0,0,0,0,0,0,0,0,0,0,0,0,0,0,0,0,0,0,0,0,0,0,0,0,0,0,0
1514152773746835,100054563795107,"Almaíso at Finca El Drago","Some holidays are filled with plans.
Others leave space for what matters.

Morning light through the trees.
A shared meal.
A quiet corner to read.
Children running freely through the garden.
An afternoon with nowhere to be.

At the historic Finca El Drago, families, friends and couples gather to experience Tenerife at a gentler pace.

Surrounded by nature, beauty and the simple joy of being together.

A place to regenerate, reconnect & expand in joy.

Discover how Almaíso can become part of your summer story.

—

Algunas vacaciones están llenas de planes.
Otras dejan espacio para lo que realmente importa.

La luz de la mañana entre los árboles.
Una comida compartida.
Un rincón tranquilo para leer.
Niños corriendo libres por el jardín.
Una tarde sin prisas y sin horarios.

En la histórica Finca El Drago, familias, amigos y parejas se reúnen para vivir Tenerife a un ritmo más amable.

Rodeados de naturaleza, belleza y la simple alegría de estar juntos.

Un lugar para regenerarse, reconectar y expandirse con alegría.

Descubre cómo Almaíso puede formar parte de tu historia este verano.

#Almaíso #Tenerife #ConsciousTravel #SlowTravel","Some holidays are filled with plans.
Others leave space for what matters.

Morning light through the trees.
A shared meal.
A quiet corner to read.
Children running freely through the garden.
An afternoon with nowhere to be.

At the historic Finca El Drago, families, friends and couples gather to experience Tenerife at a gentler pace.

Surrounded by nature, beauty and the simple joy of being together.

A place to regenerate, reconnect & expand in joy.

Discover how Almaíso can become part of your summer story.

—

Algunas vacaciones están llenas de planes.
Otras dejan espacio para lo que realmente importa.

La luz de la mañana entre los árboles.
Una comida compartida.
Un rincón tranquilo para leer.
Niños corriendo libres por el jardín.
Una tarde sin prisas y sin horarios.

En la histórica Finca El Drago, familias, amigos y parejas se reúnen para vivir Tenerife a un ritmo más amable.

Rodeados de naturaleza, belleza y la simple alegría de estar juntos.

Un lugar para regenerarse, reconectar y expandirse con alegría.

Descubre cómo Almaíso puede formar parte de tu historia este verano.

#Almaíso #Tenerife #ConsciousTravel #SlowTravel",16,"06/05/2026 02:00",N/A,https://www.facebook.com/reel/4382113328727933/,1,0,Videos,,,,,06/21/2026,1,0,1,0,0,1,0,0,0,0,5.984,0,0,0,5.984,0,0,0,0,0,0,0,5.984,5.984,0,0,0
1514152773746835,100054563795107,"Almaíso at Finca El Drago","Some holidays are filled with plans.
Others leave space for what matters.

Morning light through the trees.
A shared meal.
A quiet corner to read.
Children running freely through the garden.
An afternoon with nowhere to be.

At the historic Finca El Drago, families, friends and couples gather to experience Tenerife at a gentler pace.

Surrounded by nature, beauty and the simple joy of being together.

A place to regenerate, reconnect & expand in joy.

Discover how Almaíso can become part of your summer story.

—

Algunas vacaciones están llenas de planes.
Otras dejan espacio para lo que realmente importa.

La luz de la mañana entre los árboles.
Una comida compartida.
Un rincón tranquilo para leer.
Niños corriendo libres por el jardín.
Una tarde sin prisas y sin horarios.

En la histórica Finca El Drago, familias, amigos y parejas se reúnen para vivir Tenerife a un ritmo más amable.

Rodeados de naturaleza, belleza y la simple alegría de estar juntos.

Un lugar para regenerarse, reconectar y expandirse con alegría.

Descubre cómo Almaíso puede formar parte de tu historia este verano.

#Almaíso #Tenerife #ConsciousTravel #SlowTravel","Some holidays are filled with plans.
Others leave space for what matters.

Morning light through the trees.
A shared meal.
A quiet corner to read.
Children running freely through the garden.
An afternoon with nowhere to be.

At the historic Finca El Drago, families, friends and couples gather to experience Tenerife at a gentler pace.

Surrounded by nature, beauty and the simple joy of being together.

A place to regenerate, reconnect & expand in joy.

Discover how Almaíso can become part of your summer story.

—

Algunas vacaciones están llenas de planes.
Otras dejan espacio para lo que realmente importa.

La luz de la mañana entre los árboles.
Una comida compartida.
Un rincón tranquilo para leer.
Niños corriendo libres por el jardín.
Una tarde sin prisas y sin horarios.

En la histórica Finca El Drago, familias, amigos y parejas se reúnen para vivir Tenerife a un ritmo más amable.

Rodeados de naturaleza, belleza y la simple alegría de estar juntos.

Un lugar para regenerarse, reconectar y expandirse con alegría.

Descubre cómo Almaíso puede formar parte de tu historia este verano.

#Almaíso #Tenerife #ConsciousTravel #SlowTravel",16,"06/05/2026 02:00",N/A,https://www.facebook.com/reel/4382113328727933/,1,0,Videos,,,,,06/22/2026,1,0,1,0,0,1,0,0,0,0,4.942,0,0,0,4.942,0,0,0,0,0,0,0,4.942,4.942,0,0,0
1514152773746835,100054563795107,"Almaíso at Finca El Drago","Some holidays are filled with plans.
Others leave space for what matters.

Morning light through the trees.
A shared meal.
A quiet corner to read.
Children running freely through the garden.
An afternoon with nowhere to be.

At the historic Finca El Drago, families, friends and couples gather to experience Tenerife at a gentler pace.

Surrounded by nature, beauty and the simple joy of being together.

A place to regenerate, reconnect & expand in joy.

Discover how Almaíso can become part of your summer story.

—

Algunas vacaciones están llenas de planes.
Otras dejan espacio para lo que realmente importa.

La luz de la mañana entre los árboles.
Una comida compartida.
Un rincón tranquilo para leer.
Niños corriendo libres por el jardín.
Una tarde sin prisas y sin horarios.

En la histórica Finca El Drago, familias, amigos y parejas se reúnen para vivir Tenerife a un ritmo más amable.

Rodeados de naturaleza, belleza y la simple alegría de estar juntos.

Un lugar para regenerarse, reconectar y expandirse con alegría.

Descubre cómo Almaíso puede formar parte de tu historia este verano.

#Almaíso #Tenerife #ConsciousTravel #SlowTravel","Some holidays are filled with plans.
Others leave space for what matters.

Morning light through the trees.
A shared meal.
A quiet corner to read.
Children running freely through the garden.
An afternoon with nowhere to be.

At the historic Finca El Drago, families, friends and couples gather to experience Tenerife at a gentler pace.

Surrounded by nature, beauty and the simple joy of being together.

A place to regenerate, reconnect & expand in joy.

Discover how Almaíso can become part of your summer story.

—

Algunas vacaciones están llenas de planes.
Otras dejan espacio para lo que realmente importa.

La luz de la mañana entre los árboles.
Una comida compartida.
Un rincón tranquilo para leer.
Niños corriendo libres por el jardín.
Una tarde sin prisas y sin horarios.

En la histórica Finca El Drago, familias, amigos y parejas se reúnen para vivir Tenerife a un ritmo más amable.

Rodeados de naturaleza, belleza y la simple alegría de estar juntos.

Un lugar para regenerarse, reconectar y expandirse con alegría.

Descubre cómo Almaíso puede formar parte de tu historia este verano.

#Almaíso #Tenerife #ConsciousTravel #SlowTravel",16,"06/05/2026 02:00",N/A,https://www.facebook.com/reel/4382113328727933/,1,0,Videos,,,,,06/23/2026,0,0,0,0,0,0,0,0,0,0,0,0,0,0,0,0,0,0,0,0,0,0,0,0,0,0,0
1514152773746835,100054563795107,"Almaíso at Finca El Drago","Some holidays are filled with plans.
Others leave space for what matters.

Morning light through the trees.
A shared meal.
A quiet corner to read.
Children running freely through the garden.
An afternoon with nowhere to be.

At the historic Finca El Drago, families, friends and couples gather to experience Tenerife at a gentler pace.

Surrounded by nature, beauty and the simple joy of being together.

A place to regenerate, reconnect & expand in joy.

Discover how Almaíso can become part of your summer story.

—

Algunas vacaciones están llenas de planes.
Otras dejan espacio para lo que realmente importa.

La luz de la mañana entre los árboles.
Una comida compartida.
Un rincón tranquilo para leer.
Niños corriendo libres por el jardín.
Una tarde sin prisas y sin horarios.

En la histórica Finca El Drago, familias, amigos y parejas se reúnen para vivir Tenerife a un ritmo más amable.

Rodeados de naturaleza, belleza y la simple alegría de estar juntos.

Un lugar para regenerarse, reconectar y expandirse con alegría.

Descubre cómo Almaíso puede formar parte de tu historia este verano.

#Almaíso #Tenerife #ConsciousTravel #SlowTravel","Some holidays are filled with plans.
Others leave space for what matters.

Morning light through the trees.
A shared meal.
A quiet corner to read.
Children running freely through the garden.
An afternoon with nowhere to be.

At the historic Finca El Drago, families, friends and couples gather to experience Tenerife at a gentler pace.

Surrounded by nature, beauty and the simple joy of being together.

A place to regenerate, reconnect & expand in joy.

Discover how Almaíso can become part of your summer story.

—

Algunas vacaciones están llenas de planes.
Otras dejan espacio para lo que realmente importa.

La luz de la mañana entre los árboles.
Una comida compartida.
Un rincón tranquilo para leer.
Niños corriendo libres por el jardín.
Una tarde sin prisas y sin horarios.

En la histórica Finca El Drago, familias, amigos y parejas se reúnen para vivir Tenerife a un ritmo más amable.

Rodeados de naturaleza, belleza y la simple alegría de estar juntos.

Un lugar para regenerarse, reconectar y expandirse con alegría.

Descubre cómo Almaíso puede formar parte de tu historia este verano.

#Almaíso #Tenerife #ConsciousTravel #SlowTravel",16,"06/05/2026 02:00",N/A,https://www.facebook.com/reel/4382113328727933/,1,0,Videos,,,,,06/24/2026,0,0,0,0,0,0,0,0,0,0,0,0,0,0,0,0,0,0,0,0,0,0,0,0,0,0,0
1514152773746835,100054563795107,"Almaíso at Finca El Drago","Some holidays are filled with plans.
Others leave space for what matters.

Morning light through the trees.
A shared meal.
A quiet corner to read.
Children running freely through the garden.
An afternoon with nowhere to be.

At the historic Finca El Drago, families, friends and couples gather to experience Tenerife at a gentler pace.

Surrounded by nature, beauty and the simple joy of being together.

A place to regenerate, reconnect & expand in joy.

Discover how Almaíso can become part of your summer story.

—

Algunas vacaciones están llenas de planes.
Otras dejan espacio para lo que realmente importa.

La luz de la mañana entre los árboles.
Una comida compartida.
Un rincón tranquilo para leer.
Niños corriendo libres por el jardín.
Una tarde sin prisas y sin horarios.

En la histórica Finca El Drago, familias, amigos y parejas se reúnen para vivir Tenerife a un ritmo más amable.

Rodeados de naturaleza, belleza y la simple alegría de estar juntos.

Un lugar para regenerarse, reconectar y expandirse con alegría.

Descubre cómo Almaíso puede formar parte de tu historia este verano.

#Almaíso #Tenerife #ConsciousTravel #SlowTravel","Some holidays are filled with plans.
Others leave space for what matters.

Morning light through the trees.
A shared meal.
A quiet corner to read.
Children running freely through the garden.
An afternoon with nowhere to be.

At the historic Finca El Drago, families, friends and couples gather to experience Tenerife at a gentler pace.

Surrounded by nature, beauty and the simple joy of being together.

A place to regenerate, reconnect & expand in joy.

Discover how Almaíso can become part of your summer story.

—

Algunas vacaciones están llenas de planes.
Otras dejan espacio para lo que realmente importa.

La luz de la mañana entre los árboles.
Una comida compartida.
Un rincón tranquilo para leer.
Niños corriendo libres por el jardín.
Una tarde sin prisas y sin horarios.

En la histórica Finca El Drago, familias, amigos y parejas se reúnen para vivir Tenerife a un ritmo más amable.

Rodeados de naturaleza, belleza y la simple alegría de estar juntos.

Un lugar para regenerarse, reconectar y expandirse con alegría.

Descubre cómo Almaíso puede formar parte de tu historia este verano.

#Almaíso #Tenerife #ConsciousTravel #SlowTravel",16,"06/05/2026 02:00",N/A,https://www.facebook.com/reel/4382113328727933/,1,0,Videos,,,,,06/25/2026,0,0,0,0,0,0,0,0,0,0,0,0,0,0,0,0,0,0,0,0,0,0,0,0,0,0,0
1514152773746835,100054563795107,"Almaíso at Finca El Drago","Some holidays are filled with plans.
Others leave space for what matters.

Morning light through the trees.
A shared meal.
A quiet corner to read.
Children running freely through the garden.
An afternoon with nowhere to be.

At the historic Finca El Drago, families, friends and couples gather to experience Tenerife at a gentler pace.

Surrounded by nature, beauty and the simple joy of being together.

A place to regenerate, reconnect & expand in joy.

Discover how Almaíso can become part of your summer story.

—

Algunas vacaciones están llenas de planes.
Otras dejan espacio para lo que realmente importa.

La luz de la mañana entre los árboles.
Una comida compartida.
Un rincón tranquilo para leer.
Niños corriendo libres por el jardín.
Una tarde sin prisas y sin horarios.

En la histórica Finca El Drago, familias, amigos y parejas se reúnen para vivir Tenerife a un ritmo más amable.

Rodeados de naturaleza, belleza y la simple alegría de estar juntos.

Un lugar para regenerarse, reconectar y expandirse con alegría.

Descubre cómo Almaíso puede formar parte de tu historia este verano.

#Almaíso #Tenerife #ConsciousTravel #SlowTravel","Some holidays are filled with plans.
Others leave space for what matters.

Morning light through the trees.
A shared meal.
A quiet corner to read.
Children running freely through the garden.
An afternoon with nowhere to be.

At the historic Finca El Drago, families, friends and couples gather to experience Tenerife at a gentler pace.

Surrounded by nature, beauty and the simple joy of being together.

A place to regenerate, reconnect & expand in joy.

Discover how Almaíso can become part of your summer story.

—

Algunas vacaciones están llenas de planes.
Otras dejan espacio para lo que realmente importa.

La luz de la mañana entre los árboles.
Una comida compartida.
Un rincón tranquilo para leer.
Niños corriendo libres por el jardín.
Una tarde sin prisas y sin horarios.

En la histórica Finca El Drago, familias, amigos y parejas se reúnen para vivir Tenerife a un ritmo más amable.

Rodeados de naturaleza, belleza y la simple alegría de estar juntos.

Un lugar para regenerarse, reconectar y expandirse con alegría.

Descubre cómo Almaíso puede formar parte de tu historia este verano.

#Almaíso #Tenerife #ConsciousTravel #SlowTravel",16,"06/05/2026 02:00",N/A,https://www.facebook.com/reel/4382113328727933/,1,0,Videos,,,,,06/26/2026,1,0,1,0,0,1,0,0,0,0,16.529,0,0,0,16.529,0,0,0,0,0,0,0,16.529,16.529,0,0,0
1514152773746835,100054563795107,"Almaíso at Finca El Drago","Some holidays are filled with plans.
Others leave space for what matters.

Morning light through the trees.
A shared meal.
A quiet corner to read.
Children running freely through the garden.
An afternoon with nowhere to be.

At the historic Finca El Drago, families, friends and couples gather to experience Tenerife at a gentler pace.

Surrounded by nature, beauty and the simple joy of being together.

A place to regenerate, reconnect & expand in joy.

Discover how Almaíso can become part of your summer story.

—

Algunas vacaciones están llenas de planes.
Otras dejan espacio para lo que realmente importa.

La luz de la mañana entre los árboles.
Una comida compartida.
Un rincón tranquilo para leer.
Niños corriendo libres por el jardín.
Una tarde sin prisas y sin horarios.

En la histórica Finca El Drago, familias, amigos y parejas se reúnen para vivir Tenerife a un ritmo más amable.

Rodeados de naturaleza, belleza y la simple alegría de estar juntos.

Un lugar para regenerarse, reconectar y expandirse con alegría.

Descubre cómo Almaíso puede formar parte de tu historia este verano.

#Almaíso #Tenerife #ConsciousTravel #SlowTravel","Some holidays are filled with plans.
Others leave space for what matters.

Morning light through the trees.
A shared meal.
A quiet corner to read.
Children running freely through the garden.
An afternoon with nowhere to be.

At the historic Finca El Drago, families, friends and couples gather to experience Tenerife at a gentler pace.

Surrounded by nature, beauty and the simple joy of being together.

A place to regenerate, reconnect & expand in joy.

Discover how Almaíso can become part of your summer story.

—

Algunas vacaciones están llenas de planes.
Otras dejan espacio para lo que realmente importa.

La luz de la mañana entre los árboles.
Una comida compartida.
Un rincón tranquilo para leer.
Niños corriendo libres por el jardín.
Una tarde sin prisas y sin horarios.

En la histórica Finca El Drago, familias, amigos y parejas se reúnen para vivir Tenerife a un ritmo más amable.

Rodeados de naturaleza, belleza y la simple alegría de estar juntos.

Un lugar para regenerarse, reconectar y expandirse con alegría.

Descubre cómo Almaíso puede formar parte de tu historia este verano.

#Almaíso #Tenerife #ConsciousTravel #SlowTravel",16,"06/05/2026 02:00",N/A,https://www.facebook.com/reel/4382113328727933/,1,0,Videos,,,,,06/27/2026,0,0,0,0,0,0,0,0,0,0,0,0,0,0,0,0,0,0,0,0,0,0,0,0,0,0,0
1514152773746835,100054563795107,"Almaíso at Finca El Drago","Some holidays are filled with plans.
Others leave space for what matters.

Morning light through the trees.
A shared meal.
A quiet corner to read.
Children running freely through the garden.
An afternoon with nowhere to be.

At the historic Finca El Drago, families, friends and couples gather to experience Tenerife at a gentler pace.

Surrounded by nature, beauty and the simple joy of being together.

A place to regenerate, reconnect & expand in joy.

Discover how Almaíso can become part of your summer story.

—

Algunas vacaciones están llenas de planes.
Otras dejan espacio para lo que realmente importa.

La luz de la mañana entre los árboles.
Una comida compartida.
Un rincón tranquilo para leer.
Niños corriendo libres por el jardín.
Una tarde sin prisas y sin horarios.

En la histórica Finca El Drago, familias, amigos y parejas se reúnen para vivir Tenerife a un ritmo más amable.

Rodeados de naturaleza, belleza y la simple alegría de estar juntos.

Un lugar para regenerarse, reconectar y expandirse con alegría.

Descubre cómo Almaíso puede formar parte de tu historia este verano.

#Almaíso #Tenerife #ConsciousTravel #SlowTravel","Some holidays are filled with plans.
Others leave space for what matters.

Morning light through the trees.
A shared meal.
A quiet corner to read.
Children running freely through the garden.
An afternoon with nowhere to be.

At the historic Finca El Drago, families, friends and couples gather to experience Tenerife at a gentler pace.

Surrounded by nature, beauty and the simple joy of being together.

A place to regenerate, reconnect & expand in joy.

Discover how Almaíso can become part of your summer story.

—

Algunas vacaciones están llenas de planes.
Otras dejan espacio para lo que realmente importa.

La luz de la mañana entre los árboles.
Una comida compartida.
Un rincón tranquilo para leer.
Niños corriendo libres por el jardín.
Una tarde sin prisas y sin horarios.

En la histórica Finca El Drago, familias, amigos y parejas se reúnen para vivir Tenerife a un ritmo más amable.

Rodeados de naturaleza, belleza y la simple alegría de estar juntos.

Un lugar para regenerarse, reconectar y expandirse con alegría.

Descubre cómo Almaíso puede formar parte de tu historia este verano.

#Almaíso #Tenerife #ConsciousTravel #SlowTravel",16,"06/05/2026 02:00",N/A,https://www.facebook.com/reel/4382113328727933/,1,0,Videos,,,,,06/28/2026,0,0,0,0,0,0,0,0,0,0,0,0,0,0,0,0,0,0,0,0,0,0,0,0,0,0,0
1514152773746835,100054563795107,"Almaíso at Finca El Drago","Some holidays are filled with plans.
Others leave space for what matters.

Morning light through the trees.
A shared meal.
A quiet corner to read.
Children running freely through the garden.
An afternoon with nowhere to be.

At the historic Finca El Drago, families, friends and couples gather to experience Tenerife at a gentler pace.

Surrounded by nature, beauty and the simple joy of being together.

A place to regenerate, reconnect & expand in joy.

Discover how Almaíso can become part of your summer story.

—

Algunas vacaciones están llenas de planes.
Otras dejan espacio para lo que realmente importa.

La luz de la mañana entre los árboles.
Una comida compartida.
Un rincón tranquilo para leer.
Niños corriendo libres por el jardín.
Una tarde sin prisas y sin horarios.

En la histórica Finca El Drago, familias, amigos y parejas se reúnen para vivir Tenerife a un ritmo más amable.

Rodeados de naturaleza, belleza y la simple alegría de estar juntos.

Un lugar para regenerarse, reconectar y expandirse con alegría.

Descubre cómo Almaíso puede formar parte de tu historia este verano.

#Almaíso #Tenerife #ConsciousTravel #SlowTravel","Some holidays are filled with plans.
Others leave space for what matters.

Morning light through the trees.
A shared meal.
A quiet corner to read.
Children running freely through the garden.
An afternoon with nowhere to be.

At the historic Finca El Drago, families, friends and couples gather to experience Tenerife at a gentler pace.

Surrounded by nature, beauty and the simple joy of being together.

A place to regenerate, reconnect & expand in joy.

Discover how Almaíso can become part of your summer story.

—

Algunas vacaciones están llenas de planes.
Otras dejan espacio para lo que realmente importa.

La luz de la mañana entre los árboles.
Una comida compartida.
Un rincón tranquilo para leer.
Niños corriendo libres por el jardín.
Una tarde sin prisas y sin horarios.

En la histórica Finca El Drago, familias, amigos y parejas se reúnen para vivir Tenerife a un ritmo más amable.

Rodeados de naturaleza, belleza y la simple alegría de estar juntos.

Un lugar para regenerarse, reconectar y expandirse con alegría.

Descubre cómo Almaíso puede formar parte de tu historia este verano.

#Almaíso #Tenerife #ConsciousTravel #SlowTravel",16,"06/05/2026 02:00",N/A,https://www.facebook.com/reel/4382113328727933/,1,0,Videos,,,,,06/29/2026,0,0,0,0,0,0,0,0,0,0,0,0,0,0,0,0,0,0,0,0,0,0,0,0,0,0,0
1514152773746835,100054563795107,"Almaíso at Finca El Drago","Some holidays are filled with plans.
Others leave space for what matters.

Morning light through the trees.
A shared meal.
A quiet corner to read.
Children running freely through the garden.
An afternoon with nowhere to be.

At the historic Finca El Drago, families, friends and couples gather to experience Tenerife at a gentler pace.

Surrounded by nature, beauty and the simple joy of being together.

A place to regenerate, reconnect & expand in joy.

Discover how Almaíso can become part of your summer story.

—

Algunas vacaciones están llenas de planes.
Otras dejan espacio para lo que realmente importa.

La luz de la mañana entre los árboles.
Una comida compartida.
Un rincón tranquilo para leer.
Niños corriendo libres por el jardín.
Una tarde sin prisas y sin horarios.

En la histórica Finca El Drago, familias, amigos y parejas se reúnen para vivir Tenerife a un ritmo más amable.

Rodeados de naturaleza, belleza y la simple alegría de estar juntos.

Un lugar para regenerarse, reconectar y expandirse con alegría.

Descubre cómo Almaíso puede formar parte de tu historia este verano.

#Almaíso #Tenerife #ConsciousTravel #SlowTravel","Some holidays are filled with plans.
Others leave space for what matters.

Morning light through the trees.
A shared meal.
A quiet corner to read.
Children running freely through the garden.
An afternoon with nowhere to be.

At the historic Finca El Drago, families, friends and couples gather to experience Tenerife at a gentler pace.

Surrounded by nature, beauty and the simple joy of being together.

A place to regenerate, reconnect & expand in joy.

Discover how Almaíso can become part of your summer story.

—

Algunas vacaciones están llenas de planes.
Otras dejan espacio para lo que realmente importa.

La luz de la mañana entre los árboles.
Una comida compartida.
Un rincón tranquilo para leer.
Niños corriendo libres por el jardín.
Una tarde sin prisas y sin horarios.

En la histórica Finca El Drago, familias, amigos y parejas se reúnen para vivir Tenerife a un ritmo más amable.

Rodeados de naturaleza, belleza y la simple alegría de estar juntos.

Un lugar para regenerarse, reconectar y expandirse con alegría.

Descubre cómo Almaíso puede formar parte de tu historia este verano.

#Almaíso #Tenerife #ConsciousTravel #SlowTravel",16,"06/05/2026 02:00",N/A,https://www.facebook.com/reel/4382113328727933/,1,0,Videos,,,,,06/30/2026,0,0,0,0,0,0,0,0,0,0,1.764,0,0,0,1.764,0,0,0,0,0,0,0,1.764,1.764,0,0,0
